Job ID,Cluster,User/Group,State,Nodes,Cores per node,CPU Utilized,CPU Efficiency,Job Wall-clock time,Memory Utilized,Memory Efficiency,Cores,Array Job ID,WARNING
70000,ihealth-cluster,bllancao/bllancao,COMPLETED (exit code 0),1,20,00:09:43,26.50,00:01:50,15.88,15.88,,,
70001,ihealth-cluster,bllancao/bllancao,COMPLETED (exit code 0),1,20,00:09:35,25.44,00:01:53,14.74,14.74,,,
70002,ihealth-cluster,bllancao/bllancao,COMPLETED (exit code 0),1,20,00:09:30,25.68,00:01:51,15.21,15.21,,,
70003,ihealth-cluster,bllancao/bllancao,COMPLETED (exit code 0),1,20,00:09:40,26.13,00:01:51,14.39,14.39,,,
70004,ihealth-cluster,bllancao/bllancao,COMPLETED (exit code 0),1,20,00:09:47,26.44,00:01:51,16.18,16.18,,,
70005,ihealth-cluster,bllancao/bllancao,COMPLETED (exit code 0),1,20,00:09:48,26.25,00:01:52,15.31,15.31,,,
70006,ihealth-cluster,bllancao/bllancao,COMPLETED (exit code 0),1,20,00:09:29,25.63,00:01:51,16.25,16.25,,,
70007,ihealth-cluster,bllancao/bllancao,COMPLETED (exit code 0),1,20,00:09:47,26.68,00:01:50,15.51,15.51,,,
70008,ihealth-cluster,bllancao/bllancao,COMPLETED (exit code 0),1,20,00:09:45,25.22,00:01:56,14.79,14.79,,,
70009,ihealth-cluster,bllancao/bllancao,COMPLETED (exit code 0),1,20,00:09:51,26.38,00:01:52,14.77,14.77,,,
70010,ihealth-cluster,bllancao/bllancao,COMPLETED (exit code 0),1,20,00:09:51,26.62,00:01:51,15.17,15.17,,,
70011,ihealth-cluster,bllancao/bllancao,COMPLETED (exit code 0),1,20,00:09:25,25.22,00:01:52,16.06,16.06,,,
70012,ihealth-cluster,bllancao/bllancao,COMPLETED (exit code 0),1,20,00:09:42,26.22,00:01:51,15.57,15.57,,,
70013,ihealth-cluster,bllancao/bllancao,COMPLETED (exit code 0),1,20,00:09:42,26.22,00:01:51,15.37,15.37,,,
70014,ihealth-cluster,bllancao/bllancao,COMPLETED (exit code 0),1,20,00:09:36,26.18,00:01:50,15.38,15.38,,,
70015,ihealth-cluster,bllancao/bllancao,COMPLETED (exit code 0),1,20,00:09:49,26.53,00:01:51,15.45,15.45,,,
70016,ihealth-cluster,bllancao/bllancao,COMPLETED (exit code 0),1,20,00:09:36,26.67,00:01:48,16.04,16.04,,,
70017,ihealth-cluster,bllancao/bllancao,COMPLETED (exit code 0),1,20,00:09:46,25.70,00:01:54,15.48,15.48,,,
70018,ihealth-cluster,bllancao/bllancao,COMPLETED (exit code 0),1,20,00:09:42,26.70,00:01:49,15.85,15.85,,,
70019,ihealth-cluster,bllancao/bllancao,COMPLETED (exit code 0),1,20,00:10:00,26.79,00:01:52,27.56,27.56,,,
70020,ihealth-cluster,bllancao/bllancao,COMPLETED (exit code 0),1,20,00:09:43,26.26,00:01:51,16.25,16.25,,,
70021,ihealth-cluster,maparegal/maparegal,FAILED (exit code 130),1,2,00:00:08,0.34,00:19:22,704.72 MB,3.44,,,
70022,ihealth-cluster,bllancao/bllancao,FAILED (exit code 1),1,20,01:12:11,43.57,00:08:17,99.95,99.95,,,
70023,ihealth-cluster,bllancao/bllancao,FAILED (exit code 1),1,20,01:15:16,46.65,00:08:04,99.95,99.95,,,
70024,ihealth-cluster,bllancao/bllancao,FAILED (exit code 1),1,20,02:14:07,44.66,00:15:01,99.95,99.95,,,
70025,ihealth-cluster,bllancao/bllancao,FAILED (exit code 1),1,20,01:18:17,48.62,00:08:03,99.94,99.94,,,
70026,ihealth-cluster,maparegal/maparegal,FAILED (exit code 1),1,2,00:00:25,48.08,00:00:26,608.00 KB,0.00,,,
70027,ihealth-cluster,maparegal/maparegal,FAILED (exit code 1),1,2,00:00:24,48.00,00:00:25,92.00 KB,0.00,,,
70028,ihealth-cluster,maparegal/maparegal,CANCELLED (exit code 0),1,2,05:36:15,54.06,05:11:01,10.23,51.17,,,
70029,ihealth-cluster,dcampanini/dcampanini,FAILED (exit code 1),1,4,00:00:09,11.84,00:00:19,57.93 MB,0.35,,,
70030,ihealth-cluster,dcampanini/dcampanini,COMPLETED (exit code 0),1,4,00:10:02,24.75,00:10:08,13.50,84.38,,,
70031,ihealth-cluster,cgrivera/cgrivera,FAILED (exit code 1),1,2,00:00:05,35.71,00:00:07,464.00 KB,0.00,,,
70032,ihealth-cluster,cgrivera/cgrivera,COMPLETED (exit code 0),1,2,00:01:01,82.43,00:00:37,2.47,12.33,,,
70033,ihealth-cluster,cgrivera/cgrivera,COMPLETED (exit code 0),1,2,00:01:17,80.21,00:00:48,2.56,12.82,,,
70034,ihealth-cluster,cgrivera/cgrivera,COMPLETED (exit code 0),1,2,00:06:12,49.73,00:06:14,959.23 MB,1.87,,,
70035,ihealth-cluster,maparegal/maparegal,CANCELLED (exit code 0),1,2,05:06:48,56.33,04:32:20,10.23,51.14,,,
70036,ihealth-cluster,bllancao/bllancao,CANCELLED (exit code 0),1,20,00:02:05,23.15,00:00:27,5.59,5.59,,,
70037,ihealth-cluster,bllancao/bllancao,FAILED (exit code 1),1,20,01:14:55,45.50,00:08:14,99.95,99.95,,,
70038,ihealth-cluster,bllancao/bllancao,FAILED (exit code 1),1,20,01:15:43,47.62,00:07:57,99.95,99.95,,,
70039,ihealth-cluster,bllancao/bllancao,FAILED (exit code 1),1,20,01:16:29,47.90,00:07:59,99.95,99.95,,,
70040,ihealth-cluster,bllancao/bllancao,FAILED (exit code 1),1,20,01:17:16,48.70,00:07:56,99.95,99.95,,,
70041,ihealth-cluster,bllancao/bllancao,FAILED (exit code 1),1,20,01:15:11,45.20,00:08:19,99.95,99.95,,,
70042,ihealth-cluster,dcampanini/dcampanini,COMPLETED (exit code 0),1,4,10:13:10,24.98,10:13:44,15.97,99.83,,,
70043,ihealth-cluster,bllancao/bllancao,FAILED (exit code 1),1,20,01:17:51,48.06,00:08:06,99.92,99.92,,,
70044,ihealth-cluster,bllancao/bllancao,FAILED (exit code 1),1,20,01:17:36,48.40,00:08:01,99.95,99.95,,,
70045,ihealth-cluster,bllancao/bllancao,FAILED (exit code 1),1,20,01:17:15,47.88,00:08:04,99.95,99.95,,,
70046,ihealth-cluster,bllancao/bllancao,FAILED (exit code 1),1,20,01:16:34,45.58,00:08:24,99.95,99.95,,,
70047,ihealth-cluster,bllancao/bllancao,FAILED (exit code 1),1,20,01:17:26,48.00,00:08:04,99.95,99.95,,,
70048,ihealth-cluster,cgrivera/cgrivera,COMPLETED (exit code 0),1,2,00:04:53,49.66,00:04:55,1023.45 MB,2.00,,,
70049,ihealth-cluster,bllancao/bllancao,CANCELLED (exit code 0),1,20,00:49:01,58.35,00:04:12,84.74,84.74,,,
70050,ihealth-cluster,bllancao/bllancao,CANCELLED (exit code 0),,,00:00:00,0.00,00:00:00,0.00 MB (estimated maximum),0.00,1,,
70051,ihealth-cluster,bllancao/bllancao,CANCELLED (exit code 0),,,00:00:00,0.00,00:00:00,0.00 MB (estimated maximum),0.00,1,,
70052,ihealth-cluster,bllancao/bllancao,CANCELLED (exit code 0),,,00:00:00,0.00,00:00:00,0.00 MB (estimated maximum),0.00,1,,
70053,ihealth-cluster,bllancao/bllancao,CANCELLED (exit code 0),,,00:00:00,0.00,00:00:00,0.00 MB (estimated maximum),0.00,1,,
70054,ihealth-cluster,bllancao/bllancao,CANCELLED (exit code 0),,,00:00:00,0.00,00:00:00,0.00 MB (estimated maximum),0.00,1,,
70055,ihealth-cluster,bllancao/bllancao,CANCELLED (exit code 0),,,00:00:00,0.00,00:00:00,0.00 MB (estimated maximum),0.00,1,,
70056,ihealth-cluster,bllancao/bllancao,CANCELLED (exit code 0),,,00:00:00,0.00,00:00:00,0.00 MB (estimated maximum),0.00,1,,
70057,ihealth-cluster,bllancao/bllancao,CANCELLED (exit code 0),,,00:00:00,0.00,00:00:00,0.00 MB (estimated maximum),0.00,1,,
70058,ihealth-cluster,cgvallea/cgvallea,FAILED (exit code 2),1,2,00:00:01,16.67,00:00:03,396.00 KB,0.00,,,
70059,ihealth-cluster,cgvallea/cgvallea,FAILED (exit code 1),1,2,00:00:02,33.33,00:00:03,106.18 MB,0.32,,,
70060,ihealth-cluster,cgvallea/cgvallea,FAILED (exit code 1),1,2,00:00:03,37.50,00:00:04,6.13 MB,0.02,,,
70061,ihealth-cluster,cgvallea/cgvallea,FAILED (exit code 1),1,2,00:00:01,25.00,00:00:02,60.00 KB,0.00,,,
70062,ihealth-cluster,bllancao/bllancao,CANCELLED (exit code 0),,,00:00:00,0.00,00:00:00,0.00 MB (estimated maximum),0.00,1,,
70063,ihealth-cluster,bllancao/bllancao,FAILED (exit code 1),1,20,07:55:22,86.27,00:27:33,99.95,99.95,,,
70064,ihealth-cluster,bllancao/bllancao,FAILED (exit code 1),1,20,01:16:03,48.34,00:07:52,99.95,99.95,,,
70065,ihealth-cluster,bllancao/bllancao,CANCELLED (exit code 0),1,20,00:20:09,51.67,00:01:57,36.83,36.83,,,
70066,ihealth-cluster,cgvallea/cgvallea,FAILED (exit code 1),1,2,00:00:04,40.00,00:00:05,1.90 MB,0.01,,,
70067,ihealth-cluster,maparegal/maparegal,FAILED (exit code 1),1,2,00:00:24,48.00,00:00:25,116.00 KB,0.00,,,
70068,ihealth-cluster,cgvallea/cgvallea,FAILED (exit code 1),1,2,00:00:02,33.33,00:00:03,104.96 MB,0.32,,,
70069,ihealth-cluster,cgvallea/cgvallea,FAILED (exit code 1),1,2,00:00:02,33.33,00:00:03,104.84 MB,0.32,,,
70070,ihealth-cluster,bllancao/bllancao,CANCELLED (exit code 0),,,00:00:00,0.00,00:00:00,0.00 MB (estimated maximum),0.00,1,,
70071,ihealth-cluster,bllancao/bllancao,CANCELLED (exit code 0),,,00:00:00,0.00,00:00:00,0.00 MB (estimated maximum),0.00,1,,
70072,ihealth-cluster,bllancao/bllancao,CANCELLED (exit code 0),,,00:00:00,0.00,00:00:00,0.00 MB (estimated maximum),0.00,1,,
70073,ihealth-cluster,bllancao/bllancao,CANCELLED (exit code 0),,,00:00:00,0.00,00:00:00,0.00 MB (estimated maximum),0.00,1,,
70074,ihealth-cluster,bllancao/bllancao,CANCELLED (exit code 0),,,00:00:00,0.00,00:00:00,0.00 MB (estimated maximum),0.00,1,,
70075,ihealth-cluster,bllancao/bllancao,CANCELLED (exit code 0),,,00:00:00,0.00,00:00:00,0.00 MB (estimated maximum),0.00,1,,
70076,ihealth-cluster,bllancao/bllancao,CANCELLED (exit code 0),,,00:00:00,0.00,00:00:00,0.00 MB (estimated maximum),0.00,1,,
70077,ihealth-cluster,bllancao/bllancao,CANCELLED (exit code 0),,,00:00:00,0.00,00:00:00,0.00 MB (estimated maximum),0.00,1,,
70078,ihealth-cluster,bllancao/bllancao,CANCELLED (exit code 0),1,20,13:13:59,98.31,00:40:23,99.95,99.95,,,
70079,ihealth-cluster,bllancao/bllancao,CANCELLED (exit code 0),,,00:00:00,0.00,00:00:00,0.00 MB (estimated maximum),0.00,1,,
70080,ihealth-cluster,bllancao/bllancao,CANCELLED (exit code 0),,,00:00:00,0.00,00:00:00,0.00 MB (estimated maximum),0.00,1,,
70081,ihealth-cluster,bllancao/bllancao,CANCELLED (exit code 0),,,00:00:00,0.00,00:00:00,0.00 MB (estimated maximum),0.00,1,,
70082,ihealth-cluster,bllancao/bllancao,CANCELLED (exit code 0),,,00:00:00,0.00,00:00:00,0.00 MB (estimated maximum),0.00,1,,
70083,ihealth-cluster,bllancao/bllancao,CANCELLED (exit code 0),,,00:00:00,0.00,00:00:00,0.00 MB (estimated maximum),0.00,1,,
70084,ihealth-cluster,bllancao/bllancao,CANCELLED (exit code 0),,,00:00:00,0.00,00:00:00,0.00 MB (estimated maximum),0.00,1,,
70085,ihealth-cluster,bllancao/bllancao,CANCELLED (exit code 0),,,00:00:00,0.00,00:00:00,0.00 MB (estimated maximum),0.00,1,,
70086,ihealth-cluster,bllancao/bllancao,CANCELLED (exit code 0),,,00:00:00,0.00,00:00:00,0.00 MB (estimated maximum),0.00,1,,
70087,ihealth-cluster,bllancao/bllancao,CANCELLED (exit code 0),,,00:00:00,0.00,00:00:00,0.00 MB (estimated maximum),0.00,1,,
70088,ihealth-cluster,dibarrera/dibarrera,FAILED (exit code 1),1,10,00:00:05,8.33,00:00:06,348.87 MB,0.34,,,
70089,ihealth-cluster,bllancao/bllancao,FAILED (exit code 1),1,20,15:50:01,98.45,00:48:15,99.95,99.95,,,
70090,ihealth-cluster,bllancao/bllancao,TIMEOUT (exit code 0),1,20,19:29:17,96.79,01:00:24,99.95,99.95,,,
70091,ihealth-cluster,bllancao/bllancao,FAILED (exit code 1),1,20,05:24:22,95.97,00:16:54,99.95,99.95,,,
70092,ihealth-cluster,bllancao/bllancao,COMPLETED (exit code 0),1,20,01:54:12,82.95,00:06:53,99.73,99.73,,,
70093,ihealth-cluster,bllancao/bllancao,COMPLETED (exit code 0),1,20,00:06:12,34.44,00:00:54,5.51,5.51,,,
70094,ihealth-cluster,bllancao/bllancao,COMPLETED (exit code 0),1,20,00:06:05,37.24,00:00:49,4.67,4.67,,,
70095,ihealth-cluster,bllancao/bllancao,COMPLETED (exit code 0),1,20,00:05:59,35.20,00:00:51,4.68,4.68,,,
70096,ihealth-cluster,bllancao/bllancao,COMPLETED (exit code 0),1,20,00:06:11,37.10,00:00:50,4.68,4.68,,,
70097,ihealth-cluster,bllancao/bllancao,COMPLETED (exit code 0),1,20,00:05:54,34.71,00:00:51,4.22,4.22,,,
70098,ihealth-cluster,bllancao/bllancao,COMPLETED (exit code 0),1,20,00:06:15,36.76,00:00:51,4.68,4.68,,,
70099,ihealth-cluster,maparegal/maparegal,FAILED (exit code 1),1,2,03:50:57,56.66,03:23:48,10.20,50.99,,,
70100,ihealth-cluster,maparegal/maparegal,CANCELLED (exit code 0),1,2,03:44:42,56.85,03:17:38,10.10,50.52,,,
70101,ihealth-cluster,bllancao/bllancao,FAILED (exit code 1),1,20,00:05:59,38.19,00:00:47,4.67,4.67,,,
70102,ihealth-cluster,bllancao/bllancao,FAILED (exit code 1),1,20,00:06:12,40.43,00:00:46,4.67,4.67,,,
70103,ihealth-cluster,bllancao/bllancao,CANCELLED (exit code 0),1,20,00:05:55,38.59,00:00:46,4.67,4.67,,,
70104,ihealth-cluster,bllancao/bllancao,CANCELLED (exit code 0),,,00:00:00,0.00,00:00:00,0.00 MB (estimated maximum),0.00,1,,
70105,ihealth-cluster,bllancao/bllancao,CANCELLED (exit code 0),,,00:00:00,0.00,00:00:00,0.00 MB (estimated maximum),0.00,1,,
70106,ihealth-cluster,bllancao/bllancao,CANCELLED (exit code 0),,,00:00:00,0.00,00:00:00,0.00 MB (estimated maximum),0.00,1,,
70107,ihealth-cluster,bllancao/bllancao,CANCELLED (exit code 0),,,00:00:00,0.00,00:00:00,0.00 MB (estimated maximum),0.00,1,,
70108,ihealth-cluster,bllancao/bllancao,CANCELLED (exit code 0),,,00:00:00,0.00,00:00:00,0.00 MB (estimated maximum),0.00,1,,
70109,ihealth-cluster,bllancao/bllancao,FAILED (exit code 1),1,20,13:28:13,98.28,00:41:07,99.95,99.95,,,
70110,ihealth-cluster,bllancao/bllancao,FAILED (exit code 1),1,20,00:26:37,73.26,00:01:49,25.43,25.43,,,
70111,ihealth-cluster,bllancao/bllancao,FAILED (exit code 1),1,20,00:34:58,77.70,00:02:15,34.87,34.87,,,
70112,ihealth-cluster,bllancao/bllancao,FAILED (exit code 1),1,20,00:52:01,82.13,00:03:10,49.99,49.99,,,
70113,ihealth-cluster,bllancao/bllancao,FAILED (exit code 1),1,20,00:53:14,83.18,00:03:12,51.55,51.55,,,
70114,ihealth-cluster,bllancao/bllancao,CANCELLED (exit code 0),1,20,00:29:25,78.10,00:01:53,37.33,37.33,,,
70115,ihealth-cluster,bllancao/bllancao,CANCELLED (exit code 0),,,00:00:00,0.00,00:00:00,0.00 MB (estimated maximum),0.00,1,,
70116,ihealth-cluster,bllancao/bllancao,CANCELLED (exit code 0),,,00:00:00,0.00,00:00:00,0.00 MB (estimated maximum),0.00,1,,
70117,ihealth-cluster,bllancao/bllancao,CANCELLED (exit code 0),,,00:00:00,0.00,00:00:00,0.00 MB (estimated maximum),0.00,1,,
70118,ihealth-cluster,bllancao/bllancao,CANCELLED (exit code 0),,,00:00:00,0.00,00:00:00,0.00 MB (estimated maximum),0.00,1,,
70119,ihealth-cluster,bllancao/bllancao,CANCELLED (exit code 0),,,00:00:00,0.00,00:00:00,0.00 MB (estimated maximum),0.00,1,,
70120,ihealth-cluster,bllancao/bllancao,TIMEOUT (exit code 0),1,20,19:32:13,97.28,01:00:15,99.95,99.95,,,
70121,ihealth-cluster,bllancao/bllancao,FAILED (exit code 1),1,20,05:13:26,96.44,00:16:15,99.95,99.95,,,
70122,ihealth-cluster,bllancao/bllancao,CANCELLED (exit code 0),1,20,00:05:13,41.18,00:00:38,4.68,4.68,,,
70123,ihealth-cluster,bllancao/bllancao,CANCELLED (exit code 0),,,00:00:00,0.00,00:00:00,0.00 MB (estimated maximum),0.00,1,,
70124,ihealth-cluster,bllancao/bllancao,CANCELLED (exit code 0),,,00:00:00,0.00,00:00:00,0.00 MB (estimated maximum),0.00,1,,
70125,ihealth-cluster,bllancao/bllancao,CANCELLED (exit code 0),,,00:00:00,0.00,00:00:00,0.00 MB (estimated maximum),0.00,1,,
70126,ihealth-cluster,bllancao/bllancao,CANCELLED (exit code 0),,,00:00:00,0.00,00:00:00,0.00 MB (estimated maximum),0.00,1,,
70127,ihealth-cluster,bllancao/bllancao,CANCELLED (exit code 0),,,00:00:00,0.00,00:00:00,0.00 MB (estimated maximum),0.00,1,,
70128,ihealth-cluster,bllancao/bllancao,CANCELLED (exit code 0),,,00:00:00,0.00,00:00:00,0.00 MB (estimated maximum),0.00,1,,
70129,ihealth-cluster,maparegal/maparegal,CANCELLED (exit code 0),1,2,01:02:22,56.46,00:55:14,10.27,51.35,,,
70130,ihealth-cluster,bllancao/bllancao,CANCELLED (exit code 0),,,00:00:00,0.00,00:00:00,0.00 MB (estimated maximum),0.00,1,,
70131,ihealth-cluster,vruizval/vruizval,COMPLETED (exit code 0),1,12,1-10:08:46,60.08,04:44:10,24.87,27.63,,,
70132,ihealth-cluster,vruizval/vruizval,FAILED (exit code 1),1,12,00:00:07,8.33,00:00:07,149.24 MB,0.16,,,
70133,ihealth-cluster,vruizval/vruizval,COMPLETED (exit code 0),1,12,1-09:26:52,60.36,04:37:05,21.66,24.07,,,
70134,ihealth-cluster,maparegal/maparegal,COMPLETED (exit code 0),1,2,08:08:52,56.68,07:11:13,10.46,52.30,,,
70135,ihealth-cluster,maparegal/maparegal,CANCELLED (exit code 0),1,2,00:05:10,55.76,00:04:38,8.74,43.72,,,
70136,ihealth-cluster,maparegal/maparegal,COMPLETED (exit code 0),1,2,08:28:02,56.01,07:33:29,10.10,50.52,,,
70137,ihealth-cluster,bllancao/bllancao,CANCELLED (exit code 0),1,20,05:37:03,96.95,00:17:23,96.85,96.85,,,
70138,ihealth-cluster,bllancao/bllancao,CANCELLED (exit code 0),,,00:00:00,0.00,00:00:00,0.00 MB (estimated maximum),0.00,1,,
70139,ihealth-cluster,bllancao/bllancao,CANCELLED (exit code 0),,,00:00:00,0.00,00:00:00,0.00 MB (estimated maximum),0.00,1,,
70140,ihealth-cluster,bllancao/bllancao,CANCELLED (exit code 0),,,00:00:00,0.00,00:00:00,0.00 MB (estimated maximum),0.00,1,,
70141,ihealth-cluster,bllancao/bllancao,CANCELLED (exit code 0),,,00:00:00,0.00,00:00:00,0.00 MB (estimated maximum),0.00,1,,
70142,ihealth-cluster,bllancao/bllancao,CANCELLED (exit code 0),,,00:00:00,0.00,00:00:00,0.00 MB (estimated maximum),0.00,1,,
70143,ihealth-cluster,bllancao/bllancao,CANCELLED (exit code 0),,,00:00:00,0.00,00:00:00,0.00 MB (estimated maximum),0.00,1,,
70144,ihealth-cluster,bllancao/bllancao,CANCELLED (exit code 0),,,00:00:00,0.00,00:00:00,0.00 MB (estimated maximum),0.00,1,,
70145,ihealth-cluster,bllancao/bllancao,FAILED (exit code 1),1,20,14:19:01,98.44,00:43:38,99.95,99.95,,,
70146,ihealth-cluster,bllancao/bllancao,TIMEOUT (exit code 0),1,20,19:30:15,97.06,01:00:17,99.95,99.95,,,
70147,ihealth-cluster,bllancao/bllancao,FAILED (exit code 1),1,20,05:06:52,96.00,00:15:59,99.95,99.95,,,
70148,ihealth-cluster,bllancao/bllancao,COMPLETED (exit code 0),1,20,03:25:48,89.22,00:11:32,99.95,99.95,,,
70149,ihealth-cluster,bllancao/bllancao,COMPLETED (exit code 0),1,20,00:05:40,34.69,00:00:49,4.67,4.67,,,
70150,ihealth-cluster,vruizval/vruizval,COMPLETED (exit code 0),1,12,1-11:02:13,61.81,04:43:25,22.59,25.09,,,
70151,ihealth-cluster,vruizval/vruizval,COMPLETED (exit code 0),1,12,1-12:25:05,60.36,05:01:39,21.65,24.05,,,
70152,ihealth-cluster,pamessina/pamessina,TIMEOUT (exit code 0),1,8,00:00:13,0.02,03:00:12,399.64 MB,1.95,,,
70153,ihealth-cluster,dibarrera/dibarrera,FAILED (exit code 1),1,10,00:00:25,10.00,00:00:25,1.02 MB,0.00,,,
70154,ihealth-cluster,bllancao/bllancao,CANCELLED (exit code 0),1,20,00:00:14,2.69,00:00:26,561.00 MB,0.55,,,
70155,ihealth-cluster,bllancao/bllancao,FAILED (exit code 1),1,20,00:00:13,6.50,00:00:10,4.97 MB,0.00,,,
70156,ihealth-cluster,bllancao/bllancao,FAILED (exit code 1),1,20,00:00:11,5.50,00:00:10,2.27 MB,0.00,,,
70157,ihealth-cluster,bllancao/bllancao,FAILED (exit code 1),1,20,00:00:14,7.00,00:00:10,624.00 KB,0.00,,,
70158,ihealth-cluster,bllancao/bllancao,CANCELLED (exit code 0),1,20,00:34:10,82.66,00:02:04,31.01,31.01,,,
70159,ihealth-cluster,bllancao/bllancao,FAILED (exit code 1),1,20,04:53:30,78.83,00:18:37,99.95,99.95,,,
70160,ihealth-cluster,bllancao/bllancao,FAILED (exit code 1),1,20,04:57:31,79.83,00:18:38,99.94,99.94,,,
70161,ihealth-cluster,bllancao/bllancao,FAILED (exit code 1),1,20,04:54:21,78.70,00:18:42,99.94,99.94,,,
70162,ihealth-cluster,bllancao/bllancao,COMPLETED (exit code 0),1,20,01:45:44,66.08,00:08:00,99.94,99.94,,,
70163,ihealth-cluster,bllancao/bllancao,COMPLETED (exit code 0),1,20,00:07:02,30.58,00:01:09,5.00,5.00,,,
70164,ihealth-cluster,bllancao/bllancao,CANCELLED (exit code 0),1,20,01:29:15,80.89,00:05:31,99.95,99.95,,,
70165,ihealth-cluster,bllancao/bllancao,CANCELLED (exit code 0),,,00:00:00,0.00,00:00:00,0.00 MB (estimated maximum),0.00,1,,
70166,ihealth-cluster,bllancao/bllancao,CANCELLED (exit code 0),,,00:00:00,0.00,00:00:00,0.00 MB (estimated maximum),0.00,1,,
70167,ihealth-cluster,bllancao/bllancao,CANCELLED (exit code 0),,,00:00:00,0.00,00:00:00,0.00 MB (estimated maximum),0.00,1,,
70168,ihealth-cluster,bllancao/bllancao,CANCELLED (exit code 0),,,00:00:00,0.00,00:00:00,0.00 MB (estimated maximum),0.00,1,,
70169,ihealth-cluster,bllancao/bllancao,FAILED (exit code 1),1,20,05:00:14,81.44,00:18:26,99.94,99.94,,,
70170,ihealth-cluster,bllancao/bllancao,FAILED (exit code 1),1,20,05:00:54,81.18,00:18:32,99.94,99.94,,,
70171,ihealth-cluster,bllancao/bllancao,FAILED (exit code 1),1,20,04:59:23,80.48,00:18:36,99.94,99.94,,,
70172,ihealth-cluster,bllancao/bllancao,COMPLETED (exit code 0),1,20,01:46:08,67.32,00:07:53,99.94,99.94,,,
70173,ihealth-cluster,bllancao/bllancao,COMPLETED (exit code 0),1,20,00:06:34,29.40,00:01:07,4.59,4.59,,,
70174,ihealth-cluster,bllancao/bllancao,CANCELLED (exit code 0),,,00:00:00,0.00,00:00:00,0.00 MB (estimated maximum),0.00,1,,
70175,ihealth-cluster,bllancao/bllancao,COMPLETED (exit code 0),1,2,00:00:35,56.45,00:00:31,407.65 MB,1.33,,,
70176,ihealth-cluster,bllancao/bllancao,COMPLETED (exit code 0),1,2,00:00:18,50.00,00:00:18,48.99 MB,0.48,,,
70177,ihealth-cluster,bllancao/bllancao,COMPLETED (exit code 0),1,2,00:00:43,61.43,00:00:35,2.15,7.16,,,
70178,ihealth-cluster,bllancao/bllancao,FAILED (exit code 1),1,20,02:46:05,94.01,00:08:50,99.95,99.95,,,
70179,ihealth-cluster,bllancao/bllancao,CANCELLED (exit code 0),1,20,01:32:02,91.12,00:05:03,99.94,99.94,,,
70180,ihealth-cluster,bllancao/bllancao,CANCELLED (exit code 0),,,00:00:00,0.00,00:00:00,0.00 MB (estimated maximum),0.00,1,,
70181,ihealth-cluster,bllancao/bllancao,CANCELLED (exit code 0),,,00:00:00,0.00,00:00:00,0.00 MB (estimated maximum),0.00,1,,
70182,ihealth-cluster,bllancao/bllancao,CANCELLED (exit code 0),,,00:00:00,0.00,00:00:00,0.00 MB (estimated maximum),0.00,1,,
70183,ihealth-cluster,bllancao/bllancao,CANCELLED (exit code 0),1,20,00:10:41,57.23,00:00:56,13.91,13.91,,,
70184,ihealth-cluster,bllancao/bllancao,FAILED (exit code 1),1,20,12:45:20,98.04,00:39:02,99.95,99.95,,,
70185,ihealth-cluster,bllancao/bllancao,TIMEOUT (exit code 0),1,20,19:38:39,97.46,01:00:28,99.95,99.95,,,
70186,ihealth-cluster,bllancao/bllancao,FAILED (exit code 1),1,20,05:09:37,96.15,00:16:06,99.95,99.95,,,
70187,ihealth-cluster,bllancao/bllancao,COMPLETED (exit code 0),1,20,02:30:26,87.12,00:08:38,99.95,99.95,,,
70188,ihealth-cluster,bllancao/bllancao,COMPLETED (exit code 0),1,20,00:06:07,34.62,00:00:53,4.66,4.66,,,
70189,ihealth-cluster,maparegal/maparegal,FAILED (exit code 137),1,2,00:00:39,0.18,02:57:08,698.98 MB,3.41,,,
70190,ihealth-cluster,maparegal/maparegal,COMPLETED (exit code 0),1,2,08:54:43,55.82,07:58:58,10.13,50.67,,,
70191,ihealth-cluster,cgvallea/cgvallea,FAILED (exit code 1),1,2,00:00:04,50.00,00:00:04,95.98 MB,0.29,,,
70192,ihealth-cluster,cgvallea/cgvallea,CANCELLED (exit code 0),1,2,00:00:58,50.00,00:00:58,3.57,11.16,,,
70193,ihealth-cluster,cgvallea/cgvallea,CANCELLED (exit code 0),1,2,00:00:04,18.18,00:00:11,608.51 MB,1.86,,,
70194,ihealth-cluster,cgvallea/cgvallea,FAILED (exit code 1),1,20,00:00:06,7.50,00:00:04,824.00 KB,0.00,,,
70195,ihealth-cluster,cgvallea/cgvallea,CANCELLED (exit code 0),1,20,00:03:42,16.82,00:01:06,5.57,17.42,,,
70196,ihealth-cluster,cgvallea/cgvallea,FAILED (exit code 1),1,20,00:00:07,4.38,00:00:08,166.12 MB,0.51,,,
70197,ihealth-cluster,cgvallea/cgvallea,CANCELLED (exit code 0),1,20,00:25:46,24.08,00:05:21,13.30,41.57,,,
70198,ihealth-cluster,cgvallea/cgvallea,FAILED (exit code 1),1,20,00:00:06,7.50,00:00:04,1.01 MB,0.00,,,
70199,ihealth-cluster,cgvallea/cgvallea,OUT_OF_MEMORY (exit code 0),1,20,00:02:25,15.10,00:00:48,30.31,94.72,,,
70200,ihealth-cluster,maparegal/maparegal,FAILED (exit code 1),1,2,00:00:23,47.92,00:00:24,124.00 KB,0.00,,,
70201,ihealth-cluster,cgvallea/cgvallea,FAILED (exit code 1),1,20,00:00:06,7.50,00:00:04,8.58 MB,0.03,,,
70202,ihealth-cluster,cgvallea/cgvallea,FAILED (exit code 1),1,20,00:00:06,7.50,00:00:04,1.01 MB,0.00,,,
70203,ihealth-cluster,cgvallea/cgvallea,OUT_OF_MEMORY (exit code 0),1,20,00:02:14,13.67,00:00:49,30.41,95.03,,,
70204,ihealth-cluster,cgvallea/cgvallea,FAILED (exit code 1),1,20,00:00:06,7.50,00:00:04,5.89 MB,0.02,,,
70205,ihealth-cluster,cgvallea/cgvallea,OUT_OF_MEMORY (exit code 0),1,20,00:02:16,17.44,00:00:39,29.93,93.55,,,
70206,ihealth-cluster,cgvallea/cgvallea,FAILED (exit code 1),1,20,00:00:06,7.50,00:00:04,912.00 KB,0.00,,,
70207,ihealth-cluster,cgvallea/cgvallea,CANCELLED (exit code 0),1,20,00:02:03,15.38,00:00:40,15.71,49.09,,,
70208,ihealth-cluster,cgvallea/cgvallea,FAILED (exit code 1),1,20,00:00:07,5.83,00:00:06,1008.00 KB,0.00,,,
70209,ihealth-cluster,cgvallea/cgvallea,FAILED (exit code 1),1,20,00:00:06,7.50,00:00:04,836.00 KB,0.00,,,
70210,ihealth-cluster,cgvallea/cgvallea,CANCELLED (exit code 0),1,20,00:57:34,29.98,00:09:36,54.42,54.42,,,
70211,ihealth-cluster,maparegal/maparegal,COMPLETED (exit code 0),1,2,08:15:39,56.38,07:19:35,10.19,50.96,,,
70212,ihealth-cluster,cgvallea/cgvallea,CANCELLED (exit code 0),1,20,00:24:04,26.16,00:04:36,54.10,54.10,,,
70213,ihealth-cluster,cgvallea/cgvallea,CANCELLED (exit code 0),1,20,00:00:01,2.50,00:00:02,24.32 MB,0.02,,,
70214,ihealth-cluster,cgvallea/cgvallea,FAILED (exit code 1),1,20,00:00:07,7.00,00:00:05,1.17 MB,0.00,,,
70215,ihealth-cluster,cgvallea/cgvallea,COMPLETED (exit code 0),1,20,01:26:46,31.90,00:13:36,23.55,23.55,,,
70216,ihealth-cluster,maparegal/maparegal,COMPLETED (exit code 0),1,2,07:57:19,56.62,07:01:31,10.19,50.97,,,
70217,ihealth-cluster,cgrivera/cgrivera,COMPLETED (exit code 0),1,2,00:02:26,87.95,00:01:23,3.17,7.92,,,
70218,ihealth-cluster,cgrivera/cgrivera,COMPLETED (exit code 0),1,2,07:32:21,99.48,03:47:21,8.28,13.81,,,
70219,ihealth-cluster,depedraza/depedraza,FAILED (exit code 1),1,20,00:00:11,3.44,00:00:16,423.39 MB,2.07,,,
70220,ihealth-cluster,depedraza/depedraza,FAILED (exit code 1),1,20,00:00:11,5.50,00:00:10,1.76 MB,0.01,,,
70221,ihealth-cluster,depedraza/depedraza,FAILED (exit code 1),1,20,00:00:10,5.56,00:00:09,1.75 MB,0.01,,,
70222,ihealth-cluster,depedraza/depedraza,FAILED (exit code 1),1,20,01:17:07,14.22,00:27:07,1.49,7.43,,,
70223,ihealth-cluster,depedraza/depedraza,CANCELLED (exit code 0),1,20,00:00:35,6.73,00:00:26,648.92 MB,3.17,,,
70224,ihealth-cluster,depedraza/depedraza,COMPLETED (exit code 0),1,20,01:16:09,14.31,00:26:36,1.30,6.52,,,
70225,ihealth-cluster,jaerrandonea/jaerrandonea,COMPLETED (exit code 0),1,20,10:51:48,16.65,03:15:46,9.34,9.34,,,
70226,ihealth-cluster,maparegal/maparegal,FAILED (exit code 1),1,2,00:00:10,38.46,00:00:13,116.00 KB,0.00,,,
70227,ihealth-cluster,maparegal/maparegal,FAILED (exit code 1),1,2,00:00:09,40.91,00:00:11,132.00 KB,0.00,,,
70228,ihealth-cluster,maparegal/maparegal,COMPLETED (exit code 0),1,2,07:40:41,56.45,06:48:01,10.23,51.16,,,
70229,ihealth-cluster,depedraza/depedraza,FAILED (exit code 1),1,20,00:00:03,1.88,00:00:08,272.35 MB,1.33,,,
70230,ihealth-cluster,vruizval/vruizval,CANCELLED (exit code 0),1,12,00:01:17,10.35,00:01:02,9.32,10.35,,,
70231,ihealth-cluster,vruizval/vruizval,FAILED (exit code 120),1,12,00:06:08,10.02,00:05:06,33.39,37.09,,,
70232,ihealth-cluster,vruizval/vruizval,FAILED (exit code 120),1,12,00:05:57,10.26,00:04:50,33.58,37.31,,,
70233,ihealth-cluster,vruizval/vruizval,FAILED (exit code 1),1,12,00:06:09,10.18,00:05:02,16.09,17.88,,,
70234,ihealth-cluster,vruizval/vruizval,FAILED (exit code 1),1,12,00:06:08,10.12,00:05:03,33.44,37.16,,,
70235,ihealth-cluster,vruizval/vruizval,COMPLETED (exit code 0),1,12,1-07:35:00,86.98,03:01:33,7.96,8.85,,,
70236,ihealth-cluster,vruizval/vruizval,COMPLETED (exit code 0),1,12,1-09:10:47,85.34,03:14:24,8.11,9.01,,,
70237,ihealth-cluster,maparegal/maparegal,COMPLETED (exit code 0),1,2,08:55:22,55.84,07:59:23,10.20,50.99,,,
70238,ihealth-cluster,maparegal/maparegal,COMPLETED (exit code 0),1,2,08:28:27,56.18,07:32:31,10.16,50.80,,,
70239,ihealth-cluster,maparegal/maparegal,COMPLETED (exit code 0),1,2,08:25:59,56.29,07:29:26,10.24,51.18,,,
70240,ihealth-cluster,vruizval/vruizval,COMPLETED (exit code 0),1,12,1-07:42:27,87.79,03:00:35,7.89,8.77,,,
70241,ihealth-cluster,vruizval/vruizval,COMPLETED (exit code 0),1,12,1-07:05:25,87.61,02:57:26,7.88,8.76,,,
70242,ihealth-cluster,jebisbal/jebisbal,CANCELLED (exit code 0),1,8,15-03:59:18,99.30,1-21:49:07,27.25,68.13,,,
70243,ihealth-cluster,jebisbal/jebisbal,CANCELLED (exit code 0),1,8,14-23:25:45,98.06,1-21:48:57,26.26,65.66,,,
70244,ihealth-cluster,jebisbal/jebisbal,COMPLETED (exit code 0),1,8,04:57:22,99.52,00:37:21,3.00,7.51,,,
70245,ihealth-cluster,jebisbal/jebisbal,COMPLETED (exit code 0),1,8,05:54:09,99.48,00:44:30,3.14,7.84,,,
70246,ihealth-cluster,bllancao/bllancao,FAILED (exit code 1),1,20,12:38:48,97.57,00:38:53,99.95,99.95,,,
70247,ihealth-cluster,bllancao/bllancao,TIMEOUT (exit code 0),1,20,19:05:23,95.00,01:00:17,99.95,99.95,,,
70248,ihealth-cluster,bllancao/bllancao,FAILED (exit code 1),1,20,04:44:39,95.41,00:14:55,99.95,99.95,,,
70249,ihealth-cluster,bllancao/bllancao,COMPLETED (exit code 0),1,20,03:43:12,87.42,00:12:46,99.95,99.95,,,
70250,ihealth-cluster,bllancao/bllancao,COMPLETED (exit code 0),1,20,00:05:46,36.04,00:00:48,4.69,4.69,,,
70251,ihealth-cluster,vruizval/vruizval,FAILED (exit code 1),1,12,1-11:17:42,75.34,03:54:14,8.37,9.30,,,
70252,ihealth-cluster,vruizval/vruizval,FAILED (exit code 1),1,12,1-10:41:57,74.70,03:52:16,8.20,9.11,,,
70253,ihealth-cluster,cgrivera/cgrivera,COMPLETED (exit code 0),1,2,00:03:51,84.31,00:02:17,3.89,19.47,,,
70254,ihealth-cluster,bllancao/bllancao,FAILED (exit code 1),1,20,00:05:29,37.39,00:00:44,4.21,4.21,,,
70255,ihealth-cluster,bllancao/bllancao,FAILED (exit code 1),1,20,12:52:29,97.91,00:39:27,99.95,99.95,,,
70256,ihealth-cluster,bllancao/bllancao,FAILED (exit code 1),1,20,12:23:51,97.96,00:37:58,99.95,99.95,,,
70257,ihealth-cluster,bllancao/bllancao,CANCELLED (exit code 0),1,20,17:33:23,96.91,00:54:21,99.95,99.95,,,
70258,ihealth-cluster,bllancao/bllancao,CANCELLED (exit code 0),,,00:00:00,0.00,00:00:00,0.00 MB (estimated maximum),0.00,1,,
70259,ihealth-cluster,bllancao/bllancao,CANCELLED (exit code 0),,,00:00:00,0.00,00:00:00,0.00 MB (estimated maximum),0.00,1,,
70260,ihealth-cluster,bllancao/bllancao,CANCELLED (exit code 0),,,00:00:00,0.00,00:00:00,0.00 MB (estimated maximum),0.00,1,,
70261,ihealth-cluster,bllancao/bllancao,CANCELLED (exit code 0),,,00:00:00,0.00,00:00:00,0.00 MB (estimated maximum),0.00,1,,
70262,ihealth-cluster,bllancao/bllancao,CANCELLED (exit code 0),,,00:00:00,0.00,00:00:00,0.00 MB (estimated maximum),0.00,1,,
70263,ihealth-cluster,rmarcar/rmarcar,FAILED (exit code 1),1,4,00:00:06,25.00,00:00:06,244.00 KB,0.00,,,
70264,ihealth-cluster,rmarcar/rmarcar,FAILED (exit code 1),1,4,00:00:08,25.00,00:00:08,212.00 KB,0.00,,,
70265,ihealth-cluster,bllancao/bllancao,CANCELLED (exit code 0),1,20,00:01:23,21.84,00:00:19,2.74,2.74,,,
70266,ihealth-cluster,bllancao/bllancao,CANCELLED (exit code 0),1,20,05:53:58,75.37,00:23:29,58.20,58.20,,,
70267,ihealth-cluster,bllancao/bllancao,CANCELLED (exit code 0),1,20,02:31:42,84.59,00:08:58,52.18,52.18,,,
70268,ihealth-cluster,rmarcar/rmarcar,FAILED (exit code 1),1,4,00:00:02,16.67,00:00:03,15.38 MB,0.02,,,
70269,ihealth-cluster,bllancao/bllancao,FAILED (exit code 1),1,20,00:00:53,8.28,00:00:32,4.58 MB,0.00,,,
70270,ihealth-cluster,bllancao/bllancao,FAILED (exit code 1),1,20,00:00:51,8.50,00:00:30,4.58 MB,0.00,,,
70271,ihealth-cluster,rmarcar/rmarcar,FAILED (exit code 1),1,4,00:00:02,16.67,00:00:03,132.00 KB,0.00,,,
70272,ihealth-cluster,bllancao/bllancao,FAILED (exit code 1),1,20,00:00:55,8.87,00:00:31,4.57 MB,0.00,,,
70273,ihealth-cluster,rmarcar/rmarcar,FAILED (exit code 1),1,4,00:00:04,20.00,00:00:05,29.95 MB,0.04,,,
70274,ihealth-cluster,bllancao/bllancao,FAILED (exit code 1),1,20,00:00:50,8.33,00:00:30,732.00 KB,0.00,,,
70275,ihealth-cluster,bllancao/bllancao,TIMEOUT (exit code 0),1,20,16:21:39,81.37,01:00:19,58.98,58.98,,,
70276,ihealth-cluster,vruizval/vruizval,COMPLETED (exit code 0),1,12,1-11:11:37,70.06,04:11:11,8.18,9.08,,,
70277,ihealth-cluster,rmarcar/rmarcar,FAILED (exit code 1),1,4,00:00:02,16.67,00:00:03,124.00 KB,0.00,,,
70278,ihealth-cluster,rmarcar/rmarcar,FAILED (exit code 1),1,4,00:00:05,20.83,00:00:06,800.00 KB,0.00,,,
70279,ihealth-cluster,rmarcar/rmarcar,COMPLETED (exit code 0),1,4,00:00:06,10.00,00:00:15,284.00 KB,0.00,,,
70280,ihealth-cluster,rmarcar/rmarcar,COMPLETED (exit code 0),1,4,00:00:06,12.50,00:00:12,588.00 KB,0.00,,,
70281,ihealth-cluster,bllancao/bllancao,FAILED (exit code 1),1,20,00:00:17,6.54,00:00:13,1.62 MB,0.00,,,
70282,ihealth-cluster,bllancao/bllancao,FAILED (exit code 1),1,20,00:00:17,5.67,00:00:15,564.00 KB,0.00,,,
70283,ihealth-cluster,rmarcar/rmarcar,FAILED (exit code 1),1,4,00:00:01,25.00,00:00:01,144.00 KB,0.00,,,
70284,ihealth-cluster,rmarcar/rmarcar,FAILED (exit code 1),1,4,00:00:01,4.17,00:00:06,36.00 KB,0.00,,,
70285,ihealth-cluster,rmarcar/rmarcar,FAILED (exit code 1),1,4,00:00:01,6.25,00:00:04,60.00 KB,0.00,,,
70286,ihealth-cluster,rmarcar/rmarcar,COMPLETED (exit code 0),1,4,00:00:08,15.38,00:00:13,396.00 KB,0.00,,,
70287,ihealth-cluster,rmarcar/rmarcar,FAILED (exit code 2),1,4,02:27:04,6.10,10:02:54,16.91,21.14,,,
70288,ihealth-cluster,maparegal/maparegal,COMPLETED (exit code 0),1,2,07:55:54,56.09,07:04:12,11.52,57.60,,,
70289,ihealth-cluster,cgrivera/cgrivera,COMPLETED (exit code 0),1,2,00:02:11,88.51,00:01:14,2.35,5.87,,,
70290,ihealth-cluster,cgrivera/cgrivera,FAILED (exit code 1),1,2,00:00:10,45.45,00:00:11,246.67 MB,0.40,,,
70291,ihealth-cluster,cgrivera/cgrivera,FAILED (exit code 1),1,2,00:00:10,45.45,00:00:11,223.34 MB,0.36,,,
70292,ihealth-cluster,cgrivera/cgrivera,COMPLETED (exit code 0),1,2,07:03:17,99.61,03:32:28,8.11,13.51,,,
70293,ihealth-cluster,vruizval/vruizval,COMPLETED (exit code 0),1,12,1-09:00:01,70.08,03:55:26,8.17,13.61,,,
70294,ihealth-cluster,vruizval/vruizval,COMPLETED (exit code 0),1,12,1-07:15:11,70.02,03:43:11,8.39,13.99,,,
70295,ihealth-cluster,vruizval/vruizval,COMPLETED (exit code 0),1,12,1-06:40:13,69.03,03:42:09,8.08,13.47,,,
70296,ihealth-cluster,rmarcar/rmarcar,FAILED (exit code 2),1,4,00:00:03,25.00,00:00:03,152.00 KB,0.00,,,
70297,ihealth-cluster,rmarcar/rmarcar,FAILED (exit code 1),1,4,00:00:01,25.00,00:00:01,224.00 KB,0.00,,,
70298,ihealth-cluster,rmarcar/rmarcar,FAILED (exit code 1),1,4,00:00:01,25.00,00:00:01,116.00 KB,0.00,,,
70299,ihealth-cluster,rmarcar/rmarcar,FAILED (exit code 1),1,4,00:00:01,25.00,00:00:01,108.00 KB,0.00,,,
70300,ihealth-cluster,cgrivera/cgrivera,FAILED (exit code 1),1,2,00:00:05,35.71,00:00:07,116.00 KB,0.00,,,
70301,ihealth-cluster,cgrivera/cgrivera,FAILED (exit code 1),1,2,00:00:05,35.71,00:00:07,120.00 KB,0.00,,,
70302,ihealth-cluster,bllancao/bllancao,CANCELLED (exit code 0),1,20,08:46:18,74.09,00:35:31,58.01,58.01,,,
70303,ihealth-cluster,cgrivera/cgrivera,FAILED (exit code 1),1,2,00:00:07,43.75,00:00:08,128.00 KB,0.00,,,
70304,ihealth-cluster,cgrivera/cgrivera,COMPLETED (exit code 0),1,2,00:04:33,90.40,00:02:31,4.09,20.43,,,
70305,ihealth-cluster,bllancao/bllancao,FAILED (exit code 1),1,20,00:00:17,6.07,00:00:14,624.00 KB,0.00,,,
70306,ihealth-cluster,vruizval/vruizval,FAILED (exit code 1),1,12,00:00:05,8.33,00:00:05,396.00 KB,0.00,,,
70307,ihealth-cluster,vruizval/vruizval,COMPLETED (exit code 0),1,12,1-14:17:54,65.56,04:52:04,8.08,13.46,,,
70308,ihealth-cluster,bllancao/bllancao,FAILED (exit code 1),1,20,00:00:17,6.07,00:00:14,748.00 KB,0.00,,,
70309,ihealth-cluster,bllancao/bllancao,FAILED (exit code 1),1,20,00:00:17,6.07,00:00:14,684.00 KB,0.00,,,
70310,ihealth-cluster,bllancao/bllancao,FAILED (exit code 1),1,20,00:00:17,6.54,00:00:13,832.00 KB,0.00,,,
70311,ihealth-cluster,vruizval/vruizval,COMPLETED (exit code 0),1,12,1-05:09:02,72.69,03:20:30,13.15,21.91,,,
70312,ihealth-cluster,vruizval/vruizval,CANCELLED (exit code 0),1,12,00:00:10,9.26,00:00:09,1.93,3.21,,,
70313,ihealth-cluster,vruizval/vruizval,CANCELLED (exit code 0),1,12,00:00:14,8.97,00:00:13,2.04,3.40,,,
70314,ihealth-cluster,vruizval/vruizval,COMPLETED (exit code 0),1,12,1-05:54:16,68.78,03:37:24,7.86,13.10,,,
70315,ihealth-cluster,bllancao/bllancao,CANCELLED (exit code 0),1,20,01:54:39,93.72,00:06:07,73.06,73.06,,,
70316,ihealth-cluster,bllancao/bllancao,CANCELLED (exit code 0),,,00:00:00,0.00,00:00:00,0.00 MB (estimated maximum),0.00,1,,
70317,ihealth-cluster,bllancao/bllancao,CANCELLED (exit code 0),,,00:00:00,0.00,00:00:00,0.00 MB (estimated maximum),0.00,1,,
70318,ihealth-cluster,bllancao/bllancao,CANCELLED (exit code 0),,,00:00:00,0.00,00:00:00,0.00 MB (estimated maximum),0.00,1,,
70319,ihealth-cluster,bllancao/bllancao,FAILED (exit code 1),1,20,07:46:49,98.07,00:23:48,99.76,99.76,,,
70320,ihealth-cluster,bllancao/bllancao,FAILED (exit code 1),1,20,01:27:04,88.84,00:04:54,99.94,99.94,,,
70321,ihealth-cluster,bllancao/bllancao,FAILED (exit code 1),1,20,01:27:28,89.25,00:04:54,99.94,99.94,,,
70322,ihealth-cluster,bllancao/bllancao,CANCELLED (exit code 0),1,20,01:08:38,87.62,00:03:55,86.18,86.18,,,
70323,ihealth-cluster,bllancao/bllancao,CANCELLED (exit code 0),,,00:00:00,0.00,00:00:00,0.00 MB (estimated maximum),0.00,1,,
70324,ihealth-cluster,bllancao/bllancao,CANCELLED (exit code 0),,,00:00:00,0.00,00:00:00,0.00 MB (estimated maximum),0.00,1,,
70325,ihealth-cluster,bllancao/bllancao,CANCELLED (exit code 0),,,00:00:00,0.00,00:00:00,0.00 MB (estimated maximum),0.00,1,,
70326,ihealth-cluster,bllancao/bllancao,CANCELLED (exit code 0),,,00:00:00,0.00,00:00:00,0.00 MB (estimated maximum),0.00,1,,
70327,ihealth-cluster,bllancao/bllancao,CANCELLED (exit code 0),,,00:00:00,0.00,00:00:00,0.00 MB (estimated maximum),0.00,1,,
70328,ihealth-cluster,bllancao/bllancao,CANCELLED (exit code 0),,,00:00:00,0.00,00:00:00,0.00 MB (estimated maximum),0.00,1,,
70329,ihealth-cluster,bllancao/bllancao,CANCELLED (exit code 0),,,00:00:00,0.00,00:00:00,0.00 MB (estimated maximum),0.00,1,,
70330,ihealth-cluster,bllancao/bllancao,CANCELLED (exit code 0),,,00:00:00,0.00,00:00:00,0.00 MB (estimated maximum),0.00,1,,
70331,ihealth-cluster,bllancao/bllancao,CANCELLED (exit code 0),,,00:00:00,0.00,00:00:00,0.00 MB (estimated maximum),0.00,1,,
70332,ihealth-cluster,bllancao/bllancao,CANCELLED (exit code 0),1,20,03:46:14,84.31,00:13:25,53.70,53.70,,,
70333,ihealth-cluster,bllancao/bllancao,CANCELLED (exit code 0),1,20,00:00:05,8.33,00:00:03,77.07 MB,0.08,,,
70334,ihealth-cluster,bllancao/bllancao,TIMEOUT (exit code 0),1,20,16:25:21,81.64,01:00:21,58.17,58.17,,,
70335,ihealth-cluster,bllancao/bllancao,TIMEOUT (exit code 0),1,20,16:02:01,79.95,01:00:10,57.72,57.72,,,
70336,ihealth-cluster,bllancao/bllancao,CANCELLED (exit code 0),1,20,00:00:16,6.67,00:00:12,695.59 MB,0.68,,,
70337,ihealth-cluster,bllancao/bllancao,CANCELLED (exit code 0),1,20,00:19:37,72.65,00:01:21,28.27,28.27,,,
70338,ihealth-cluster,bllancao/bllancao,CANCELLED (exit code 0),1,20,00:13:21,63.57,00:01:03,20.00,20.00,,,
70339,ihealth-cluster,cgrivera/cgrivera,COMPLETED (exit code 0),1,2,00:00:49,70.00,00:00:35,2.28,11.40,,,
70340,ihealth-cluster,bllancao/bllancao,CANCELLED (exit code 0),1,20,00:00:42,8.75,00:00:24,2.42,2.42,,,
70341,ihealth-cluster,bllancao/bllancao,CANCELLED (exit code 0),1,20,00:16:10,68.31,00:01:11,23.49,23.49,,,
70342,ihealth-cluster,bllancao/bllancao,FAILED (exit code 1),1,20,00:13:48,59.14,00:01:10,19.01,19.01,,,
70343,ihealth-cluster,bllancao/bllancao,FAILED (exit code 1),1,20,01:49:42,61.98,00:08:51,52.19,52.19,,,
70344,ihealth-cluster,bllancao/bllancao,CANCELLED (exit code 0),1,20,03:58:52,79.36,00:15:03,57.22,57.22,,,
70345,ihealth-cluster,bllancao/bllancao,CANCELLED (exit code 0),1,20,00:00:07,7.00,00:00:05,225.38 MB,0.22,,,
70346,ihealth-cluster,cgrivera/cgrivera,FAILED (exit code 1),1,2,00:00:04,33.33,00:00:06,176.00 KB,0.00,,,
70347,ihealth-cluster,bllancao/bllancao,CANCELLED (exit code 0),1,20,00:00:11,7.86,00:00:07,507.06 MB,0.50,,,
70348,ihealth-cluster,bllancao/bllancao,CANCELLED (exit code 0),1,20,01:28:35,62.97,00:07:02,52.85,52.85,,,
70349,ihealth-cluster,bllancao/bllancao,COMPLETED (exit code 0),1,20,1-01:49:27,74.94,01:43:23,56.81,56.81,,,
70350,ihealth-cluster,bllancao/bllancao,CANCELLED (exit code 0),1,20,08:27:15,61.29,00:41:23,58.36,58.36,,,
70351,ihealth-cluster,bllancao/bllancao,FAILED (exit code 1),1,20,00:00:17,6.54,00:00:13,652.00 KB,0.00,,,
70352,ihealth-cluster,bllancao/bllancao,FAILED (exit code 1),1,20,00:00:17,6.07,00:00:14,692.00 KB,0.00,,,
70353,ihealth-cluster,bllancao/bllancao,FAILED (exit code 1),1,20,00:00:17,6.07,00:00:14,728.00 KB,0.00,,,
70354,ihealth-cluster,bllancao/bllancao,FAILED (exit code 1),1,20,00:00:17,5.00,00:00:17,744.00 KB,0.00,,,
70355,ihealth-cluster,bllancao/bllancao,FAILED (exit code 1),1,20,00:00:17,7.08,00:00:12,736.00 KB,0.00,,,
70356,ihealth-cluster,bllancao/bllancao,CANCELLED (exit code 0),1,20,00:44:34,65.86,00:03:23,49.69,49.69,,,
70357,ihealth-cluster,bllancao/bllancao,CANCELLED (exit code 0),1,20,00:00:09,7.50,00:00:06,287.80 MB,0.28,,,
70358,ihealth-cluster,bllancao/bllancao,CANCELLED (exit code 0),1,20,00:54:02,58.31,00:04:38,51.99,51.99,,,
70359,ihealth-cluster,bllancao/bllancao,FAILED (exit code 1),1,20,00:00:17,6.54,00:00:13,692.00 KB,0.00,,,
70360,ihealth-cluster,bllancao/bllancao,CANCELLED (exit code 0),1,20,00:33:21,63.32,00:02:38,28.23,28.23,,,
70361,ihealth-cluster,bllancao/bllancao,FAILED (exit code 1),1,20,00:00:16,6.15,00:00:13,692.00 KB,0.00,,,
70362,ihealth-cluster,bllancao/bllancao,CANCELLED (exit code 0),1,20,00:00:08,8.00,00:00:05,216.60 MB,0.21,,,
70363,ihealth-cluster,bllancao/bllancao,CANCELLED (exit code 0),1,20,03:11:34,19.67,00:48:41,57.01,57.01,,,
70364,ihealth-cluster,vruizval/vruizval,COMPLETED (exit code 0),1,12,19:12:35,64.60,02:28:41,8.54,14.23,,,
70365,ihealth-cluster,vruizval/vruizval,COMPLETED (exit code 0),1,12,17:01:43,66.45,02:08:08,8.63,14.38,,,
70366,ihealth-cluster,bllancao/bllancao,FAILED (exit code 1),1,20,00:00:31,10.33,00:00:15,760.00 KB,0.00,,,
70367,ihealth-cluster,bllancao/bllancao,FAILED (exit code 1),1,20,07:10:53,82.33,00:26:10,99.95,99.95,,,
70368,ihealth-cluster,bllancao/bllancao,TIMEOUT (exit code 0),1,20,09:44:43,48.46,01:00:20,58.25,58.25,,,
70369,ihealth-cluster,bllancao/bllancao,FAILED (exit code 1),1,20,06:44:31,79.47,00:25:27,99.95,99.95,,,
70370,ihealth-cluster,bllancao/bllancao,COMPLETED (exit code 0),1,20,03:39:37,73.37,00:14:58,99.95,99.95,,,
70371,ihealth-cluster,bllancao/bllancao,TIMEOUT (exit code 0),1,20,07:23:05,36.67,01:00:25,58.17,58.17,,,
70372,ihealth-cluster,bllancao/bllancao,CANCELLED (exit code 0),1,20,00:00:52,3.47,00:01:15,415.87 MB,0.41,,,
70373,ihealth-cluster,bllancao/bllancao,CANCELLED (exit code 0),1,20,00:01:19,2.74,00:02:24,598.20 MB,0.58,,,
70374,ihealth-cluster,bllancao/bllancao,COMPLETED (exit code 0),1,20,1-00:16:25,25.32,04:47:36,63.55,63.55,,,
70375,ihealth-cluster,depedraza/depedraza,FAILED (exit code 1),1,20,00:00:11,5.00,00:00:11,464.29 MB,2.27,,,
70376,ihealth-cluster,depedraza/depedraza,COMPLETED (exit code 0),1,20,00:56:23,14.41,00:19:34,1.08,5.42,,,
70377,ihealth-cluster,bllancao/bllancao,COMPLETED (exit code 0),1,20,07:48:03,33.74,01:09:22,58.66,58.66,,,
70378,ihealth-cluster,cgrivera/cgrivera,COMPLETED (exit code 0),1,2,02:54:02,96.19,01:30:28,7.16,17.90,,,
70379,ihealth-cluster,cgrivera/cgrivera,COMPLETED (exit code 0),1,2,06:34:50,72.64,04:31:46,8.93,17.87,,,
70380,ihealth-cluster,bllancao/bllancao,CANCELLED (exit code 0),1,20,00:00:36,9.47,00:00:19,1.72,1.72,,,
70381,ihealth-cluster,bllancao/bllancao,CANCELLED (exit code 0),1,20,00:22:30,70.31,00:01:36,10.64,10.64,,,
70382,ihealth-cluster,bllancao/bllancao,CANCELLED (exit code 0),1,20,00:54:59,23.01,00:11:57,71.59,71.59,,,
70383,ihealth-cluster,mgonzalez/mgonzalez,COMPLETED (exit code 0),1,2,00:00:02,33.33,00:00:03,221.40 MB,21.62,,,
70384,ihealth-cluster,bllancao/bllancao,FAILED (exit code 1),1,20,00:10:01,50.08,00:01:00,6.31,6.31,,,
70385,ihealth-cluster,bllancao/bllancao,FAILED (exit code 1),1,20,00:10:20,50.82,00:01:01,5.91,5.91,,,
70386,ihealth-cluster,bllancao/bllancao,FAILED (exit code 1),1,20,00:10:21,50.90,00:01:01,5.94,5.94,,,
70387,ihealth-cluster,bllancao/bllancao,FAILED (exit code 1),1,20,00:10:15,48.81,00:01:03,5.16,5.16,,,
70388,ihealth-cluster,bllancao/bllancao,CANCELLED (exit code 0),1,20,01:16:35,20.01,00:19:08,74.07,74.07,,,
70389,ihealth-cluster,vruizval/vruizval,COMPLETED (exit code 0),1,12,15:41:30,70.22,01:51:44,10.16,16.93,,,
70390,ihealth-cluster,vruizval/vruizval,COMPLETED (exit code 0),1,12,17:20:43,69.10,02:05:31,10.72,17.87,,,
70391,ihealth-cluster,vruizval/vruizval,COMPLETED (exit code 0),1,12,16:38:03,72.79,01:54:16,7.11,11.85,,,
70392,ihealth-cluster,depedraza/depedraza,COMPLETED (exit code 0),1,20,10:23:58,14.92,03:29:07,1.63,8.14,,,
70393,ihealth-cluster,bllancao/bllancao,CANCELLED (exit code 0),1,20,00:00:25,6.94,00:00:18,1.72,1.72,,,
70394,ihealth-cluster,bllancao/bllancao,FAILED (exit code 1),1,20,02:37:46,37.89,00:20:49,55.13,55.13,,,
70395,ihealth-cluster,bllancao/bllancao,FAILED (exit code 1),1,20,00:23:33,61.97,00:01:54,27.97,27.97,,,
70396,ihealth-cluster,bllancao/bllancao,FAILED (exit code 1),1,20,00:23:11,63.23,00:01:50,28.73,28.73,,,
70397,ihealth-cluster,bllancao/bllancao,FAILED (exit code 1),1,20,00:23:35,63.17,00:01:52,28.15,28.15,,,
70398,ihealth-cluster,mgonzalez/mgonzalez,FAILED (exit code 1),1,2,00:00:00,0.00,00:00:01,908.00 KB,0.00,,,
70399,ihealth-cluster,bllancao/bllancao,FAILED (exit code 1),1,20,00:22:44,61.44,00:01:51,27.73,27.73,,,
70400,ihealth-cluster,bllancao/bllancao,COMPLETED (exit code 0),1,20,19:47:30,29.44,03:21:40,57.71,57.71,,,
70401,ihealth-cluster,bllancao/bllancao,FAILED (exit code 1),1,20,00:00:16,5.33,00:00:15,9.23 MB,0.01,,,
70402,ihealth-cluster,jaerrandonea/jaerrandonea,FAILED (exit code 1),1,20,00:00:09,3.75,00:00:12,381.43 MB,0.37,,,
70403,ihealth-cluster,jaerrandonea/jaerrandonea,FAILED (exit code 1),1,20,00:00:07,5.00,00:00:07,1.61 MB,0.00,,,
70404,ihealth-cluster,jaerrandonea/jaerrandonea,COMPLETED (exit code 0),1,20,00:00:17,5.00,00:00:17,296.90 MB,0.29,,,
70405,ihealth-cluster,maparegal/maparegal,FAILED (exit code 1),1,2,00:00:02,50.00,00:00:02,6.77 MB,0.01,,,
70406,ihealth-cluster,maparegal/maparegal,FAILED (exit code 1),1,2,00:00:11,45.83,00:00:12,617.52 MB,0.80,,,
70407,ihealth-cluster,maparegal/maparegal,FAILED (exit code 1),1,2,00:00:29,51.79,00:00:28,247.64 MB,0.32,,,
70408,ihealth-cluster,maparegal/maparegal,CANCELLED (exit code 0),1,2,01:14:20,57.36,01:04:48,9.16,12.21,,,
70409,ihealth-cluster,bllancao/bllancao,COMPLETED (exit code 0),1,20,01:41:56,4.75,01:47:18,15.11,15.11,,,
70410,ihealth-cluster,bllancao/bllancao,CANCELLED (exit code 0),1,20,00:11:49,59.08,00:01:00,6.27,6.27,,,
70411,ihealth-cluster,maparegal/maparegal,CANCELLED (exit code 0),1,2,00:58:56,58.58,00:50:18,10.84,27.11,,,
70412,ihealth-cluster,bllancao/bllancao,TIMEOUT (exit code 0),1,20,03:35:29,17.88,01:00:16,78.89,78.89,,,
70413,ihealth-cluster,bllancao/bllancao,FAILED (exit code 1),1,20,00:00:24,5.71,00:00:21,8.88 MB,0.01,,,
70414,ihealth-cluster,cgrivera/cgrivera,FAILED (exit code 1),1,2,00:00:05,35.71,00:00:07,9.71 MB,0.05,,,
70415,ihealth-cluster,cgrivera/cgrivera,COMPLETED (exit code 0),1,2,00:01:01,82.43,00:00:37,2.49,12.44,,,
70416,ihealth-cluster,jebisbal/jebisbal,CANCELLED (exit code 0),1,8,3-15:30:07,99.08,11:02:21,26.65,66.63,,,
70417,ihealth-cluster,jebisbal/jebisbal,TIMEOUT (exit code 0),1,8,15-22:01:06,99.47,2-00:00:25,27.85,69.63,,,
70418,ihealth-cluster,jebisbal/jebisbal,TIMEOUT (exit code 0),1,8,15-16:44:16,98.09,2-00:00:25,27.70,69.25,,,
70419,ihealth-cluster,maparegal/maparegal,COMPLETED (exit code 0),1,2,10:06:06,58.44,08:38:35,10.29,25.74,,,
70420,ihealth-cluster,chriscidl/chriscidl,TIMEOUT (exit code 0),1,2,00:51:21,14.23,03:00:25,4.76,23.79,,,
70421,ihealth-cluster,bllancao/bllancao,COMPLETED (exit code 0),1,20,06:51:22,17.81,01:55:30,80.16,80.16,,,
70422,ihealth-cluster,bllancao/bllancao,COMPLETED (exit code 0),1,2,00:00:29,3.07,00:07:53,1.23,61.49,,,
70423,ihealth-cluster,bllancao/bllancao,FAILED (exit code 1),1,20,02:08:21,69.63,00:09:13,52.39,52.39,,,
70424,ihealth-cluster,bllancao/bllancao,COMPLETED (exit code 0),1,20,1-01:03:07,71.46,01:45:10,57.84,57.84,,,
70425,ihealth-cluster,bllancao/bllancao,FAILED (exit code 1),1,20,00:00:16,3.81,00:00:21,16.63 MB,0.02,,,
70426,ihealth-cluster,cgvallea/cgvallea,COMPLETED (exit code 0),1,2,00:00:10,41.67,00:00:12,32.82 MB,0.40,,,
70427,ihealth-cluster,cgvallea/cgvallea,FAILED (exit code 1),1,4,00:00:01,12.50,00:00:02,140.00 KB,0.00,,,
70428,ihealth-cluster,cgvallea/cgvallea,FAILED (exit code 1),1,4,00:00:29,51.79,00:00:14,25.35 MB,0.31,,,
70429,ihealth-cluster,cgvallea/cgvallea,FAILED (exit code 1),1,4,00:00:29,65.91,00:00:11,304.00 KB,0.00,,,
70430,ihealth-cluster,cgvallea/cgvallea,FAILED (exit code 1),1,4,00:00:29,65.91,00:00:11,256.00 KB,0.00,,,
70431,ihealth-cluster,cgvallea/cgvallea,FAILED (exit code 1),1,4,00:00:29,65.91,00:00:11,236.00 KB,0.00,,,
70432,ihealth-cluster,cgvallea/cgvallea,FAILED (exit code 1),1,4,00:00:29,65.91,00:00:11,320.00 KB,0.00,,,
70433,ihealth-cluster,cgvallea/cgvallea,FAILED (exit code 1),1,4,00:00:29,65.91,00:00:11,376.00 KB,0.00,,,
70434,ihealth-cluster,cgvallea/cgvallea,FAILED (exit code 1),1,4,00:00:29,65.91,00:00:11,276.00 KB,0.00,,,
70435,ihealth-cluster,cgvallea/cgvallea,FAILED (exit code 1),1,4,00:00:29,65.91,00:00:11,364.00 KB,0.00,,,
70436,ihealth-cluster,mgonzalez/mgonzalez,FAILED (exit code 1),1,2,00:00:00,0.00,00:00:00,2.56 MB,0.01,,,
70437,ihealth-cluster,cgvallea/cgvallea,FAILED (exit code 1),1,4,00:00:29,65.91,00:00:11,280.00 KB,0.00,,,
70438,ihealth-cluster,cgvallea/cgvallea,FAILED (exit code 1),1,4,00:00:29,72.50,00:00:10,292.00 KB,0.00,,,
70439,ihealth-cluster,cgvallea/cgvallea,FAILED (exit code 1),1,4,00:00:30,68.18,00:00:11,268.00 KB,0.00,,,
70440,ihealth-cluster,cgvallea/cgvallea,FAILED (exit code 1),1,4,00:00:29,65.91,00:00:11,492.00 KB,0.01,,,
70441,ihealth-cluster,cgvallea/cgvallea,FAILED (exit code 1),1,4,00:00:29,65.91,00:00:11,340.00 KB,0.00,,,
70442,ihealth-cluster,mgonzalez/mgonzalez,FAILED (exit code 1),1,2,00:00:00,0.00,00:00:01,2.55 MB,0.01,,,
70443,ihealth-cluster,cgvallea/cgvallea,FAILED (exit code 1),1,4,00:00:29,65.91,00:00:11,264.00 KB,0.00,,,
70444,ihealth-cluster,cgvallea/cgvallea,FAILED (exit code 1),1,4,00:00:29,65.91,00:00:11,292.00 KB,0.00,,,
70445,ihealth-cluster,mgonzalez/mgonzalez,FAILED (exit code 1),1,2,00:00:02,33.33,00:00:03,125.45 MB,0.41,,,
70446,ihealth-cluster,cgvallea/cgvallea,FAILED (exit code 1),1,4,00:00:29,45.31,00:00:16,207.63 MB,2.53,,,
70447,ihealth-cluster,cgvallea/cgvallea,FAILED (exit code 1),1,4,00:00:29,60.42,00:00:12,260.00 KB,0.00,,,
70448,ihealth-cluster,cgvallea/cgvallea,FAILED (exit code 1),1,4,00:00:29,65.91,00:00:11,344.00 KB,0.00,,,
70449,ihealth-cluster,cgvallea/cgvallea,FAILED (exit code 1),1,4,00:00:29,65.91,00:00:11,672.00 KB,0.01,,,
70450,ihealth-cluster,cgvallea/cgvallea,FAILED (exit code 1),1,4,00:00:29,60.42,00:00:12,208.00 KB,0.00,,,
70451,ihealth-cluster,cgvallea/cgvallea,FAILED (exit code 1),1,4,00:00:28,63.64,00:00:11,196.00 KB,0.00,,,
70452,ihealth-cluster,mgonzalez/mgonzalez,FAILED (exit code 1),1,2,00:00:01,50.00,00:00:01,60.00 KB,0.00,,,
70453,ihealth-cluster,cgvallea/cgvallea,FAILED (exit code 1),1,4,00:00:28,70.00,00:00:10,248.00 KB,0.00,,,
70454,ihealth-cluster,cgvallea/cgvallea,FAILED (exit code 1),1,4,00:00:28,63.64,00:00:11,208.00 KB,0.00,,,
70455,ihealth-cluster,cgvallea/cgvallea,FAILED (exit code 1),1,4,00:00:28,63.64,00:00:11,592.00 KB,0.01,,,
70456,ihealth-cluster,cgvallea/cgvallea,COMPLETED (exit code 0),1,4,00:10:55,74.10,00:03:41,1.87,23.32,,,
70457,ihealth-cluster,maparegal/maparegal,COMPLETED (exit code 0),1,2,08:36:50,56.34,07:38:42,10.56,52.78,,,
70458,ihealth-cluster,cgvallea/cgvallea,COMPLETED (exit code 0),1,4,00:10:59,74.21,00:03:42,1.77,22.08,,,
70459,ihealth-cluster,cgvallea/cgvallea,FAILED (exit code 1),1,4,00:00:03,15.00,00:00:05,8.63 MB,0.11,,,
70460,ihealth-cluster,cgvallea/cgvallea,FAILED (exit code 1),1,4,00:00:03,37.50,00:00:02,316.00 KB,0.00,,,
70461,ihealth-cluster,dcampanini/dcampanini,COMPLETED (exit code 0),1,4,00:00:22,21.15,00:00:26,2.73,68.18,,,
70462,ihealth-cluster,cgvallea/cgvallea,FAILED (exit code 1),1,4,00:00:03,15.00,00:00:05,292.00 KB,0.00,,,
70463,ihealth-cluster,cgvallea/cgvallea,FAILED (exit code 1),1,4,00:00:03,25.00,00:00:03,284.00 KB,0.00,,,
70464,ihealth-cluster,cgvallea/cgvallea,FAILED (exit code 1),1,4,00:00:03,15.00,00:00:05,224.00 KB,0.00,,,
70465,ihealth-cluster,cgvallea/cgvallea,FAILED (exit code 1),1,4,00:00:03,18.75,00:00:04,292.00 KB,0.00,,,
70466,ihealth-cluster,cgvallea/cgvallea,FAILED (exit code 1),1,4,00:00:08,22.22,00:00:09,13.60 MB,0.17,,,
70467,ihealth-cluster,cgvallea/cgvallea,COMPLETED (exit code 0),1,4,00:00:06,25.00,00:00:06,2.24 MB,0.03,,,
70468,ihealth-cluster,cgvallea/cgvallea,COMPLETED (exit code 0),1,4,00:00:06,25.00,00:00:06,424.00 KB,0.01,,,
70469,ihealth-cluster,cgvallea/cgvallea,COMPLETED (exit code 0),1,4,00:00:06,25.00,00:00:06,476.00 KB,0.01,,,
70470,ihealth-cluster,cgvallea/cgvallea,COMPLETED (exit code 0),1,4,00:00:06,21.43,00:00:07,308.00 KB,0.00,,,
70471,ihealth-cluster,cgvallea/cgvallea,COMPLETED (exit code 0),1,4,00:00:06,25.00,00:00:06,360.00 KB,0.00,,,
70472,ihealth-cluster,cgvallea/cgvallea,FAILED (exit code 1),1,4,00:00:04,25.00,00:00:04,288.00 KB,0.00,,,
70473,ihealth-cluster,cgvallea/cgvallea,FAILED (exit code 1),1,4,00:00:04,25.00,00:00:04,380.00 KB,0.00,,,
70474,ihealth-cluster,cgvallea/cgvallea,FAILED (exit code 1),1,4,00:00:04,25.00,00:00:04,340.00 KB,0.00,,,
70475,ihealth-cluster,cgvallea/cgvallea,FAILED (exit code 1),1,4,00:00:04,25.00,00:00:04,396.00 KB,0.00,,,
70476,ihealth-cluster,cgvallea/cgvallea,FAILED (exit code 1),1,4,00:00:21,25.00,00:00:21,384.00 KB,0.00,,,
70477,ihealth-cluster,cgvallea/cgvallea,COMPLETED (exit code 0),1,4,00:00:07,21.88,00:00:08,200.00 KB,0.00,,,
70478,ihealth-cluster,cgvallea/cgvallea,COMPLETED (exit code 0),1,4,00:00:06,25.00,00:00:06,568.00 KB,0.01,,,
70479,ihealth-cluster,cgvallea/cgvallea,COMPLETED (exit code 0),1,4,00:00:17,22.37,00:00:19,41.52 MB,0.51,,,
70480,ihealth-cluster,cgvallea/cgvallea,COMPLETED (exit code 0),1,4,00:00:06,25.00,00:00:06,348.00 KB,0.00,,,
70481,ihealth-cluster,vruizval/vruizval,COMPLETED (exit code 0),1,12,1-12:17:49,69.10,04:22:38,10.47,17.46,,,
70482,ihealth-cluster,vruizval/vruizval,COMPLETED (exit code 0),1,12,1-14:30:25,64.45,04:58:44,9.04,15.07,,,
70483,ihealth-cluster,vruizval/vruizval,COMPLETED (exit code 0),1,12,1-13:59:39,69.12,04:34:50,8.48,14.13,,,
70484,ihealth-cluster,depedraza/depedraza,COMPLETED (exit code 0),1,20,02:47:50,15.07,00:55:41,9.34,46.68,,,
70485,ihealth-cluster,jaerrandonea/jaerrandonea,FAILED (exit code 1),1,20,00:00:24,4.29,00:00:28,521.35 MB,0.51,,,
70486,ihealth-cluster,jaerrandonea/jaerrandonea,COMPLETED (exit code 0),1,20,00:13:29,15.09,00:04:28,879.14 MB,0.86,,,
70487,ihealth-cluster,rmarcar/rmarcar,COMPLETED (exit code 0),1,4,00:00:00,0.00,00:06:46,0.00 MB (estimated maximum),0.00,,,
70488,ihealth-cluster,rmarcar/rmarcar,COMPLETED (exit code 0),1,4,00:00:00,0.00,00:00:57,0.00 MB (estimated maximum),0.00,,,
70489,ihealth-cluster,rmarcar/rmarcar,COMPLETED (exit code 0),1,4,00:00:00,0.00,00:04:56,0.00 MB (estimated maximum),0.00,,,
70490,ihealth-cluster,rmarcar/rmarcar,TIMEOUT (exit code 0),1,4,00:00:00,0.00,00:30:28,0.00 MB (estimated maximum),0.00,,,
70491,ihealth-cluster,rmarcar/rmarcar,CANCELLED (exit code 0),1,4,00:00:00,0.00,00:03:23,36.00 KB,0.00,,,
70492,ihealth-cluster,maparegal/maparegal,TIMEOUT (exit code 0),1,2,00:00:55,0.25,03:00:00,650.49 MB,3.18,,,
70493,ihealth-cluster,pamessina/pamessina,TIMEOUT (exit code 0),1,8,00:06:11,0.43,03:00:20,19.97,99.86,,,
70494,ihealth-cluster,rmarcar/rmarcar,CANCELLED (exit code 0),1,4,00:00:00,0.00,00:17:05,0.00 MB (estimated maximum),0.00,,,
70495,ihealth-cluster,chriscidl/chriscidl,TIMEOUT (exit code 0),1,2,00:00:02,0.01,03:00:14,73.66 MB,0.36,,,
70496,ihealth-cluster,rmarcar/rmarcar,CANCELLED (exit code 0),,,00:00:00,0.00,00:00:00,0.00 MB (estimated maximum),0.00,1,,
70497,ihealth-cluster,rmarcar/rmarcar,CANCELLED (exit code 0),,,00:00:00,0.00,00:00:00,0.00 MB (estimated maximum),0.00,1,,
70498,ihealth-cluster,bllancao/bllancao,COMPLETED (exit code 0),1,2,00:00:33,58.93,00:00:28,27.62 MB,0.09,,,
70499,ihealth-cluster,bllancao/bllancao,CANCELLED (exit code 0),1,20,01:09:47,86.51,00:04:02,87.31,87.31,,,
70500,ihealth-cluster,mgonzalez/mgonzalez,CANCELLED (exit code 0),,,00:00:00,0.00,00:00:00,0.00 MB (estimated maximum),0.00,1,,
70501,ihealth-cluster,cgrivera/cgrivera,COMPLETED (exit code 0),1,2,00:01:07,42.41,00:01:19,1.14,2.28,,,
70502,ihealth-cluster,cgrivera/cgrivera,COMPLETED (exit code 0),1,2,00:04:51,48.99,00:04:57,934.45 MB,1.83,,,
70503,ihealth-cluster,cgrivera/cgrivera,COMPLETED (exit code 0),1,2,00:04:51,49.32,00:04:55,862.93 MB,1.69,,,
70504,ihealth-cluster,fjmadariagal/fjmadariagal,CANCELLED (exit code 0),,,00:00:00,0.00,00:00:00,0.00 MB (estimated maximum),0.00,1,,
70505,ihealth-cluster,bllancao/bllancao,CANCELLED (exit code 0),1,20,00:00:09,3.00,00:00:15,554.51 MB,0.54,,,
70506,ihealth-cluster,fjmadariagal/fjmadariagal,CANCELLED (exit code 0),,,00:00:00,0.00,00:00:00,0.00 MB (estimated maximum),0.00,1,,
70507,ihealth-cluster,bllancao/bllancao,CANCELLED (exit code 0),1,20,00:00:23,5.00,00:00:23,1.77,1.77,,,
70508,ihealth-cluster,bllancao/bllancao,CANCELLED (exit code 0),,,00:00:00,0.00,00:00:00,0.00 MB (estimated maximum),0.00,1,,
70509,ihealth-cluster,maparegal/maparegal,CANCELLED (exit code 0),,,00:00:00,0.00,00:00:00,0.00 MB (estimated maximum),0.00,1,,
70510,ihealth-cluster,maparegal/maparegal,CANCELLED (exit code 0),,,00:00:00,0.00,00:00:00,0.00 MB (estimated maximum),0.00,1,,
70511,ihealth-cluster,maparegal/maparegal,COMPLETED (exit code 0),1,2,10:54:03,57.68,09:27:00,10.25,25.61,,,
70512,ihealth-cluster,pamessina/pamessina,CANCELLED (exit code 0),,,00:00:00,0.00,00:00:00,0.00 MB (estimated maximum),0.00,1,,
70513,ihealth-cluster,pamessina/pamessina,CANCELLED (exit code 0),,,00:00:00,0.00,00:00:00,0.00 MB (estimated maximum),0.00,1,,
70514,ihealth-cluster,pamessina/pamessina,CANCELLED (exit code 0),,,00:00:00,0.00,00:00:00,0.00 MB (estimated maximum),0.00,1,,
70515,ihealth-cluster,bllancao/bllancao,CANCELLED (exit code 0),,,00:00:00,0.00,00:00:00,0.00 MB (estimated maximum),0.00,1,,
70516,ihealth-cluster,bllancao/bllancao,FAILED (exit code 1),1,20,00:01:12,12.41,00:00:29,1.76 MB,0.00,,,
70517,ihealth-cluster,pamessina/pamessina,TIMEOUT (exit code 0),1,8,02:17:41,9.55,03:00:16,19.97,99.86,,,
70518,ihealth-cluster,pamessina/pamessina,CANCELLED (exit code 0),,,00:00:00,0.00,00:00:00,0.00 MB (estimated maximum),0.00,1,,
70519,ihealth-cluster,bllancao/bllancao,FAILED (exit code 1),1,20,00:00:57,10.56,00:00:27,452.00 KB,0.00,,,
70520,ihealth-cluster,bllancao/bllancao,COMPLETED (exit code 0),1,20,09:36:41,31.83,01:30:35,74.73,74.73,,,
70521,ihealth-cluster,bllancao/bllancao,COMPLETED (exit code 0),1,20,00:01:00,8.11,00:00:37,4.63,4.63,,,
70522,ihealth-cluster,debuguser/debuguser,FAILED (exit code 1),1,2,00:00:04,28.57,00:00:07,368.46 MB,4.50,,,
70523,ihealth-cluster,debuguser/debuguser,CANCELLED (exit code 0),,,00:00:00,0.00,00:00:00,0.00 MB (estimated maximum),0.00,1,,
70524,ihealth-cluster,maparegal/maparegal,TIMEOUT (exit code 0),1,2,00:00:19,0.09,03:00:25,530.91 MB,2.59,,,
70525,ihealth-cluster,vruizval/vruizval,FAILED (exit code 1),1,12,00:00:06,7.14,00:00:07,111.28 MB,0.18,,,
70526,ihealth-cluster,vruizval/vruizval,FAILED (exit code 1),1,12,00:00:06,8.33,00:00:06,332.00 KB,0.00,,,
70527,ihealth-cluster,vruizval/vruizval,COMPLETED (exit code 0),1,12,06:12:39,14.91,03:28:19,13.95,23.26,,,
70528,ihealth-cluster,vruizval/vruizval,COMPLETED (exit code 0),1,12,05:46:41,13.69,03:31:01,13.13,21.89,,,
70529,ihealth-cluster,vruizval/vruizval,COMPLETED (exit code 0),1,12,06:04:25,16.33,03:05:56,15.84,26.40,,,
70530,ihealth-cluster,maparegal/maparegal,FAILED (exit code 1),1,2,00:00:23,46.00,00:00:25,5.64 MB,0.01,,,
70531,ihealth-cluster,maparegal/maparegal,COMPLETED (exit code 0),1,2,08:18:28,58.09,07:09:01,9.36,23.40,,,
70532,ihealth-cluster,bllancao/bllancao,CANCELLED (exit code 0),,,00:00:00,0.00,00:00:00,0.00 MB (estimated maximum),0.00,1,,
70533,ihealth-cluster,bllancao/bllancao,CANCELLED (exit code 0),,,00:00:00,0.00,00:00:00,0.00 MB (estimated maximum),0.00,1,,
70534,ihealth-cluster,bllancao/bllancao,CANCELLED (exit code 0),1,20,00:08:24,9.69,00:04:20,11.90,11.90,,,
70535,ihealth-cluster,fjmadariagal/fjmadariagal,TIMEOUT (exit code 0),1,2,00:00:14,0.19,01:00:29,2.80,71.80,,,
70536,ihealth-cluster,bllancao/bllancao,COMPLETED (exit code 0),1,20,17:12:04,13.43,06:24:17,60.82,60.82,,,
70537,ihealth-cluster,pamessina/pamessina,TIMEOUT (exit code 0),1,8,01:45:26,7.30,03:00:27,19.97,99.86,,,
70538,ihealth-cluster,bllancao/bllancao,CANCELLED (exit code 0),1,20,00:00:17,5.31,00:00:16,4.04 MB,0.00,,,
70539,ihealth-cluster,bllancao/bllancao,COMPLETED (exit code 0),1,20,03:58:21,13.20,01:30:15,27.16,27.16,,,
70540,ihealth-cluster,fjmadariagal/fjmadariagal,COMPLETED (exit code 0),1,2,00:00:15,0.22,00:57:02,1.97,50.37,,,
70541,ihealth-cluster,pamessina/pamessina,TIMEOUT (exit code 0),1,8,00:00:04,0.00,03:00:06,165.89 MB,0.81,,,
70542,ihealth-cluster,vruizval/vruizval,COMPLETED (exit code 0),1,12,08:54:37,19.36,03:50:09,11.01,18.35,,,
70543,ihealth-cluster,vruizval/vruizval,COMPLETED (exit code 0),1,12,09:33:26,21.87,03:38:33,9.76,16.27,,,
70544,ihealth-cluster,vruizval/vruizval,COMPLETED (exit code 0),1,12,08:53:54,19.03,03:53:51,12.36,20.61,,,
70545,ihealth-cluster,pamessina/pamessina,TIMEOUT (exit code 0),1,8,1-00:00:16,12.50,1-00:00:14,31.97,99.92,,,
70546,ihealth-cluster,maparegal/maparegal,COMPLETED (exit code 0),1,2,10:05:20,58.51,08:37:18,9.27,23.17,,,
70547,ihealth-cluster,pamessina/pamessina,TIMEOUT (exit code 0),1,8,00:03:51,0.27,03:00:07,14.47,72.33,,,
70548,ihealth-cluster,maparegal/maparegal,COMPLETED (exit code 0),1,2,08:54:00,58.17,07:39:02,9.10,22.76,,,
70549,ihealth-cluster,bllancao/bllancao,COMPLETED (exit code 0),1,10,01:30:43,8.67,01:44:35,8.35,16.71,,,
70550,ihealth-cluster,bllancao/bllancao,COMPLETED (exit code 0),1,10,00:03:55,14.69,00:02:40,7.77,15.55,,,
70551,ihealth-cluster,bllancao/bllancao,CANCELLED (exit code 0),1,20,00:00:46,3.24,00:01:11,373.30 MB,0.36,,,
70552,ihealth-cluster,bllancao/bllancao,COMPLETED (exit code 0),1,20,17:51:01,11.94,07:28:32,45.42,45.42,,,
70553,ihealth-cluster,bllancao/bllancao,CANCELLED (exit code 0),,,00:00:00,0.00,00:00:00,0.00 MB (estimated maximum),0.00,1,,
70554,ihealth-cluster,bllancao/bllancao,COMPLETED (exit code 0),1,10,00:00:36,11.25,00:00:32,1.52,3.04,,,
70555,ihealth-cluster,bllancao/bllancao,CANCELLED (exit code 0),1,10,00:03:10,13.87,00:02:17,3.52,7.04,,,
70556,ihealth-cluster,bllancao/bllancao,COMPLETED (exit code 0),1,10,01:26:35,8.43,01:42:45,3.62,7.25,,,
70557,ihealth-cluster,vruizval/vruizval,FAILED (exit code 1),1,12,00:00:07,7.29,00:00:08,1.73,2.88,,,
70558,ihealth-cluster,vruizval/vruizval,COMPLETED (exit code 0),1,12,08:36:36,14.19,05:03:27,18.59,30.98,,,
70559,ihealth-cluster,jebisbal/jebisbal,TIMEOUT (exit code 0),1,2,00:11:11,9.27,01:00:19,4.04,20.18,,,
70560,ihealth-cluster,rmarcar/rmarcar,COMPLETED (exit code 0),1,4,00:00:00,0.00,00:28:32,0.00 MB (estimated maximum),0.00,,,
70561,ihealth-cluster,cgvallea/cgvallea,COMPLETED (exit code 0),1,2,00:00:01,50.00,00:00:01,5.98 MB,0.04,,,
70562,ihealth-cluster,cgvallea/cgvallea,COMPLETED (exit code 0),1,2,00:00:03,37.50,00:00:04,40.56 MB,0.25,,,
70563,ihealth-cluster,cgvallea/cgvallea,FAILED (exit code 1),1,2,00:00:06,42.86,00:00:07,373.66 MB,2.28,,,
70564,ihealth-cluster,cgvallea/cgvallea,FAILED (exit code 1),1,2,00:00:06,50.00,00:00:06,116.00 KB,0.00,,,
70565,ihealth-cluster,cgvallea/cgvallea,FAILED (exit code 1),1,2,00:00:05,41.67,00:00:06,136.00 KB,0.00,,,
70566,ihealth-cluster,cgvallea/cgvallea,FAILED (exit code 1),1,2,00:00:06,50.00,00:00:06,612.00 KB,0.00,,,
70567,ihealth-cluster,cgvallea/cgvallea,FAILED (exit code 1),1,2,00:00:02,33.33,00:00:03,156.00 KB,0.00,,,
70568,ihealth-cluster,cgvallea/cgvallea,FAILED (exit code 1),1,2,00:00:02,33.33,00:00:03,156.00 KB,0.00,,,
70569,ihealth-cluster,cgvallea/cgvallea,FAILED (exit code 1),1,2,00:00:02,33.33,00:00:03,172.00 KB,0.00,,,
70570,ihealth-cluster,cgvallea/cgvallea,FAILED (exit code 1),1,2,00:00:02,33.33,00:00:03,156.00 KB,0.00,,,
70571,ihealth-cluster,cgvallea/cgvallea,FAILED (exit code 1),1,2,00:00:02,33.33,00:00:03,136.00 KB,0.00,,,
70572,ihealth-cluster,cgvallea/cgvallea,COMPLETED (exit code 0),1,2,00:00:05,41.67,00:00:06,1.11 MB,0.01,,,
70573,ihealth-cluster,rmarcar/rmarcar,COMPLETED (exit code 0),1,4,00:00:00,0.00,00:01:01,0.00 MB (estimated maximum),0.00,,,
70574,ihealth-cluster,cgvallea/cgvallea,COMPLETED (exit code 0),1,2,00:00:05,41.67,00:00:06,136.00 KB,0.00,,,
70575,ihealth-cluster,rmarcar/rmarcar,COMPLETED (exit code 0),1,4,00:00:00,0.00,00:00:26,0.00 MB (estimated maximum),0.00,,,
70576,ihealth-cluster,cgvallea/cgvallea,COMPLETED (exit code 0),1,2,00:00:05,41.67,00:00:06,264.00 KB,0.00,,,
70577,ihealth-cluster,rmarcar/rmarcar,COMPLETED (exit code 0),1,4,00:00:00,0.00,00:28:10,0.00 MB (estimated maximum),0.00,,,
70578,ihealth-cluster,cgvallea/cgvallea,COMPLETED (exit code 0),1,2,00:00:06,50.00,00:00:06,268.00 KB,0.00,,,
70579,ihealth-cluster,cgvallea/cgvallea,COMPLETED (exit code 0),1,2,00:00:06,50.00,00:00:06,672.00 KB,0.00,,,
70580,ihealth-cluster,cgvallea/cgvallea,FAILED (exit code 1),1,2,00:00:05,50.00,00:00:05,140.00 KB,0.00,,,
70581,ihealth-cluster,cgvallea/cgvallea,COMPLETED (exit code 0),1,2,00:00:06,50.00,00:00:06,260.00 KB,0.00,,,
70582,ihealth-cluster,cgvallea/cgvallea,COMPLETED (exit code 0),1,2,00:00:06,42.86,00:00:07,220.00 KB,0.00,,,
70583,ihealth-cluster,cgvallea/cgvallea,COMPLETED (exit code 0),1,2,00:00:06,50.00,00:00:06,248.00 KB,0.00,,,
70584,ihealth-cluster,cgvallea/cgvallea,COMPLETED (exit code 0),1,2,00:00:06,50.00,00:00:06,220.00 KB,0.00,,,
70585,ihealth-cluster,cgvallea/cgvallea,COMPLETED (exit code 0),1,2,00:00:06,50.00,00:00:06,284.00 KB,0.00,,,
70586,ihealth-cluster,cgvallea/cgvallea,COMPLETED (exit code 0),1,2,00:00:06,50.00,00:00:06,444.00 KB,0.00,,,
70587,ihealth-cluster,cgvallea/cgvallea,COMPLETED (exit code 0),1,2,00:00:06,50.00,00:00:06,400.00 KB,0.00,,,
70588,ihealth-cluster,cgvallea/cgvallea,COMPLETED (exit code 0),1,2,00:00:06,50.00,00:00:06,460.00 KB,0.00,,,
70589,ihealth-cluster,cgvallea/cgvallea,FAILED (exit code 1),1,2,00:01:46,48.18,00:01:50,4.98,31.13,,,
70590,ihealth-cluster,cgvallea/cgvallea,FAILED (exit code 1),1,2,00:02:28,54.81,00:02:15,178.12 MB,1.09,,70590_5,
70591,ihealth-cluster,cgvallea/cgvallea,FAILED (exit code 1),1,2,00:02:40,54.79,00:02:26,150.97 MB,0.92,,70590_1,
70592,ihealth-cluster,cgvallea/cgvallea,FAILED (exit code 1),1,2,00:02:38,54.48,00:02:25,174.09 MB,1.06,,70590_2,
70593,ihealth-cluster,cgvallea/cgvallea,FAILED (exit code 1),1,2,00:02:38,54.86,00:02:24,177.48 MB,1.08,,70590_3,
70594,ihealth-cluster,cgvallea/cgvallea,FAILED (exit code 1),1,2,00:02:30,54.74,00:02:17,172.41 MB,1.05,,70590_4,
70595,ihealth-cluster,maparegal/maparegal,COMPLETED (exit code 0),1,2,08:58:16,57.95,07:44:23,9.30,23.25,,,
70596,ihealth-cluster,cgvallea/cgvallea,FAILED (exit code 1),1,2,00:00:41,53.95,00:00:38,3.93 MB,0.02,,70596_5,
70597,ihealth-cluster,cgvallea/cgvallea,FAILED (exit code 1),1,2,00:00:49,53.26,00:00:46,127.04 MB,0.78,,70596_1,
70598,ihealth-cluster,cgvallea/cgvallea,FAILED (exit code 1),1,2,00:00:46,53.49,00:00:43,135.11 MB,0.82,,70596_2,
70599,ihealth-cluster,cgvallea/cgvallea,FAILED (exit code 1),1,2,00:00:48,53.33,00:00:45,120.48 MB,0.74,,70596_3,
70600,ihealth-cluster,cgvallea/cgvallea,FAILED (exit code 1),1,2,00:00:42,53.85,00:00:39,97.98 MB,0.60,,70596_4,
70601,ihealth-cluster,cgvallea/cgvallea,CANCELLED (exit code 0),1,2,00:01:11,51.45,00:01:09,176.92 MB,1.08,,70601_5,
70602,ihealth-cluster,cgvallea/cgvallea,CANCELLED (exit code 0),1,2,00:01:11,51.45,00:01:09,187.94 MB,1.15,,70601_1,
70603,ihealth-cluster,cgvallea/cgvallea,CANCELLED (exit code 0),1,2,00:01:12,52.17,00:01:09,182.90 MB,1.12,,70601_2,
70604,ihealth-cluster,cgvallea/cgvallea,CANCELLED (exit code 0),1,2,00:01:11,51.45,00:01:09,177.47 MB,1.08,,70601_3,
70605,ihealth-cluster,cgvallea/cgvallea,CANCELLED (exit code 0),1,2,00:01:11,51.45,00:01:09,171.88 MB,1.05,,70601_4,
70606,ihealth-cluster,cgvallea/cgvallea,CANCELLED (exit code 0),1,2,00:00:26,50.00,00:00:26,175.06 MB,1.07,,70606_5,
70607,ihealth-cluster,cgvallea/cgvallea,CANCELLED (exit code 0),1,2,00:00:27,51.92,00:00:26,187.52 MB,1.14,,70606_1,
70608,ihealth-cluster,cgvallea/cgvallea,CANCELLED (exit code 0),1,2,00:00:27,51.92,00:00:26,114.77 MB,0.70,,70606_2,
70609,ihealth-cluster,cgvallea/cgvallea,CANCELLED (exit code 0),1,2,00:00:27,51.92,00:00:26,170.35 MB,1.04,,70606_3,
70610,ihealth-cluster,cgvallea/cgvallea,CANCELLED (exit code 0),1,2,00:00:27,51.92,00:00:26,169.19 MB,1.03,,70606_4,
70611,ihealth-cluster,cgvallea/cgvallea,CANCELLED (exit code 0),1,2,00:00:26,17.33,00:01:15,860.55 MB,5.25,,70611_5,
70612,ihealth-cluster,cgvallea/cgvallea,CANCELLED (exit code 0),1,2,00:00:26,17.11,00:01:16,893.40 MB,5.45,,70611_1,
70613,ihealth-cluster,cgvallea/cgvallea,CANCELLED (exit code 0),1,2,00:00:22,14.47,00:01:16,956.90 MB,5.84,,70611_2,
70614,ihealth-cluster,cgvallea/cgvallea,CANCELLED (exit code 0),1,2,00:00:22,14.67,00:01:15,942.79 MB,5.75,,70611_3,
70615,ihealth-cluster,cgvallea/cgvallea,CANCELLED (exit code 0),1,2,00:00:25,16.67,00:01:15,830.79 MB,5.07,,70611_4,
70616,ihealth-cluster,cgvallea/cgvallea,CANCELLED (exit code 0),1,2,00:00:17,16.35,00:00:52,174.52 MB,1.07,,70616_5,
70617,ihealth-cluster,cgvallea/cgvallea,CANCELLED (exit code 0),1,2,00:00:15,14.15,00:00:53,188.89 MB,1.15,,70616_1,
70618,ihealth-cluster,cgvallea/cgvallea,CANCELLED (exit code 0),1,2,00:00:16,15.38,00:00:52,184.39 MB,1.13,,70616_2,
70619,ihealth-cluster,cgvallea/cgvallea,CANCELLED (exit code 0),1,2,00:00:16,15.38,00:00:52,175.61 MB,1.07,,70616_3,
70620,ihealth-cluster,cgvallea/cgvallea,CANCELLED (exit code 0),1,2,00:00:18,17.31,00:00:52,169.50 MB,1.03,,70616_4,
70621,ihealth-cluster,cgvallea/cgvallea,FAILED (exit code 1),1,2,00:00:06,50.00,00:00:06,136.00 KB,0.00,,,
70622,ihealth-cluster,cgvallea/cgvallea,CANCELLED (exit code 0),1,2,00:01:11,51.45,00:01:09,177.52 MB,1.08,,70622_5,
70623,ihealth-cluster,cgvallea/cgvallea,CANCELLED (exit code 0),1,2,00:01:11,51.45,00:01:09,173.28 MB,1.06,,70622_1,
70624,ihealth-cluster,cgvallea/cgvallea,CANCELLED (exit code 0),1,2,00:01:09,50.00,00:01:09,172.98 MB,1.06,,70622_2,
70625,ihealth-cluster,cgvallea/cgvallea,CANCELLED (exit code 0),1,2,00:01:10,50.72,00:01:09,172.65 MB,1.05,,70622_3,
70626,ihealth-cluster,cgvallea/cgvallea,CANCELLED (exit code 0),1,2,00:01:11,51.45,00:01:09,171.92 MB,1.05,,70622_4,
70627,ihealth-cluster,cgvallea/cgvallea,CANCELLED (exit code 0),1,2,00:00:24,50.00,00:00:24,12.61 MB,0.08,,70627_5,
70628,ihealth-cluster,cgvallea/cgvallea,CANCELLED (exit code 0),1,2,00:00:23,47.92,00:00:24,95.28 MB,0.58,,70627_1,
70629,ihealth-cluster,cgvallea/cgvallea,CANCELLED (exit code 0),1,2,00:00:24,50.00,00:00:24,182.72 MB,1.12,,70627_2,
70630,ihealth-cluster,cgvallea/cgvallea,CANCELLED (exit code 0),1,2,00:00:23,47.92,00:00:24,168.09 MB,1.03,,70627_3,
70631,ihealth-cluster,cgvallea/cgvallea,CANCELLED (exit code 0),1,2,00:00:24,50.00,00:00:24,165.55 MB,1.01,,70627_4,
70632,ihealth-cluster,cgvallea/cgvallea,CANCELLED (exit code 0),1,2,00:00:19,19.79,00:00:48,175.53 MB,1.07,,70632_5,
70633,ihealth-cluster,cgvallea/cgvallea,CANCELLED (exit code 0),1,2,00:00:21,21.88,00:00:48,186.02 MB,1.14,,70632_1,
70634,ihealth-cluster,cgvallea/cgvallea,CANCELLED (exit code 0),1,2,00:00:19,19.79,00:00:48,171.35 MB,1.05,,70632_2,
70635,ihealth-cluster,cgvallea/cgvallea,CANCELLED (exit code 0),1,2,00:00:19,19.79,00:00:48,228.51 MB,1.39,,70632_3,
70636,ihealth-cluster,cgvallea/cgvallea,CANCELLED (exit code 0),1,2,00:00:21,21.88,00:00:48,170.68 MB,1.04,,70632_4,
70637,ihealth-cluster,cgvallea/cgvallea,CANCELLED (exit code 0),1,2,00:00:05,17.86,00:00:14,186.75 MB,1.14,,,
70638,ihealth-cluster,cgvallea/cgvallea,FAILED (exit code 1),1,2,00:00:06,50.00,00:00:06,136.00 KB,0.00,,,
70639,ihealth-cluster,cgvallea/cgvallea,COMPLETED (exit code 0),1,2,00:00:07,50.00,00:00:07,316.00 KB,0.00,,,
70640,ihealth-cluster,cgvallea/cgvallea,COMPLETED (exit code 0),1,2,00:00:07,50.00,00:00:07,476.00 KB,0.00,,,
70641,ihealth-cluster,cgvallea/cgvallea,COMPLETED (exit code 0),1,2,00:00:07,50.00,00:00:07,412.00 KB,0.00,,,
70642,ihealth-cluster,cgvallea/cgvallea,CANCELLED (exit code 0),1,2,00:00:15,0.11,01:50:43,217.14 MB,2.65,,,
70643,ihealth-cluster,jebisbal/jebisbal,COMPLETED (exit code 0),1,2,00:00:00,0.00,00:00:26,0.00 MB (estimated maximum),0.00,,,
70644,ihealth-cluster,jebisbal/jebisbal,FAILED (exit code 137),1,2,00:10:08,9.09,00:55:44,3.23,16.17,,,
70645,ihealth-cluster,cgvallea/cgvallea,COMPLETED (exit code 0),1,2,00:00:10,38.46,00:00:13,1.18 MB,0.01,,,
70646,ihealth-cluster,cgvallea/cgvallea,COMPLETED (exit code 0),1,2,00:00:09,45.00,00:00:10,1.11 MB,0.01,,,
70647,ihealth-cluster,bllancao/bllancao,COMPLETED (exit code 0),1,20,00:00:28,5.19,00:00:27,2.21 MB,0.00,,,
70648,ihealth-cluster,cgvallea/cgvallea,COMPLETED (exit code 0),1,2,00:00:09,50.00,00:00:09,1.11 MB,0.01,,,
70649,ihealth-cluster,bllancao/bllancao,CANCELLED (exit code 0),1,20,00:00:16,5.33,00:00:15,4.04 MB,0.00,,,
70650,ihealth-cluster,bllancao/bllancao,COMPLETED (exit code 0),1,20,18:52:17,11.25,08:23:27,45.55,45.55,,,
70651,ihealth-cluster,cgvallea/cgvallea,COMPLETED (exit code 0),1,2,00:00:06,42.86,00:00:07,1.09 MB,0.01,,,
70652,ihealth-cluster,cgvallea/cgvallea,COMPLETED (exit code 0),1,2,00:00:06,42.86,00:00:07,1.11 MB,0.01,,,
70653,ihealth-cluster,cgrivera/cgrivera,FAILED (exit code 1),1,2,00:00:05,27.78,00:00:09,76.05 MB,0.19,,,
70654,ihealth-cluster,cgrivera/cgrivera,COMPLETED (exit code 0),1,2,00:02:08,87.67,00:01:13,2.30,5.76,,,
70655,ihealth-cluster,cgvallea/cgvallea,FAILED (exit code 1),1,2,00:00:02,50.00,00:00:02,112.00 KB,0.00,,,
70656,ihealth-cluster,cgvallea/cgvallea,FAILED (exit code 1),1,2,00:00:02,50.00,00:00:02,108.00 KB,0.00,,,
70657,ihealth-cluster,cgvallea/cgvallea,FAILED (exit code 1),1,2,00:00:02,50.00,00:00:02,108.00 KB,0.00,,,
70658,ihealth-cluster,cgvallea/cgvallea,FAILED (exit code 1),1,2,00:00:02,50.00,00:00:02,108.00 KB,0.00,,,
70659,ihealth-cluster,cgvallea/cgvallea,FAILED (exit code 1),1,2,00:00:02,100.00,00:00:01,108.00 KB,0.00,,,
70660,ihealth-cluster,cgvallea/cgvallea,FAILED (exit code 1),1,2,00:00:02,100.00,00:00:01,108.00 KB,0.00,,,
70661,ihealth-cluster,cgvallea/cgvallea,COMPLETED (exit code 0),1,2,00:00:06,50.00,00:00:06,1.12 MB,0.01,,,
70662,ihealth-cluster,cgrivera/cgrivera,COMPLETED (exit code 0),1,2,06:30:23,99.42,03:16:20,8.11,13.52,,,
70663,ihealth-cluster,cgvallea/cgvallea,FAILED (exit code 1),1,2,00:00:06,42.86,00:00:07,2.67 MB,0.02,,,
70664,ihealth-cluster,cgvallea/cgvallea,COMPLETED (exit code 0),1,2,00:00:06,42.86,00:00:07,1.42 MB,0.01,,,
70665,ihealth-cluster,cgvallea/cgvallea,COMPLETED (exit code 0),1,2,00:00:07,38.89,00:00:09,35.68 MB,0.22,,,
70666,ihealth-cluster,cgvallea/cgvallea,COMPLETED (exit code 0),1,2,00:00:07,50.00,00:00:07,1.12 MB,0.01,,,
70667,ihealth-cluster,cgvallea/cgvallea,COMPLETED (exit code 0),1,2,00:00:07,50.00,00:00:07,1.27 MB,0.01,,,
70668,ihealth-cluster,cgvallea/cgvallea,COMPLETED (exit code 0),1,2,00:00:06,42.86,00:00:07,1.26 MB,0.01,,,
70669,ihealth-cluster,cgvallea/cgvallea,COMPLETED (exit code 0),1,2,00:00:06,42.86,00:00:07,1.27 MB,0.01,,,
70670,ihealth-cluster,cgvallea/cgvallea,FAILED (exit code 1),1,2,00:00:06,50.00,00:00:06,972.00 KB,0.01,,,
70671,ihealth-cluster,cgvallea/cgvallea,COMPLETED (exit code 0),1,2,00:00:06,42.86,00:00:07,1.24 MB,0.01,,,
70672,ihealth-cluster,cgvallea/cgvallea,COMPLETED (exit code 0),1,2,00:00:06,42.86,00:00:07,1.27 MB,0.01,,,
70673,ihealth-cluster,cgvallea/cgvallea,COMPLETED (exit code 0),1,2,00:00:07,58.33,00:00:06,1.27 MB,0.01,,,
70674,ihealth-cluster,cgvallea/cgvallea,COMPLETED (exit code 0),1,2,00:00:06,42.86,00:00:07,1.27 MB,0.01,,,
70675,ihealth-cluster,cgvallea/cgvallea,COMPLETED (exit code 0),1,2,00:00:07,50.00,00:00:07,1.27 MB,0.01,,,
70676,ihealth-cluster,cgvallea/cgvallea,COMPLETED (exit code 0),1,2,00:00:06,42.86,00:00:07,1.27 MB,0.01,,,
70677,ihealth-cluster,cgvallea/cgvallea,COMPLETED (exit code 0),1,2,00:00:07,50.00,00:00:07,1.27 MB,0.01,,,
70678,ihealth-cluster,cgvallea/cgvallea,COMPLETED (exit code 0),1,2,00:00:07,50.00,00:00:07,1.27 MB,0.01,,,
70679,ihealth-cluster,cgvallea/cgvallea,COMPLETED (exit code 0),1,2,00:00:07,58.33,00:00:06,1.27 MB,0.01,,,
70680,ihealth-cluster,rmarcar/rmarcar,COMPLETED (exit code 0),1,4,00:00:48,5.71,00:03:30,4.57,28.58,,,
70681,ihealth-cluster,cgvallea/cgvallea,COMPLETED (exit code 0),1,2,00:00:06,42.86,00:00:07,1.25 MB,0.01,,,
70682,ihealth-cluster,cgvallea/cgvallea,COMPLETED (exit code 0),1,2,00:00:07,50.00,00:00:07,1.27 MB,0.01,,,
70683,ihealth-cluster,cgvallea/cgvallea,COMPLETED (exit code 0),1,2,00:00:07,50.00,00:00:07,1.25 MB,0.01,,,
70684,ihealth-cluster,cgvallea/cgvallea,FAILED (exit code 1),1,2,00:00:06,50.00,00:00:06,856.00 KB,0.01,,,
70685,ihealth-cluster,cgvallea/cgvallea,COMPLETED (exit code 0),1,2,00:00:07,58.33,00:00:06,1.72 MB,0.01,,,
70686,ihealth-cluster,cgvallea/cgvallea,COMPLETED (exit code 0),1,2,00:00:07,50.00,00:00:07,1.08 MB,0.01,,,
70687,ihealth-cluster,cgvallea/cgvallea,COMPLETED (exit code 0),1,2,00:00:07,50.00,00:00:07,1.09 MB,0.01,,,
70688,ihealth-cluster,cgvallea/cgvallea,COMPLETED (exit code 0),1,2,00:00:07,50.00,00:00:07,1.09 MB,0.01,,,
70689,ihealth-cluster,cgvallea/cgvallea,COMPLETED (exit code 0),1,2,00:00:06,50.00,00:00:06,1.11 MB,0.01,,,
70690,ihealth-cluster,cgvallea/cgvallea,COMPLETED (exit code 0),1,2,00:00:06,42.86,00:00:07,1.10 MB,0.01,,,
70691,ihealth-cluster,cgvallea/cgvallea,FAILED (exit code 1),1,2,00:00:27,54.00,00:00:25,209.28 MB,10.22,,70691_6,
70692,ihealth-cluster,cgvallea/cgvallea,FAILED (exit code 1),1,2,00:00:32,53.33,00:00:30,275.36 MB,13.45,,70691_0,
70693,ihealth-cluster,cgvallea/cgvallea,FAILED (exit code 1),1,2,00:00:27,54.00,00:00:25,204.90 MB,10.00,,70691_1,
70694,ihealth-cluster,cgvallea/cgvallea,FAILED (exit code 1),1,2,00:00:28,56.00,00:00:25,205.24 MB,10.02,,70691_2,
70695,ihealth-cluster,cgvallea/cgvallea,FAILED (exit code 1),1,2,00:00:32,53.33,00:00:30,275.72 MB,13.46,,70691_3,
70696,ihealth-cluster,cgvallea/cgvallea,FAILED (exit code 1),1,2,00:00:22,55.00,00:00:20,137.21 MB,6.70,,70691_4,
70697,ihealth-cluster,cgvallea/cgvallea,FAILED (exit code 1),1,2,00:00:27,54.00,00:00:25,208.86 MB,10.20,,70691_5,
70698,ihealth-cluster,cgvallea/cgvallea,FAILED (exit code 1),1,2,00:00:11,50.00,00:00:11,448.00 KB,0.02,,70698_6,
70699,ihealth-cluster,cgvallea/cgvallea,FAILED (exit code 1),1,2,00:00:12,54.55,00:00:11,568.00 KB,0.03,,70698_0,
70700,ihealth-cluster,cgvallea/cgvallea,FAILED (exit code 1),1,2,00:00:12,54.55,00:00:11,556.00 KB,0.03,,70698_1,
70701,ihealth-cluster,cgvallea/cgvallea,FAILED (exit code 1),1,2,00:00:12,50.00,00:00:12,540.00 KB,0.03,,70698_2,
70702,ihealth-cluster,cgvallea/cgvallea,FAILED (exit code 1),1,2,00:00:12,50.00,00:00:12,556.00 KB,0.03,,70698_3,
70703,ihealth-cluster,cgvallea/cgvallea,FAILED (exit code 1),1,2,00:00:12,54.55,00:00:11,452.00 KB,0.02,,70698_4,
70704,ihealth-cluster,cgvallea/cgvallea,FAILED (exit code 1),1,2,00:00:11,50.00,00:00:11,436.00 KB,0.02,,70698_5,
70705,ihealth-cluster,cgvallea/cgvallea,FAILED (exit code 1),1,2,00:00:12,54.55,00:00:11,452.00 KB,0.02,,70705_6,
70706,ihealth-cluster,cgvallea/cgvallea,FAILED (exit code 1),1,2,00:00:13,54.17,00:00:12,568.00 KB,0.03,,70705_0,
70707,ihealth-cluster,cgvallea/cgvallea,FAILED (exit code 1),1,2,00:00:13,54.17,00:00:12,544.00 KB,0.03,,70705_1,
70708,ihealth-cluster,cgvallea/cgvallea,FAILED (exit code 1),1,2,00:00:13,54.17,00:00:12,536.00 KB,0.03,,70705_2,
70709,ihealth-cluster,cgvallea/cgvallea,FAILED (exit code 1),1,2,00:00:13,54.17,00:00:12,556.00 KB,0.03,,70705_3,
70710,ihealth-cluster,cgvallea/cgvallea,FAILED (exit code 1),1,2,00:00:12,54.55,00:00:11,456.00 KB,0.02,,70705_4,
70711,ihealth-cluster,cgvallea/cgvallea,FAILED (exit code 1),1,2,00:00:12,54.55,00:00:11,444.00 KB,0.02,,70705_5,
70712,ihealth-cluster,cgvallea/cgvallea,FAILED (exit code 1),1,2,00:00:03,37.50,00:00:04,25.72 MB,1.26,,,
70713,ihealth-cluster,cgvallea/cgvallea,FAILED (exit code 1),1,2,00:00:03,50.00,00:00:03,256.00 KB,0.01,,,
70714,ihealth-cluster,cgvallea/cgvallea,COMPLETED (exit code 0),1,2,00:00:07,50.00,00:00:07,904.00 KB,0.01,,,
70715,ihealth-cluster,cgvallea/cgvallea,COMPLETED (exit code 0),1,2,00:00:07,50.00,00:00:07,928.00 KB,0.01,,,
70716,ihealth-cluster,cgvallea/cgvallea,COMPLETED (exit code 0),1,2,00:00:07,50.00,00:00:07,1.12 MB,0.01,,,
70717,ihealth-cluster,cgvallea/cgvallea,FAILED (exit code 1),1,2,00:00:02,33.33,00:00:03,256.00 KB,0.01,,,
70718,ihealth-cluster,cgvallea/cgvallea,FAILED (exit code 1),1,2,00:00:02,33.33,00:00:03,116.00 KB,0.01,,,
70719,ihealth-cluster,cgvallea/cgvallea,FAILED (exit code 1),1,2,00:00:02,33.33,00:00:03,116.00 KB,0.01,,,
70720,ihealth-cluster,cgvallea/cgvallea,FAILED (exit code 1),1,2,00:00:02,33.33,00:00:03,112.00 KB,0.01,,,
70721,ihealth-cluster,jebisbal/jebisbal,FAILED (exit code 137),1,2,00:23:12,19.55,00:59:20,4.29,21.45,,,
70722,ihealth-cluster,cgvallea/cgvallea,FAILED (exit code 1),1,2,00:00:03,50.00,00:00:03,248.00 KB,0.01,,,
70723,ihealth-cluster,cgvallea/cgvallea,FAILED (exit code 1),1,2,00:00:02,33.33,00:00:03,156.00 KB,0.01,,,
70724,ihealth-cluster,nagarrido/nagarrido,COMPLETED (exit code 0),1,20,6-19:12:23,42.09,19:23:11,65.03,81.29,,,
70725,ihealth-cluster,nagarrido/nagarrido,COMPLETED (exit code 0),1,20,7-01:48:20,39.79,21:20:19,65.71,82.14,,,
70726,ihealth-cluster,nagarrido/nagarrido,COMPLETED (exit code 0),1,20,6-20:28:05,42.74,19:14:30,65.04,81.30,,,
70727,ihealth-cluster,nagarrido/nagarrido,COMPLETED (exit code 0),1,20,6-20:16:19,42.11,19:30:14,65.90,82.38,,,
70728,ihealth-cluster,cgvallea/cgvallea,FAILED (exit code 1),1,2,00:00:03,50.00,00:00:03,13.92 MB,0.68,,,
70729,ihealth-cluster,cgvallea/cgvallea,FAILED (exit code 1),1,2,00:00:02,33.33,00:00:03,8.29 MB,0.40,,,
70730,ihealth-cluster,cgvallea/cgvallea,FAILED (exit code 1),1,2,00:00:03,50.00,00:00:03,812.00 KB,0.04,,,
70731,ihealth-cluster,cgvallea/cgvallea,FAILED (exit code 1),1,2,00:00:03,50.00,00:00:03,532.00 KB,0.03,,,
70732,ihealth-cluster,cgvallea/cgvallea,FAILED (exit code 1),1,2,00:00:12,42.86,00:00:14,25.89 MB,1.26,,70732_6,
70733,ihealth-cluster,cgvallea/cgvallea,FAILED (exit code 1),1,2,00:00:13,54.17,00:00:12,624.00 KB,0.03,,70732_0,
70734,ihealth-cluster,cgvallea/cgvallea,FAILED (exit code 1),1,2,00:00:13,54.17,00:00:12,620.00 KB,0.03,,70732_1,
70735,ihealth-cluster,cgvallea/cgvallea,FAILED (exit code 1),1,2,00:00:13,54.17,00:00:12,612.00 KB,0.03,,70732_2,
70736,ihealth-cluster,cgvallea/cgvallea,FAILED (exit code 1),1,2,00:00:12,54.55,00:00:11,624.00 KB,0.03,,70732_3,
70737,ihealth-cluster,cgvallea/cgvallea,FAILED (exit code 1),1,2,00:00:12,54.55,00:00:11,500.00 KB,0.02,,70732_4,
70738,ihealth-cluster,cgvallea/cgvallea,FAILED (exit code 1),1,2,00:00:16,44.44,00:00:18,7.45 MB,0.36,,70732_5,
70739,ihealth-cluster,cgvallea/cgvallea,CANCELLED (exit code 0),1,2,00:37:32,71.77,00:26:09,718.72 MB,35.09,,70739_6,
70740,ihealth-cluster,cgvallea/cgvallea,CANCELLED (exit code 0),1,2,00:39:32,75.59,00:26:09,607.21 MB,29.65,,70739_0,
70741,ihealth-cluster,cgvallea/cgvallea,CANCELLED (exit code 0),1,2,00:39:35,75.69,00:26:09,608.38 MB,29.71,,70739_1,
70742,ihealth-cluster,cgvallea/cgvallea,CANCELLED (exit code 0),1,2,00:39:30,75.53,00:26:09,608.32 MB,29.70,,70739_2,
70743,ihealth-cluster,cgvallea/cgvallea,CANCELLED (exit code 0),1,2,00:37:56,72.53,00:26:09,625.90 MB,30.56,,70739_3,
70744,ihealth-cluster,cgvallea/cgvallea,CANCELLED (exit code 0),1,2,00:37:59,72.63,00:26:09,619.94 MB,30.27,,70739_4,
70745,ihealth-cluster,cgvallea/cgvallea,CANCELLED (exit code 0),1,2,00:37:26,71.57,00:26:09,621.63 MB,30.35,,70739_5,
70746,ihealth-cluster,cgvallea/cgvallea,FAILED (exit code 1),1,2,00:09:37,70.19,00:06:51,433.47 MB,21.17,,70746_6,
70747,ihealth-cluster,cgvallea/cgvallea,FAILED (exit code 1),1,2,00:19:39,70.94,00:13:51,566.25 MB,27.65,,70746_0,
70748,ihealth-cluster,cgvallea/cgvallea,FAILED (exit code 1),1,2,00:19:15,71.38,00:13:29,566.58 MB,27.66,,70746_1,
70749,ihealth-cluster,cgvallea/cgvallea,FAILED (exit code 1),1,2,00:19:26,71.36,00:13:37,570.23 MB,27.84,,70746_2,
70750,ihealth-cluster,cgvallea/cgvallea,FAILED (exit code 1),1,2,00:19:12,71.20,00:13:29,565.79 MB,27.63,,70746_3,
70751,ihealth-cluster,cgvallea/cgvallea,FAILED (exit code 1),1,2,00:09:51,70.53,00:06:59,493.02 MB,24.07,,70746_4,
70752,ihealth-cluster,cgvallea/cgvallea,FAILED (exit code 1),1,2,00:09:45,71.17,00:06:51,418.02 MB,20.41,,70746_5,
70753,ihealth-cluster,jebisbal/jebisbal,FAILED (exit code 1),1,2,00:00:03,3.49,00:00:43,192.56 MB,0.94,,,
70754,ihealth-cluster,jebisbal/jebisbal,TIMEOUT (exit code 0),1,2,00:09:05,7.57,01:00:00,3.47,17.37,,,
70755,ihealth-cluster,rmarcar/rmarcar,FAILED (exit code 1),1,4,00:00:13,15.48,00:00:21,254.70 MB,0.31,,,
70756,ihealth-cluster,dcampanini/dcampanini,FAILED (exit code 1),1,4,00:00:03,15.00,00:00:05,86.64 MB,0.53,,,
70757,ihealth-cluster,dcampanini/dcampanini,CANCELLED (exit code 0),1,2,00:00:11,0.06,02:44:59,139.61 MB,1.36,,,
70758,ihealth-cluster,dcampanini/dcampanini,FAILED (exit code 1),1,4,00:00:20,33.33,00:00:15,467.19 MB,2.85,,,
70759,ihealth-cluster,dcampanini/dcampanini,FAILED (exit code 1),1,4,00:00:16,44.44,00:00:09,1.84 MB,0.01,,,
70760,ihealth-cluster,dcampanini/dcampanini,FAILED (exit code 1),1,4,00:00:14,38.89,00:00:09,24.31 MB,0.15,,,
70761,ihealth-cluster,dcampanini/dcampanini,FAILED (exit code 1),1,4,00:00:14,43.75,00:00:08,296.00 KB,0.00,,,
70762,ihealth-cluster,dcampanini/dcampanini,FAILED (exit code 1),1,4,00:00:31,25.00,00:00:31,5.70,35.61,,,
70763,ihealth-cluster,dcampanini/dcampanini,COMPLETED (exit code 0),1,4,00:37:56,25.10,00:37:47,10.61,66.34,,,
70764,ihealth-cluster,cgvallea/cgvallea,FAILED (exit code 1),1,2,00:00:37,48.68,00:00:38,488.29 MB,23.84,,70764_6,
70765,ihealth-cluster,cgvallea/cgvallea,FAILED (exit code 1),1,2,00:00:44,55.00,00:00:40,453.57 MB,22.15,,70764_0,
70766,ihealth-cluster,cgvallea/cgvallea,FAILED (exit code 1),1,2,00:00:45,57.69,00:00:39,446.78 MB,21.82,,70764_1,
70767,ihealth-cluster,cgvallea/cgvallea,FAILED (exit code 1),1,2,00:00:46,57.50,00:00:40,404.36 MB,19.74,,70764_2,
70768,ihealth-cluster,cgvallea/cgvallea,FAILED (exit code 1),1,2,00:00:43,58.11,00:00:37,500.98 MB,24.46,,70764_3,
70769,ihealth-cluster,cgvallea/cgvallea,FAILED (exit code 1),1,2,00:00:41,52.56,00:00:39,515.77 MB,25.18,,70764_4,
70770,ihealth-cluster,cgvallea/cgvallea,FAILED (exit code 1),1,2,00:00:37,48.68,00:00:38,487.93 MB,23.82,,70764_5,
70771,ihealth-cluster,cgvallea/cgvallea,CANCELLED (exit code 0),1,2,00:00:04,0.21,00:16:02,145.50 MB,1.78,,,
70772,ihealth-cluster,cgvallea/cgvallea,FAILED (exit code 1),1,2,00:00:13,46.43,00:00:14,472.00 KB,0.02,,70772_6,
70773,ihealth-cluster,cgvallea/cgvallea,FAILED (exit code 1),1,2,00:00:13,54.17,00:00:12,592.00 KB,0.03,,70772_0,
70774,ihealth-cluster,cgvallea/cgvallea,FAILED (exit code 1),1,2,00:00:13,59.09,00:00:11,584.00 KB,0.03,,70772_1,
70775,ihealth-cluster,cgvallea/cgvallea,FAILED (exit code 1),1,2,00:00:12,60.00,00:00:10,568.00 KB,0.03,,70772_2,
70776,ihealth-cluster,cgvallea/cgvallea,FAILED (exit code 1),1,2,00:00:17,53.12,00:00:16,576.00 KB,0.03,,70772_3,
70777,ihealth-cluster,cgvallea/cgvallea,FAILED (exit code 1),1,2,00:00:13,46.43,00:00:14,476.00 KB,0.02,,70772_4,
70778,ihealth-cluster,cgvallea/cgvallea,FAILED (exit code 1),1,2,00:00:13,46.43,00:00:14,476.00 KB,0.02,,70772_5,
70779,ihealth-cluster,cgvallea/cgvallea,CANCELLED (exit code 0),1,2,00:11:32,71.19,00:08:06,469.67 MB,22.93,,70779_9,
70780,ihealth-cluster,cgvallea/cgvallea,CANCELLED (exit code 0),1,2,00:11:38,71.66,00:08:07,472.38 MB,23.07,,70779_0,
70781,ihealth-cluster,cgvallea/cgvallea,CANCELLED (exit code 0),1,2,00:11:38,71.81,00:08:06,466.96 MB,22.80,,70779_1,
70782,ihealth-cluster,cgvallea/cgvallea,CANCELLED (exit code 0),1,2,00:11:42,72.22,00:08:06,474.18 MB,23.15,,70779_2,
70783,ihealth-cluster,cgvallea/cgvallea,CANCELLED (exit code 0),1,2,00:11:33,71.30,00:08:06,510.15 MB,24.91,,70779_3,
70784,ihealth-cluster,cgvallea/cgvallea,CANCELLED (exit code 0),1,2,00:11:34,71.40,00:08:06,489.01 MB,23.88,,70779_4,
70785,ihealth-cluster,cgvallea/cgvallea,CANCELLED (exit code 0),1,2,00:11:34,71.40,00:08:06,518.66 MB,25.33,,70779_5,
70786,ihealth-cluster,cgvallea/cgvallea,CANCELLED (exit code 0),1,2,00:11:34,71.40,00:08:06,516.80 MB,25.23,,70779_6,
70787,ihealth-cluster,cgvallea/cgvallea,CANCELLED (exit code 0),1,2,00:11:35,71.50,00:08:06,516.89 MB,25.24,,70779_7,
70788,ihealth-cluster,cgvallea/cgvallea,CANCELLED (exit code 0),1,2,00:11:34,71.40,00:08:06,468.55 MB,22.88,,70779_8,
70789,ihealth-cluster,cgvallea/cgvallea,FAILED (exit code 1),1,2,00:00:09,56.25,00:00:08,172.00 KB,0.01,,70789_9,
70790,ihealth-cluster,cgvallea/cgvallea,FAILED (exit code 1),1,2,00:00:08,50.00,00:00:08,156.00 KB,0.01,,70789_0,
70791,ihealth-cluster,cgvallea/cgvallea,FAILED (exit code 1),1,2,00:00:08,50.00,00:00:08,168.00 KB,0.01,,70789_1,
70792,ihealth-cluster,cgvallea/cgvallea,FAILED (exit code 1),1,2,00:00:07,50.00,00:00:07,388.00 KB,0.02,,70789_2,
70793,ihealth-cluster,cgvallea/cgvallea,FAILED (exit code 1),1,2,00:00:08,50.00,00:00:08,324.00 KB,0.02,,70789_3,
70794,ihealth-cluster,cgvallea/cgvallea,FAILED (exit code 1),1,2,00:00:10,41.67,00:00:12,144.00 KB,0.01,,70789_4,
70795,ihealth-cluster,cgvallea/cgvallea,FAILED (exit code 1),1,2,00:00:09,45.00,00:00:10,152.00 KB,0.01,,70789_5,
70796,ihealth-cluster,cgvallea/cgvallea,FAILED (exit code 1),1,2,00:00:09,45.00,00:00:10,156.00 KB,0.01,,70789_6,
70797,ihealth-cluster,cgvallea/cgvallea,FAILED (exit code 1),1,2,00:00:09,45.00,00:00:10,172.00 KB,0.01,,70789_7,
70798,ihealth-cluster,cgvallea/cgvallea,FAILED (exit code 1),1,2,00:00:09,50.00,00:00:09,184.00 KB,0.01,,70789_8,
70799,ihealth-cluster,cgvallea/cgvallea,FAILED (exit code 1),1,2,00:00:07,43.75,00:00:08,208.00 KB,0.01,,70799_9,
70800,ihealth-cluster,cgvallea/cgvallea,FAILED (exit code 1),1,2,00:00:08,50.00,00:00:08,156.00 KB,0.01,,70799_0,
70801,ihealth-cluster,cgvallea/cgvallea,FAILED (exit code 1),1,2,00:00:08,50.00,00:00:08,188.00 KB,0.01,,70799_1,
70802,ihealth-cluster,cgvallea/cgvallea,FAILED (exit code 1),1,2,00:00:07,50.00,00:00:07,164.00 KB,0.01,,70799_2,
70803,ihealth-cluster,cgvallea/cgvallea,FAILED (exit code 1),1,2,00:00:07,50.00,00:00:07,156.00 KB,0.01,,70799_3,
70804,ihealth-cluster,cgvallea/cgvallea,FAILED (exit code 1),1,2,00:00:10,45.45,00:00:11,164.00 KB,0.01,,70799_4,
70805,ihealth-cluster,cgvallea/cgvallea,FAILED (exit code 1),1,2,00:00:08,44.44,00:00:09,148.00 KB,0.01,,70799_5,
70806,ihealth-cluster,cgvallea/cgvallea,FAILED (exit code 1),1,2,00:00:08,44.44,00:00:09,156.00 KB,0.01,,70799_6,
70807,ihealth-cluster,cgvallea/cgvallea,FAILED (exit code 1),1,2,00:00:08,44.44,00:00:09,180.00 KB,0.01,,70799_7,
70808,ihealth-cluster,cgvallea/cgvallea,FAILED (exit code 1),1,2,00:00:08,44.44,00:00:09,176.00 KB,0.01,,70799_8,
70809,ihealth-cluster,cgvallea/cgvallea,FAILED (exit code 1),1,2,00:00:07,43.75,00:00:08,184.00 KB,0.01,,70809_9,
70810,ihealth-cluster,cgvallea/cgvallea,FAILED (exit code 1),1,2,00:00:08,50.00,00:00:08,164.00 KB,0.01,,70809_0,
70811,ihealth-cluster,cgvallea/cgvallea,FAILED (exit code 1),1,2,00:00:08,50.00,00:00:08,168.00 KB,0.01,,70809_1,
70812,ihealth-cluster,cgvallea/cgvallea,FAILED (exit code 1),1,2,00:00:07,50.00,00:00:07,168.00 KB,0.01,,70809_2,
70813,ihealth-cluster,cgvallea/cgvallea,FAILED (exit code 1),1,2,00:00:07,50.00,00:00:07,172.00 KB,0.01,,70809_3,
70814,ihealth-cluster,cgvallea/cgvallea,FAILED (exit code 1),1,2,00:00:10,45.45,00:00:11,148.00 KB,0.01,,70809_4,
70815,ihealth-cluster,cgvallea/cgvallea,FAILED (exit code 1),1,2,00:00:08,44.44,00:00:09,160.00 KB,0.01,,70809_5,
70816,ihealth-cluster,cgvallea/cgvallea,FAILED (exit code 1),1,2,00:00:08,44.44,00:00:09,160.00 KB,0.01,,70809_6,
70817,ihealth-cluster,cgvallea/cgvallea,FAILED (exit code 1),1,2,00:00:08,44.44,00:00:09,164.00 KB,0.01,,70809_7,
70818,ihealth-cluster,cgvallea/cgvallea,FAILED (exit code 1),1,2,00:00:08,44.44,00:00:09,180.00 KB,0.01,,70809_8,
70819,ihealth-cluster,cgvallea/cgvallea,FAILED (exit code 1),1,2,00:00:09,56.25,00:00:08,352.00 KB,0.02,,70819_9,
70820,ihealth-cluster,cgvallea/cgvallea,FAILED (exit code 1),1,2,00:00:09,50.00,00:00:09,456.00 KB,0.02,,70819_0,
70821,ihealth-cluster,cgvallea/cgvallea,FAILED (exit code 1),1,2,00:00:09,50.00,00:00:09,488.00 KB,0.02,,70819_1,
70822,ihealth-cluster,cgvallea/cgvallea,CANCELLED (exit code 0),1,2,00:01:42,68.92,00:01:14,380.34 MB,18.57,,70819_2,
70823,ihealth-cluster,cgvallea/cgvallea,FAILED (exit code 1),1,2,00:00:10,50.00,00:00:10,448.00 KB,0.02,,70819_3,
70824,ihealth-cluster,cgvallea/cgvallea,FAILED (exit code 1),1,2,00:00:10,50.00,00:00:10,456.00 KB,0.02,,70819_4,
70825,ihealth-cluster,cgvallea/cgvallea,FAILED (exit code 1),1,2,00:00:09,45.00,00:00:10,348.00 KB,0.02,,70819_5,
70826,ihealth-cluster,cgvallea/cgvallea,CANCELLED (exit code 0),1,2,00:01:41,68.24,00:01:14,375.49 MB,18.33,,70819_6,
70827,ihealth-cluster,cgvallea/cgvallea,FAILED (exit code 1),1,2,00:00:08,44.44,00:00:09,364.00 KB,0.02,,70819_7,
70828,ihealth-cluster,cgvallea/cgvallea,FAILED (exit code 1),1,2,00:00:08,44.44,00:00:09,344.00 KB,0.02,,70819_8,
70829,ihealth-cluster,cgvallea/cgvallea,CANCELLED (exit code 0),,,00:00:00,0.00,00:00:00,0.00 MB (estimated maximum),0.00,1,70829_9,
70830,ihealth-cluster,cgvallea/cgvallea,FAILED (exit code 1),1,2,00:00:09,50.00,00:00:09,448.00 KB,0.02,,70829_0,
70831,ihealth-cluster,cgvallea/cgvallea,FAILED (exit code 1),1,2,00:00:10,71.43,00:00:07,448.00 KB,0.02,,70829_1,
70832,ihealth-cluster,cgvallea/cgvallea,FAILED (exit code 1),1,2,00:00:09,64.29,00:00:07,456.00 KB,0.02,,70829_2,
70833,ihealth-cluster,cgvallea/cgvallea,FAILED (exit code 1),1,2,00:00:09,56.25,00:00:08,436.00 KB,0.02,,70829_3,
70834,ihealth-cluster,cgvallea/cgvallea,FAILED (exit code 1),1,2,00:00:09,56.25,00:00:08,448.00 KB,0.02,,70829_4,
70835,ihealth-cluster,cgvallea/cgvallea,FAILED (exit code 1),1,2,00:00:09,64.29,00:00:07,18.01 MB,0.88,,70829_5,
70836,ihealth-cluster,cgvallea/cgvallea,FAILED (exit code 1),1,2,00:00:09,56.25,00:00:08,17.91 MB,0.87,,70829_6,
70837,ihealth-cluster,cgvallea/cgvallea,FAILED (exit code 1),1,2,00:00:09,56.25,00:00:08,336.00 KB,0.02,,70829_7,
70838,ihealth-cluster,cgvallea/cgvallea,CANCELLED (exit code 0),,,00:00:00,0.00,00:00:00,0.00 MB (estimated maximum),0.00,1,70829_8,
70839,ihealth-cluster,cgvallea/cgvallea,FAILED (exit code 1),1,2,00:19:43,70.75,00:13:56,545.06 MB,26.61,,70839_9,
70840,ihealth-cluster,cgvallea/cgvallea,FAILED (exit code 1),1,2,00:29:52,72.43,00:20:37,597.96 MB,29.20,,70839_0,
70841,ihealth-cluster,cgvallea/cgvallea,FAILED (exit code 1),1,2,00:19:56,72.66,00:13:43,509.21 MB,24.86,,70839_1,
70842,ihealth-cluster,cgvallea/cgvallea,FAILED (exit code 1),1,2,00:29:34,72.41,00:20:25,600.30 MB,29.31,,70839_2,
70843,ihealth-cluster,cgvallea/cgvallea,FAILED (exit code 1),1,2,00:29:51,72.75,00:20:31,608.27 MB,29.70,,70839_3,
70844,ihealth-cluster,cgvallea/cgvallea,FAILED (exit code 1),1,2,00:29:55,72.55,00:20:37,601.68 MB,29.38,,70839_4,
70845,ihealth-cluster,cgvallea/cgvallea,FAILED (exit code 1),1,2,00:20:00,72.99,00:13:42,512.04 MB,25.00,,70839_5,
70846,ihealth-cluster,cgvallea/cgvallea,FAILED (exit code 1),1,2,00:20:04,72.62,00:13:49,511.11 MB,24.96,,70839_6,
70847,ihealth-cluster,cgvallea/cgvallea,FAILED (exit code 1),1,2,00:20:19,72.47,00:14:01,508.77 MB,24.84,,70839_7,
70848,ihealth-cluster,cgvallea/cgvallea,FAILED (exit code 1),1,2,00:20:13,72.63,00:13:55,510.03 MB,24.90,,70839_8,
70849,ihealth-cluster,jebisbal/jebisbal,TIMEOUT (exit code 0),1,2,00:16:32,13.74,01:00:09,3.69,18.43,,,
70850,ihealth-cluster,dcampanini/dcampanini,COMPLETED (exit code 0),1,4,00:49:03,25.15,00:48:45,11.02,68.89,,,
70851,ihealth-cluster,mgonzalez/mgonzalez,FAILED (exit code 1),1,2,00:00:04,20.00,00:00:10,174.87 MB,0.57,,,
70852,ihealth-cluster,mgonzalez/mgonzalez,FAILED (exit code 1),1,2,00:00:11,21.15,00:00:26,353.73 MB,1.15,,,
70853,ihealth-cluster,dcampanini/dcampanini,COMPLETED (exit code 0),1,4,00:01:45,26.25,00:01:40,3.51,87.75,,,
70854,ihealth-cluster,dcampanini/dcampanini,COMPLETED (exit code 0),1,4,00:01:41,26.86,00:01:34,1.54,38.57,,,
70855,ihealth-cluster,jebisbal/jebisbal,TIMEOUT (exit code 0),1,2,00:10:47,8.94,01:00:19,3.57,17.85,,,
70856,ihealth-cluster,cgrivera/cgrivera,FAILED (exit code 1),1,2,00:00:10,31.25,00:00:16,193.58 MB,0.95,,,
70857,ihealth-cluster,cgrivera/cgrivera,FAILED (exit code 1),1,2,00:00:08,36.36,00:00:11,284.00 KB,0.00,,,
70858,ihealth-cluster,cgrivera/cgrivera,FAILED (exit code 1),1,2,00:00:08,44.44,00:00:09,120.00 KB,0.00,,,
70859,ihealth-cluster,cgrivera/cgrivera,FAILED (exit code 1),1,2,00:00:09,37.50,00:00:12,80.00 KB,0.00,,,
70860,ihealth-cluster,cgrivera/cgrivera,FAILED (exit code 1),1,2,00:00:08,40.00,00:00:10,112.00 KB,0.00,,,
70861,ihealth-cluster,cgrivera/cgrivera,COMPLETED (exit code 0),1,2,00:01:24,67.74,00:01:02,2.49,12.43,,,
70862,ihealth-cluster,dcampanini/dcampanini,COMPLETED (exit code 0),1,4,08:04:04,25.17,08:00:47,15.97,99.83,,,
70863,ihealth-cluster,cgvallea/cgvallea,CANCELLED (exit code 0),1,20,00:00:31,2.04,00:01:16,5.14,5.14,,,
70864,ihealth-cluster,cgvallea/cgvallea,FAILED (exit code 1),1,20,00:00:38,2.41,00:01:19,6.25,6.25,,,
70865,ihealth-cluster,cgvallea/cgvallea,FAILED (exit code 1),1,20,00:00:04,5.00,00:00:04,2.06 MB,0.00,,,
70866,ihealth-cluster,cgvallea/cgvallea,CANCELLED (exit code 0),1,20,00:01:42,3.38,00:02:31,24.11,24.11,,,
70867,ihealth-cluster,cgvallea/cgvallea,CANCELLED (exit code 0),1,20,00:00:53,6.97,00:00:38,14.79,14.79,,,
70868,ihealth-cluster,cgvallea/cgvallea,CANCELLED (exit code 0),1,20,00:00:38,3.88,00:00:49,12.88,12.88,,,
70869,ihealth-cluster,cgvallea/cgvallea,CANCELLED (exit code 0),1,20,00:00:32,2.22,00:01:12,12.64,12.64,,,
70870,ihealth-cluster,cgvallea/cgvallea,CANCELLED (exit code 0),1,20,00:00:09,1.05,00:00:43,8.44,8.44,,,
70871,ihealth-cluster,cgvallea/cgvallea,CANCELLED (exit code 0),1,20,00:00:28,1.19,00:01:58,12.62,12.62,,,
70872,ihealth-cluster,bllancao/bllancao,COMPLETED (exit code 0),1,6,00:00:29,16.67,00:00:29,5.56 MB,0.01,,,
70873,ihealth-cluster,bllancao/bllancao,CANCELLED (exit code 0),,,00:00:00,0.00,00:00:00,0.00 MB (estimated maximum),0.00,1,,
70874,ihealth-cluster,bllancao/bllancao,COMPLETED (exit code 0),1,6,01:30:55,14.11,01:47:24,31.11,62.22,,,
70875,ihealth-cluster,bllancao/bllancao,COMPLETED (exit code 0),1,6,01:31:10,14.12,01:47:36,25.52,51.05,,,
70876,ihealth-cluster,vruizval/vruizval,FAILED (exit code 1),1,12,00:00:06,6.25,00:00:08,88.76 MB,0.14,,,
70877,ihealth-cluster,vruizval/vruizval,COMPLETED (exit code 0),1,12,01:53:22,16.03,00:58:57,9.46,15.76,,,
70878,ihealth-cluster,vruizval/vruizval,FAILED (exit code 1),1,12,04:17:31,30.92,01:09:24,7.35,12.25,,,
70879,ihealth-cluster,vruizval/vruizval,FAILED (exit code 1),1,12,04:17:40,30.92,01:09:27,7.28,12.13,,,
70880,ihealth-cluster,bllancao/bllancao,FAILED (exit code 130),1,2,00:01:06,47.83,00:01:09,2.00,99.81,,,
70881,ihealth-cluster,bllancao/bllancao,COMPLETED (exit code 0),1,2,00:01:03,7.88,00:06:40,6.71,67.07,,,
70882,ihealth-cluster,bllancao/bllancao,FAILED (exit code 1),1,20,00:14:45,60.62,00:01:13,22.22,22.22,,,
70883,ihealth-cluster,mgonzalez/mgonzalez,FAILED (exit code 1),1,2,00:00:11,26.19,00:00:21,2.94 MB,0.01,,,
70884,ihealth-cluster,mgonzalez/mgonzalez,CANCELLED (exit code 0),1,2,00:41:27,49.33,00:42:01,2.87,9.58,,,
70885,ihealth-cluster,mgonzalez/mgonzalez,CANCELLED (exit code 0),1,2,00:00:46,1.02,00:37:34,1.20,5.98,,,
70886,ihealth-cluster,vruizval/vruizval,COMPLETED (exit code 0),1,12,09:24:38,21.80,03:35:51,9.68,16.14,,,
70887,ihealth-cluster,vruizval/vruizval,COMPLETED (exit code 0),1,12,1-01:31:11,46.79,04:32:43,8.64,14.40,,,
70888,ihealth-cluster,vruizval/vruizval,COMPLETED (exit code 0),1,12,04:36:29,30.40,01:15:47,9.44,15.73,,,
70889,ihealth-cluster,mgonzalez/mgonzalez,CANCELLED (exit code 0),,,00:00:00,0.00,00:00:00,0.00 MB (estimated maximum),0.00,1,,
70890,ihealth-cluster,mgonzalez/mgonzalez,CANCELLED (exit code 0),,,00:00:00,0.00,00:00:00,0.00 MB (estimated maximum),0.00,1,,
70891,ihealth-cluster,mgonzalez/mgonzalez,COMPLETED (exit code 0),1,2,00:00:01,50.00,00:00:01,228.00 KB,0.02,,,
70892,ihealth-cluster,mgonzalez/mgonzalez,COMPLETED (exit code 0),1,2,00:00:01,25.00,00:00:02,192.00 KB,0.02,,,
70893,ihealth-cluster,mgonzalez/mgonzalez,COMPLETED (exit code 0),1,2,00:00:01,25.00,00:00:02,96.00 KB,0.01,,,
70894,ihealth-cluster,mgonzalez/mgonzalez,COMPLETED (exit code 0),1,2,00:00:01,50.00,00:00:01,88.00 KB,0.01,,,
70895,ihealth-cluster,mgonzalez/mgonzalez,COMPLETED (exit code 0),1,2,00:00:01,50.00,00:00:01,208.00 KB,0.02,,,
70896,ihealth-cluster,bllancao/bllancao,CANCELLED (exit code 0),1,20,00:12:02,47.50,00:01:16,22.18,22.18,,,
70897,ihealth-cluster,bllancao/bllancao,FAILED (exit code 1),1,20,01:43:15,22.59,00:22:51,59.05,59.05,,,
70898,ihealth-cluster,dcampanini/dcampanini,COMPLETED (exit code 0),1,4,00:01:49,25.95,00:01:45,3.97,99.32,,,
70899,ihealth-cluster,dcampanini/dcampanini,COMPLETED (exit code 0),1,4,00:01:49,26.72,00:01:42,3.91,97.65,,,
70900,ihealth-cluster,dcampanini/dcampanini,COMPLETED (exit code 0),1,4,00:01:51,26.43,00:01:45,3.97,99.32,,,
70901,ihealth-cluster,dcampanini/dcampanini,COMPLETED (exit code 0),1,4,00:01:47,26.49,00:01:41,3.97,99.32,,,
70902,ihealth-cluster,dcampanini/dcampanini,COMPLETED (exit code 0),1,4,00:01:47,27.30,00:01:38,1.92,47.96,,,
70903,ihealth-cluster,dcampanini/dcampanini,COMPLETED (exit code 0),1,4,00:01:40,26.60,00:01:34,1.50,37.52,,,
70904,ihealth-cluster,maparegal/maparegal,COMPLETED (exit code 0),1,2,09:58:38,58.34,08:33:05,9.15,22.88,,,
70905,ihealth-cluster,mgonzalez/mgonzalez,COMPLETED (exit code 0),1,2,00:00:01,50.00,00:00:01,6.80 MB,0.66,,,
70906,ihealth-cluster,dcampanini/dcampanini,COMPLETED (exit code 0),1,4,00:01:39,27.20,00:01:31,1.31,32.67,,,
70907,ihealth-cluster,dcampanini/dcampanini,COMPLETED (exit code 0),1,4,00:01:40,27.17,00:01:32,1.41,35.17,,,
70908,ihealth-cluster,dcampanini/dcampanini,COMPLETED (exit code 0),1,4,00:01:38,27.22,00:01:30,1.36,33.91,,,
70909,ihealth-cluster,dcampanini/dcampanini,COMPLETED (exit code 0),1,4,00:01:38,27.22,00:01:30,1.48,37.01,,,
70910,ihealth-cluster,dcampanini/dcampanini,COMPLETED (exit code 0),1,4,00:01:39,27.20,00:01:31,1.56,39.03,,,
70911,ihealth-cluster,dcampanini/dcampanini,COMPLETED (exit code 0),1,4,00:01:40,27.17,00:01:32,1.47,36.69,,,
70912,ihealth-cluster,dcampanini/dcampanini,COMPLETED (exit code 0),1,4,00:01:39,27.20,00:01:31,1.33,33.37,,,
70913,ihealth-cluster,dcampanini/dcampanini,COMPLETED (exit code 0),1,4,00:01:40,27.17,00:01:32,1.48,36.93,,,
70914,ihealth-cluster,dcampanini/dcampanini,COMPLETED (exit code 0),1,4,00:01:38,27.22,00:01:30,1.36,33.88,,,
70915,ihealth-cluster,dcampanini/dcampanini,COMPLETED (exit code 0),1,4,00:01:40,26.88,00:01:33,3.97,99.31,,,
70916,ihealth-cluster,dcampanini/dcampanini,COMPLETED (exit code 0),1,4,00:01:40,26.88,00:01:33,3.97,99.32,,,
70917,ihealth-cluster,vruizval/vruizval,COMPLETED (exit code 0),1,12,1-03:44:29,41.31,05:35:48,11.60,19.33,,,
70918,ihealth-cluster,dcampanini/dcampanini,COMPLETED (exit code 0),1,4,00:01:40,27.17,00:01:32,1.30,32.61,,,
70919,ihealth-cluster,dcampanini/dcampanini,COMPLETED (exit code 0),1,4,00:01:42,26.84,00:01:35,2.99,74.79,,,
70920,ihealth-cluster,dcampanini/dcampanini,COMPLETED (exit code 0),1,4,00:01:40,27.17,00:01:32,1.52,37.92,,,
70921,ihealth-cluster,mgonzalez/mgonzalez,COMPLETED (exit code 0),1,2,00:00:01,25.00,00:00:02,68.00 KB,0.01,,,
70922,ihealth-cluster,bllancao/bllancao,FAILED (exit code 1),1,20,11:51:11,22.92,02:35:08,66.60,66.60,,,
70923,ihealth-cluster,nagarrido/nagarrido,COMPLETED (exit code 0),1,20,6-15:51:33,42.77,18:41:13,65.60,82.00,,,
70924,ihealth-cluster,bllancao/bllancao,COMPLETED (exit code 0),1,20,11:00:36,22.25,02:28:28,65.72,65.72,,,
70925,ihealth-cluster,bllancao/bllancao,FAILED (exit code 1),1,20,00:06:18,43.95,00:00:43,9.31,9.31,,,
70926,ihealth-cluster,bllancao/bllancao,COMPLETED (exit code 0),1,20,11:55:48,12.16,04:54:24,87.66,87.66,,,
70927,ihealth-cluster,bllancao/bllancao,COMPLETED (exit code 0),1,6,01:33:36,14.16,01:50:10,26.48,52.96,,,
70928,ihealth-cluster,bllancao/bllancao,COMPLETED (exit code 0),1,6,01:31:52,14.17,01:48:05,25.69,51.38,,,
70929,ihealth-cluster,bllancao/bllancao,FAILED (exit code 1),1,20,00:00:18,5.29,00:00:17,29.00 MB,0.03,,,
70930,ihealth-cluster,jebisbal/jebisbal,TIMEOUT (exit code 0),1,8,15-18:27:11,98.54,2-00:00:20,27.21,68.03,,,
70931,ihealth-cluster,jebisbal/jebisbal,TIMEOUT (exit code 0),1,8,15-18:29:58,98.55,2-00:00:26,26.13,65.34,,,
70932,ihealth-cluster,maparegal/maparegal,COMPLETED (exit code 0),1,2,08:38:55,57.96,07:27:39,9.08,22.71,,,
70933,ihealth-cluster,pamessina/pamessina,TIMEOUT (exit code 0),1,8,00:00:13,0.02,03:00:12,440.60 MB,2.15,,,
70934,ihealth-cluster,vruizval/vruizval,COMPLETED (exit code 0),1,12,09:17:48,22.27,03:28:42,10.65,17.74,,,
70935,ihealth-cluster,bllancao/bllancao,COMPLETED (exit code 0),1,20,19:57:03,8.53,11:41:51,57.61,57.61,,,
70936,ihealth-cluster,dcampanini/dcampanini,COMPLETED (exit code 0),1,4,00:01:44,25.74,00:01:41,3.97,99.32,,,
70937,ihealth-cluster,cgvallea/cgvallea,FAILED (exit code 1),1,8,00:00:04,10.00,00:00:05,99.73 MB,2.43,,,
70938,ihealth-cluster,cgvallea/cgvallea,FAILED (exit code 1),1,8,00:00:04,16.67,00:00:03,692.00 KB,0.02,,,
70939,ihealth-cluster,dcampanini/dcampanini,COMPLETED (exit code 0),1,4,00:01:50,26.44,00:01:44,3.97,99.32,,,
70940,ihealth-cluster,cgvallea/cgvallea,FAILED (exit code 1),1,8,00:00:04,16.67,00:00:03,9.32 MB,0.23,,,
70941,ihealth-cluster,cgvallea/cgvallea,FAILED (exit code 1),1,8,00:00:04,16.67,00:00:03,720.00 KB,0.02,,,
70942,ihealth-cluster,cgvallea/cgvallea,FAILED (exit code 1),1,8,00:00:04,16.67,00:00:03,716.00 KB,0.02,,,
70943,ihealth-cluster,cgvallea/cgvallea,FAILED (exit code 1),1,8,00:00:04,16.67,00:00:03,676.00 KB,0.02,,,
70944,ihealth-cluster,cgvallea/cgvallea,FAILED (exit code 1),1,4,00:00:03,25.00,00:00:03,336.00 KB,0.01,,,
70945,ihealth-cluster,cgvallea/cgvallea,FAILED (exit code 1),1,4,00:00:03,37.50,00:00:02,1.13 MB,0.03,,,
70946,ihealth-cluster,cgvallea/cgvallea,FAILED (exit code 1),1,4,00:00:03,25.00,00:00:03,312.00 KB,0.01,,,
70947,ihealth-cluster,cgvallea/cgvallea,FAILED (exit code 1),1,4,00:00:03,25.00,00:00:03,260.00 KB,0.01,,,
70948,ihealth-cluster,cgvallea/cgvallea,FAILED (exit code 1),1,4,00:00:03,25.00,00:00:03,372.00 KB,0.01,,,
70949,ihealth-cluster,cgvallea/cgvallea,FAILED (exit code 1),1,4,00:00:03,25.00,00:00:03,284.00 KB,0.01,,,
70950,ihealth-cluster,cgvallea/cgvallea,FAILED (exit code 1),1,4,00:00:03,25.00,00:00:03,272.00 KB,0.01,,,
70951,ihealth-cluster,cgvallea/cgvallea,FAILED (exit code 1),1,4,00:00:03,25.00,00:00:03,272.00 KB,0.01,,,
70952,ihealth-cluster,cgvallea/cgvallea,FAILED (exit code 1),1,4,00:00:03,25.00,00:00:03,1.63 MB,0.04,,,
70953,ihealth-cluster,cgvallea/cgvallea,FAILED (exit code 1),1,4,00:00:05,31.25,00:00:04,1.12 MB,0.03,,,
70954,ihealth-cluster,cgvallea/cgvallea,FAILED (exit code 1),1,4,00:00:03,25.00,00:00:03,4.12 MB,0.10,,,
70955,ihealth-cluster,cgvallea/cgvallea,FAILED (exit code 1),1,4,00:00:03,25.00,00:00:03,332.00 KB,0.01,,,
70956,ihealth-cluster,cgvallea/cgvallea,FAILED (exit code 1),1,4,00:00:03,25.00,00:00:03,508.00 KB,0.01,,,
70957,ihealth-cluster,cgvallea/cgvallea,FAILED (exit code 1),1,4,00:00:03,37.50,00:00:02,192.00 KB,0.00,,,
70958,ihealth-cluster,cgvallea/cgvallea,FAILED (exit code 1),1,4,00:00:04,25.00,00:00:04,1.13 MB,0.03,,,
70959,ihealth-cluster,cgvallea/cgvallea,FAILED (exit code 1),1,4,00:00:04,25.00,00:00:04,1.09 MB,0.03,,,
70960,ihealth-cluster,cgvallea/cgvallea,FAILED (exit code 1),1,4,00:00:05,31.25,00:00:04,1.26 MB,0.03,,,
70961,ihealth-cluster,cgvallea/cgvallea,FAILED (exit code 1),1,4,00:00:05,31.25,00:00:04,1.07 MB,0.03,,,
70962,ihealth-cluster,cgvallea/cgvallea,FAILED (exit code 1),1,4,00:00:05,31.25,00:00:04,1.11 MB,0.03,,,
70963,ihealth-cluster,cgvallea/cgvallea,FAILED (exit code 1),1,4,00:00:05,31.25,00:00:04,1.08 MB,0.03,,,
70964,ihealth-cluster,cgvallea/cgvallea,FAILED (exit code 1),1,4,00:00:04,25.00,00:00:04,1.07 MB,0.03,,,
70965,ihealth-cluster,cgvallea/cgvallea,FAILED (exit code 1),1,4,00:00:04,25.00,00:00:04,1.05 MB,0.03,,,
70966,ihealth-cluster,cgvallea/cgvallea,FAILED (exit code 1),1,4,00:00:03,25.00,00:00:03,340.00 KB,0.01,,,
70967,ihealth-cluster,cgvallea/cgvallea,FAILED (exit code 1),1,4,00:00:03,25.00,00:00:03,356.00 KB,0.01,,,
70968,ihealth-cluster,cgvallea/cgvallea,FAILED (exit code 1),1,4,00:00:03,25.00,00:00:03,284.00 KB,0.01,,,
70969,ihealth-cluster,cgvallea/cgvallea,FAILED (exit code 1),1,4,00:00:03,25.00,00:00:03,284.00 KB,0.01,,,
70970,ihealth-cluster,cgvallea/cgvallea,CANCELLED (exit code 0),1,4,00:00:35,48.61,00:00:18,209.35 MB,5.11,,,
70971,ihealth-cluster,cgvallea/cgvallea,FAILED (exit code 1),1,4,00:00:04,10.00,00:00:10,232.19 MB,5.67,,,
70972,ihealth-cluster,cgvallea/cgvallea,FAILED (exit code 1),1,8,00:00:05,20.83,00:00:03,1.07 MB,0.03,,,
70973,ihealth-cluster,cgvallea/cgvallea,FAILED (exit code 1),1,8,00:00:05,15.62,00:00:04,1.30 MB,0.03,,,
70974,ihealth-cluster,cgvallea/cgvallea,FAILED (exit code 1),1,8,00:00:04,16.67,00:00:03,648.00 KB,0.02,,,
70975,ihealth-cluster,cgvallea/cgvallea,FAILED (exit code 1),1,8,00:00:05,20.83,00:00:03,1.11 MB,0.03,,,
70976,ihealth-cluster,cgvallea/cgvallea,FAILED (exit code 1),1,8,00:00:05,20.83,00:00:03,1.16 MB,0.03,,,
70977,ihealth-cluster,cgvallea/cgvallea,FAILED (exit code 1),1,8,00:00:05,20.83,00:00:03,1.39 MB,0.03,,,
70978,ihealth-cluster,cgvallea/cgvallea,FAILED (exit code 1),1,8,00:00:05,20.83,00:00:03,1.25 MB,0.03,,,
70979,ihealth-cluster,cgvallea/cgvallea,FAILED (exit code 1),1,8,00:00:05,20.83,00:00:03,1.35 MB,0.03,,,
70980,ihealth-cluster,cgvallea/cgvallea,FAILED (exit code 1),1,8,00:00:05,15.62,00:00:04,1.34 MB,0.03,,,
70981,ihealth-cluster,cgvallea/cgvallea,FAILED (exit code 1),1,8,00:00:05,20.83,00:00:03,1.41 MB,0.03,,,
70982,ihealth-cluster,cgvallea/cgvallea,FAILED (exit code 1),1,8,00:00:05,20.83,00:00:03,1.19 MB,0.03,,,
70983,ihealth-cluster,cgvallea/cgvallea,FAILED (exit code 1),1,8,00:00:05,31.25,00:00:02,1.27 MB,0.03,,,
70984,ihealth-cluster,cgvallea/cgvallea,FAILED (exit code 1),1,8,00:00:05,20.83,00:00:03,1.32 MB,0.03,,,
70985,ihealth-cluster,cgvallea/cgvallea,FAILED (exit code 1),1,8,00:00:05,20.83,00:00:03,1.26 MB,0.03,,,
70986,ihealth-cluster,cgvallea/cgvallea,FAILED (exit code 1),1,8,00:00:05,20.83,00:00:03,1.40 MB,0.03,,,
70987,ihealth-cluster,cgvallea/cgvallea,FAILED (exit code 1),1,8,00:00:05,20.83,00:00:03,1.36 MB,0.03,,,
70988,ihealth-cluster,cgvallea/cgvallea,FAILED (exit code 1),1,8,00:00:05,20.83,00:00:03,1.28 MB,0.03,,,
70989,ihealth-cluster,cgvallea/cgvallea,FAILED (exit code 1),1,8,00:00:05,20.83,00:00:03,1.26 MB,0.03,,,
70990,ihealth-cluster,cgvallea/cgvallea,FAILED (exit code 1),1,8,00:00:05,20.83,00:00:03,1.34 MB,0.03,,,
70991,ihealth-cluster,cgvallea/cgvallea,FAILED (exit code 1),1,8,00:00:05,20.83,00:00:03,1.24 MB,0.03,,,
70992,ihealth-cluster,cgvallea/cgvallea,FAILED (exit code 1),1,8,00:00:05,20.83,00:00:03,1.31 MB,0.03,,,
70993,ihealth-cluster,mgonzalez/mgonzalez,COMPLETED (exit code 0),1,2,00:00:01,25.00,00:00:02,11.06 MB,1.08,,,
70994,ihealth-cluster,mgonzalez/mgonzalez,COMPLETED (exit code 0),1,2,00:00:01,25.00,00:00:02,72.00 KB,0.01,,,
70995,ihealth-cluster,cgvallea/cgvallea,FAILED (exit code 1),1,8,00:00:05,20.83,00:00:03,1.31 MB,0.03,,,
70996,ihealth-cluster,cgvallea/cgvallea,FAILED (exit code 1),1,8,00:00:05,15.62,00:00:04,1.16 MB,0.03,,,
70997,ihealth-cluster,cgvallea/cgvallea,FAILED (exit code 1),1,8,00:00:05,15.62,00:00:04,1.41 MB,0.03,,,
70998,ihealth-cluster,cgvallea/cgvallea,FAILED (exit code 1),1,8,00:00:05,20.83,00:00:03,1.28 MB,0.03,,,
70999,ihealth-cluster,mgonzalez/mgonzalez,FAILED (exit code 2),1,2,00:00:00,0.00,00:00:01,8.00 KB,0.00,,,
71000,ihealth-cluster,cgvallea/cgvallea,FAILED (exit code 1),1,8,00:00:05,20.83,00:00:03,1.13 MB,0.03,,,
71001,ihealth-cluster,mgonzalez/mgonzalez,COMPLETED (exit code 0),1,2,00:00:02,33.33,00:00:03,230.68 MB,22.53,,,
71002,ihealth-cluster,cgvallea/cgvallea,FAILED (exit code 1),1,8,00:00:05,20.83,00:00:03,19.48 MB,0.48,,,
71003,ihealth-cluster,cgvallea/cgvallea,FAILED (exit code 1),1,8,00:00:05,15.62,00:00:04,1.97 MB,0.05,,,
71004,ihealth-cluster,cgvallea/cgvallea,FAILED (exit code 1),1,8,00:00:05,20.83,00:00:03,1.12 MB,0.03,,,
71005,ihealth-cluster,cgvallea/cgvallea,FAILED (exit code 1),1,8,00:00:05,20.83,00:00:03,1.40 MB,0.03,,,
71006,ihealth-cluster,cgvallea/cgvallea,FAILED (exit code 1),1,8,00:00:05,15.62,00:00:04,1.33 MB,0.03,,,
71007,ihealth-cluster,cgvallea/cgvallea,FAILED (exit code 1),1,8,00:00:05,15.62,00:00:04,1.15 MB,0.03,,,
71008,ihealth-cluster,cgvallea/cgvallea,FAILED (exit code 1),1,8,00:00:05,15.62,00:00:04,1.25 MB,0.03,,,
71009,ihealth-cluster,cgvallea/cgvallea,FAILED (exit code 1),1,8,00:00:05,20.83,00:00:03,1.42 MB,0.03,,,
71010,ihealth-cluster,cgvallea/cgvallea,FAILED (exit code 1),1,8,00:00:05,20.83,00:00:03,1.29 MB,0.03,,,
71011,ihealth-cluster,cgvallea/cgvallea,FAILED (exit code 1),1,8,00:00:05,20.83,00:00:03,1.30 MB,0.03,,,
71012,ihealth-cluster,cgvallea/cgvallea,FAILED (exit code 1),1,8,00:00:05,20.83,00:00:03,1.35 MB,0.03,,,
71013,ihealth-cluster,cgvallea/cgvallea,FAILED (exit code 1),1,8,00:00:05,20.83,00:00:03,1.39 MB,0.03,,,
71014,ihealth-cluster,cgvallea/cgvallea,FAILED (exit code 1),1,8,00:00:05,20.83,00:00:03,1.35 MB,0.03,,,
71015,ihealth-cluster,cgvallea/cgvallea,FAILED (exit code 1),1,8,00:00:05,15.62,00:00:04,1.19 MB,0.03,,,
71016,ihealth-cluster,cgvallea/cgvallea,FAILED (exit code 1),1,8,00:00:06,18.75,00:00:04,1.27 MB,0.03,,,
71017,ihealth-cluster,cgvallea/cgvallea,FAILED (exit code 1),1,8,00:00:06,25.00,00:00:03,1.36 MB,0.03,,,
71018,ihealth-cluster,cgvallea/cgvallea,FAILED (exit code 1),1,8,00:00:06,18.75,00:00:04,1.19 MB,0.03,,,
71019,ihealth-cluster,cgvallea/cgvallea,FAILED (exit code 1),1,8,00:00:06,18.75,00:00:04,1.28 MB,0.03,,,
71020,ihealth-cluster,cgvallea/cgvallea,FAILED (exit code 1),1,8,00:00:06,18.75,00:00:04,1.35 MB,0.03,,,
71021,ihealth-cluster,cgvallea/cgvallea,FAILED (exit code 1),1,8,00:00:06,18.75,00:00:04,1.28 MB,0.03,,,
71022,ihealth-cluster,cgvallea/cgvallea,FAILED (exit code 1),1,8,00:00:06,18.75,00:00:04,1.34 MB,0.03,,,
71023,ihealth-cluster,cgvallea/cgvallea,FAILED (exit code 1),1,8,00:00:06,18.75,00:00:04,1.35 MB,0.03,,,
71024,ihealth-cluster,cgvallea/cgvallea,FAILED (exit code 1),1,8,00:00:06,18.75,00:00:04,1.31 MB,0.03,,,
71025,ihealth-cluster,cgvallea/cgvallea,FAILED (exit code 1),1,8,00:00:06,18.75,00:00:04,1.44 MB,0.04,,,
71026,ihealth-cluster,cgvallea/cgvallea,FAILED (exit code 1),1,8,00:00:06,25.00,00:00:03,1.36 MB,0.03,,,
71027,ihealth-cluster,cgvallea/cgvallea,FAILED (exit code 1),1,8,00:00:06,18.75,00:00:04,1.46 MB,0.04,,,
71028,ihealth-cluster,cgvallea/cgvallea,FAILED (exit code 1),1,8,00:00:06,18.75,00:00:04,1.57 MB,0.04,,,
71029,ihealth-cluster,cgvallea/cgvallea,FAILED (exit code 1),1,8,00:00:06,18.75,00:00:04,1.28 MB,0.03,,,
71030,ihealth-cluster,maparegal/maparegal,TIMEOUT (exit code 0),1,2,00:01:45,0.49,03:00:15,6.81,34.05,,,
71031,ihealth-cluster,mgonzalez/mgonzalez,COMPLETED (exit code 0),1,2,00:00:01,25.00,00:00:02,176.00 KB,0.02,,,
71032,ihealth-cluster,cgvallea/cgvallea,FAILED (exit code 1),1,8,00:02:48,38.18,00:00:55,233.55 MB,5.70,,,
71033,ihealth-cluster,cgvallea/cgvallea,FAILED (exit code 1),1,8,00:02:28,38.54,00:00:48,242.11 MB,5.91,,,
71034,ihealth-cluster,cgvallea/cgvallea,FAILED (exit code 1),1,8,00:02:34,36.32,00:00:53,235.71 MB,5.75,,,
71035,ihealth-cluster,cgvallea/cgvallea,FAILED (exit code 1),1,8,00:02:26,37.24,00:00:49,242.85 MB,5.93,,,
71036,ihealth-cluster,cgvallea/cgvallea,FAILED (exit code 1),1,8,00:00:04,16.67,00:00:03,700.00 KB,0.02,,,
71037,ihealth-cluster,cgvallea/cgvallea,FAILED (exit code 1),1,8,00:00:04,16.67,00:00:03,676.00 KB,0.02,,,
71038,ihealth-cluster,cgvallea/cgvallea,FAILED (exit code 1),1,8,00:02:29,37.25,00:00:50,242.91 MB,5.93,,,
71039,ihealth-cluster,mgonzalez/mgonzalez,COMPLETED (exit code 0),1,2,00:00:02,33.33,00:00:03,223.16 MB,21.79,,,
71040,ihealth-cluster,cgvallea/cgvallea,FAILED (exit code 1),1,8,00:02:30,37.50,00:00:50,241.83 MB,5.90,,,
71041,ihealth-cluster,cgvallea/cgvallea,FAILED (exit code 1),1,8,00:02:29,37.25,00:00:50,242.99 MB,5.93,,,
71042,ihealth-cluster,cgvallea/cgvallea,FAILED (exit code 1),1,8,00:00:04,16.67,00:00:03,568.00 KB,0.01,,,
71043,ihealth-cluster,cgvallea/cgvallea,FAILED (exit code 1),1,8,00:00:04,16.67,00:00:03,456.00 KB,0.01,,,
71044,ihealth-cluster,cgvallea/cgvallea,FAILED (exit code 1),1,8,00:00:04,16.67,00:00:03,688.00 KB,0.02,,,
71045,ihealth-cluster,cgvallea/cgvallea,FAILED (exit code 1),1,8,00:00:04,16.67,00:00:03,728.00 KB,0.02,,,
71046,ihealth-cluster,cgvallea/cgvallea,FAILED (exit code 1),1,8,00:00:04,16.67,00:00:03,612.00 KB,0.01,,,
71047,ihealth-cluster,cgvallea/cgvallea,FAILED (exit code 1),1,8,00:00:04,16.67,00:00:03,676.00 KB,0.02,,,
71048,ihealth-cluster,cgvallea/cgvallea,FAILED (exit code 1),1,8,00:00:04,25.00,00:00:02,868.00 KB,0.02,,,
71050,ihealth-cluster,cgvallea/cgvallea,CANCELLED (exit code 0),1,8,00:00:37,30.83,00:00:15,221.39 MB,5.40,,71049_0,
71051,ihealth-cluster,cgvallea/cgvallea,CANCELLED (exit code 0),1,8,00:00:40,35.71,00:00:14,218.72 MB,5.34,,71049_1,
71052,ihealth-cluster,cgvallea/cgvallea,CANCELLED (exit code 0),1,8,00:00:43,38.39,00:00:14,215.10 MB,5.25,,71049_2,
71053,ihealth-cluster,cgvallea/cgvallea,CANCELLED (exit code 0),1,8,00:00:37,33.04,00:00:14,207.97 MB,5.08,,71049_3,
71054,ihealth-cluster,cgvallea/cgvallea,CANCELLED (exit code 0),1,8,00:00:41,36.61,00:00:14,211.25 MB,5.16,,71049_4,
71055,ihealth-cluster,cgvallea/cgvallea,FAILED (exit code 1),1,4,00:06:13,55.51,00:02:48,443.03 MB,10.82,,71055_7,
71056,ihealth-cluster,cgvallea/cgvallea,FAILED (exit code 1),1,4,00:05:09,49.20,00:02:37,460.54 MB,11.24,,71055_0,
71057,ihealth-cluster,cgvallea/cgvallea,FAILED (exit code 1),1,4,00:05:25,49.85,00:02:43,447.52 MB,10.93,,71055_1,
71058,ihealth-cluster,cgvallea/cgvallea,FAILED (exit code 1),1,4,00:05:18,51.29,00:02:35,457.62 MB,11.17,,71055_2,
71059,ihealth-cluster,cgvallea/cgvallea,FAILED (exit code 1),1,4,00:05:15,51.14,00:02:34,476.21 MB,11.63,,71055_3,
71060,ihealth-cluster,cgvallea/cgvallea,FAILED (exit code 1),1,4,00:06:11,52.40,00:02:57,429.49 MB,10.49,,71055_4,
71061,ihealth-cluster,cgvallea/cgvallea,FAILED (exit code 1),1,4,00:05:20,50.96,00:02:37,455.18 MB,11.11,,71055_5,
71062,ihealth-cluster,cgvallea/cgvallea,FAILED (exit code 1),1,4,00:05:32,51.55,00:02:41,466.05 MB,11.38,,71055_6,
71063,ihealth-cluster,cgvallea/cgvallea,FAILED (exit code 1),1,4,00:00:16,25.00,00:00:16,5.88 MB,0.14,,71063_7,
71064,ihealth-cluster,cgvallea/cgvallea,FAILED (exit code 1),1,4,00:00:14,29.17,00:00:12,1.04 MB,0.03,,71063_0,
71065,ihealth-cluster,cgvallea/cgvallea,FAILED (exit code 1),1,4,00:00:13,29.55,00:00:11,908.00 KB,0.02,,71063_1,
71066,ihealth-cluster,cgvallea/cgvallea,FAILED (exit code 1),1,4,00:00:13,29.55,00:00:11,1.29 MB,0.03,,71063_2,
71067,ihealth-cluster,cgvallea/cgvallea,FAILED (exit code 1),1,4,00:00:13,29.55,00:00:11,740.00 KB,0.02,,71063_3,
71068,ihealth-cluster,cgvallea/cgvallea,FAILED (exit code 1),1,4,00:00:13,29.55,00:00:11,764.00 KB,0.02,,71063_4,
71069,ihealth-cluster,cgvallea/cgvallea,FAILED (exit code 1),1,4,00:00:13,29.55,00:00:11,844.00 KB,0.02,,71063_5,
71070,ihealth-cluster,cgvallea/cgvallea,FAILED (exit code 1),1,4,00:00:13,29.55,00:00:11,868.00 KB,0.02,,71063_6,
71071,ihealth-cluster,cgvallea/cgvallea,FAILED (exit code 1),1,4,00:00:03,25.00,00:00:03,520.00 KB,0.01,,,
71072,ihealth-cluster,cgvallea/cgvallea,CANCELLED (exit code 0),1,4,00:01:00,57.69,00:00:26,433.80 MB,10.59,,,
71073,ihealth-cluster,cgvallea/cgvallea,CANCELLED (exit code 0),1,4,00:27:27,70.51,00:09:44,616.91 MB,15.06,,71073_7,
71074,ihealth-cluster,cgvallea/cgvallea,CANCELLED (exit code 0),1,4,00:27:07,69.53,00:09:45,678.92 MB,16.58,,71073_0,
71075,ihealth-cluster,cgvallea/cgvallea,CANCELLED (exit code 0),1,4,00:27:08,69.69,00:09:44,632.31 MB,15.44,,71073_1,
71076,ihealth-cluster,cgvallea/cgvallea,CANCELLED (exit code 0),1,4,00:27:16,70.03,00:09:44,636.73 MB,15.55,,71073_2,
71077,ihealth-cluster,cgvallea/cgvallea,CANCELLED (exit code 0),1,4,00:27:17,70.08,00:09:44,637.67 MB,15.57,,71073_3,
71078,ihealth-cluster,cgvallea/cgvallea,CANCELLED (exit code 0),1,4,00:27:19,70.16,00:09:44,624.88 MB,15.26,,71073_4,
71079,ihealth-cluster,cgvallea/cgvallea,CANCELLED (exit code 0),1,4,00:27:12,69.86,00:09:44,641.14 MB,15.65,,71073_5,
71080,ihealth-cluster,cgvallea/cgvallea,CANCELLED (exit code 0),1,4,00:27:14,69.95,00:09:44,641.32 MB,15.66,,71073_6,
71081,ihealth-cluster,cgvallea/cgvallea,FAILED (exit code 1),1,4,00:00:03,25.00,00:00:03,340.00 KB,0.01,,,
71082,ihealth-cluster,cgvallea/cgvallea,FAILED (exit code 1),1,4,00:00:03,25.00,00:00:03,320.00 KB,0.01,,,
71083,ihealth-cluster,cgvallea/cgvallea,FAILED (exit code 1),1,4,00:00:03,25.00,00:00:03,416.00 KB,0.01,,,
71084,ihealth-cluster,cgvallea/cgvallea,FAILED (exit code 1),1,4,00:00:03,25.00,00:00:03,276.00 KB,0.01,,,
71085,ihealth-cluster,cgvallea/cgvallea,CANCELLED (exit code 0),1,4,00:00:02,25.00,00:00:02,89.73 MB,2.19,,71085_7,
71086,ihealth-cluster,cgvallea/cgvallea,CANCELLED (exit code 0),1,4,00:00:04,33.33,00:00:03,189.38 MB,4.62,,71085_0,
71087,ihealth-cluster,cgvallea/cgvallea,CANCELLED (exit code 0),1,4,00:00:04,33.33,00:00:03,189.19 MB,4.62,,71085_1,
71088,ihealth-cluster,cgvallea/cgvallea,CANCELLED (exit code 0),1,4,00:00:04,33.33,00:00:03,189.98 MB,4.64,,71085_2,
71089,ihealth-cluster,cgvallea/cgvallea,CANCELLED (exit code 0),1,4,00:00:04,33.33,00:00:03,190.01 MB,4.64,,71085_3,
71090,ihealth-cluster,cgvallea/cgvallea,CANCELLED (exit code 0),1,4,00:00:04,33.33,00:00:03,189.96 MB,4.64,,71085_4,
71091,ihealth-cluster,cgvallea/cgvallea,CANCELLED (exit code 0),1,4,00:00:04,33.33,00:00:03,191.33 MB,4.67,,71085_5,
71092,ihealth-cluster,cgvallea/cgvallea,CANCELLED (exit code 0),1,4,00:00:04,33.33,00:00:03,189.50 MB,4.63,,71085_6,
71093,ihealth-cluster,cgvallea/cgvallea,FAILED (exit code 1),1,4,00:06:25,52.03,00:03:05,443.25 MB,10.82,,71093_7,
71094,ihealth-cluster,cgvallea/cgvallea,FAILED (exit code 1),1,4,00:07:26,47.25,00:03:56,534.99 MB,13.06,,71093_0,
71095,ihealth-cluster,cgvallea/cgvallea,FAILED (exit code 1),1,4,00:05:53,47.45,00:03:06,435.30 MB,10.63,,71093_1,
71096,ihealth-cluster,cgvallea/cgvallea,FAILED (exit code 1),1,4,00:05:41,48.16,00:02:57,444.51 MB,10.85,,71093_2,
71097,ihealth-cluster,cgvallea/cgvallea,FAILED (exit code 1),1,4,00:05:38,48.01,00:02:56,446.22 MB,10.89,,71093_3,
71098,ihealth-cluster,cgvallea/cgvallea,FAILED (exit code 1),1,4,00:06:30,49.49,00:03:17,473.77 MB,11.57,,71093_4,
71099,ihealth-cluster,cgvallea/cgvallea,FAILED (exit code 1),1,4,00:05:43,48.17,00:02:58,442.73 MB,10.81,,71093_5,
71100,ihealth-cluster,cgvallea/cgvallea,FAILED (exit code 1),1,4,00:05:43,48.45,00:02:57,445.18 MB,10.87,,71093_6,
71101,ihealth-cluster,cgvallea/cgvallea,CANCELLED (exit code 0),1,4,00:02:40,63.49,00:01:03,404.06 MB,9.86,,71101_7,
71102,ihealth-cluster,cgvallea/cgvallea,CANCELLED (exit code 0),1,4,00:02:47,66.27,00:01:03,439.36 MB,10.73,,71101_0,
71103,ihealth-cluster,cgvallea/cgvallea,CANCELLED (exit code 0),1,4,00:02:46,65.87,00:01:03,440.10 MB,10.74,,71101_1,
71104,ihealth-cluster,cgvallea/cgvallea,CANCELLED (exit code 0),1,4,00:02:47,66.27,00:01:03,441.73 MB,10.78,,71101_2,
71105,ihealth-cluster,cgvallea/cgvallea,CANCELLED (exit code 0),1,4,00:02:46,65.87,00:01:03,441.40 MB,10.78,,71101_3,
71106,ihealth-cluster,cgvallea/cgvallea,CANCELLED (exit code 0),1,4,00:02:48,66.67,00:01:03,442.27 MB,10.80,,71101_4,
71107,ihealth-cluster,cgvallea/cgvallea,CANCELLED (exit code 0),1,4,00:02:46,65.87,00:01:03,443.57 MB,10.83,,71101_5,
71108,ihealth-cluster,cgvallea/cgvallea,CANCELLED (exit code 0),1,4,00:02:47,66.27,00:01:03,443.63 MB,10.83,,71101_6,
71109,ihealth-cluster,cgvallea/cgvallea,FAILED (exit code 1),1,4,00:00:36,19.15,00:00:47,157.77 MB,3.85,,71109_7,
71110,ihealth-cluster,cgvallea/cgvallea,FAILED (exit code 1),1,4,00:00:47,19.26,00:01:01,146.06 MB,3.57,,71109_0,
71111,ihealth-cluster,cgvallea/cgvallea,FAILED (exit code 1),1,4,00:00:39,17.73,00:00:55,79.64 MB,1.94,,71109_1,
71112,ihealth-cluster,cgvallea/cgvallea,FAILED (exit code 1),1,4,00:00:40,18.87,00:00:53,48.44 MB,1.18,,71109_2,
71113,ihealth-cluster,cgvallea/cgvallea,FAILED (exit code 1),1,4,00:00:37,18.50,00:00:50,100.32 MB,2.45,,71109_3,
71114,ihealth-cluster,cgvallea/cgvallea,FAILED (exit code 1),1,4,00:00:37,18.50,00:00:50,110.66 MB,2.70,,71109_4,
71115,ihealth-cluster,cgvallea/cgvallea,FAILED (exit code 1),1,4,00:00:37,19.27,00:00:48,144.38 MB,3.52,,71109_5,
71116,ihealth-cluster,cgvallea/cgvallea,FAILED (exit code 1),1,4,00:00:37,19.27,00:00:48,146.44 MB,3.58,,71109_6,
71117,ihealth-cluster,cgvallea/cgvallea,FAILED (exit code 1),1,4,00:00:41,27.70,00:00:37,145.75 MB,3.56,,71117_7,
71118,ihealth-cluster,cgvallea/cgvallea,FAILED (exit code 1),1,4,00:00:35,31.25,00:00:28,66.50 MB,1.62,,71117_0,
71119,ihealth-cluster,cgvallea/cgvallea,FAILED (exit code 1),1,4,00:00:35,33.65,00:00:26,67.14 MB,1.64,,71117_1,
71120,ihealth-cluster,cgvallea/cgvallea,FAILED (exit code 1),1,4,00:00:33,34.38,00:00:24,63.32 MB,1.55,,71117_2,
71121,ihealth-cluster,cgvallea/cgvallea,FAILED (exit code 1),1,4,00:00:32,33.33,00:00:24,53.29 MB,1.30,,71117_3,
71122,ihealth-cluster,cgvallea/cgvallea,FAILED (exit code 1),1,4,00:00:32,33.33,00:00:24,42.22 MB,1.03,,71117_4,
71123,ihealth-cluster,cgvallea/cgvallea,FAILED (exit code 1),1,4,00:00:32,33.33,00:00:24,51.02 MB,1.25,,71117_5,
71124,ihealth-cluster,cgvallea/cgvallea,FAILED (exit code 1),1,4,00:00:32,33.33,00:00:24,51.71 MB,1.26,,71117_6,
71125,ihealth-cluster,cgvallea/cgvallea,FAILED (exit code 1),1,4,00:00:41,27.70,00:00:37,144.96 MB,3.54,,71125_7,
71126,ihealth-cluster,cgvallea/cgvallea,FAILED (exit code 1),1,4,00:00:37,30.83,00:00:30,336.00 KB,0.01,,71125_0,
71127,ihealth-cluster,cgvallea/cgvallea,FAILED (exit code 1),1,4,00:00:37,31.90,00:00:29,200.00 KB,0.00,,71125_1,
71128,ihealth-cluster,cgvallea/cgvallea,FAILED (exit code 1),1,4,00:00:32,33.33,00:00:24,192.00 KB,0.00,,71125_2,
71129,ihealth-cluster,cgvallea/cgvallea,FAILED (exit code 1),1,4,00:00:32,33.33,00:00:24,240.00 KB,0.01,,71125_3,
71130,ihealth-cluster,cgvallea/cgvallea,FAILED (exit code 1),1,4,00:00:32,32.00,00:00:25,308.00 KB,0.01,,71125_4,
71131,ihealth-cluster,cgvallea/cgvallea,FAILED (exit code 1),1,4,00:00:32,34.78,00:00:23,256.00 KB,0.01,,71125_5,
71132,ihealth-cluster,cgvallea/cgvallea,FAILED (exit code 1),1,4,00:00:32,34.78,00:00:23,212.00 KB,0.01,,71125_6,
71133,ihealth-cluster,cgvallea/cgvallea,FAILED (exit code 1),1,4,00:07:16,47.39,00:03:50,485.86 MB,11.86,,71133_7,
71134,ihealth-cluster,cgvallea/cgvallea,FAILED (exit code 1),1,4,00:11:31,42.24,00:06:49,643.95 MB,15.72,,71133_0,
71135,ihealth-cluster,cgvallea/cgvallea,FAILED (exit code 1),1,4,00:28:18,53.46,00:13:14,915.53 MB,22.35,,71133_1,
71136,ihealth-cluster,cgvallea/cgvallea,FAILED (exit code 1),1,4,00:10:07,43.86,00:05:46,640.22 MB,15.63,,71133_2,
71137,ihealth-cluster,cgvallea/cgvallea,FAILED (exit code 1),1,4,00:08:34,43.56,00:04:55,573.88 MB,14.01,,71133_3,
71138,ihealth-cluster,cgvallea/cgvallea,FAILED (exit code 1),1,4,00:17:44,52.36,00:08:28,792.80 MB,19.36,,71133_4,
71139,ihealth-cluster,cgvallea/cgvallea,FAILED (exit code 1),1,4,00:07:35,43.58,00:04:21,499.63 MB,12.20,,71133_5,
71140,ihealth-cluster,cgvallea/cgvallea,FAILED (exit code 1),1,4,00:07:38,43.54,00:04:23,494.00 MB,12.06,,71133_6,
71141,ihealth-cluster,bllancao/bllancao,COMPLETED (exit code 0),1,2,00:02:29,17.13,00:07:15,10.00,99.96,,,
71142,ihealth-cluster,jebisbal/jebisbal,TIMEOUT (exit code 0),1,2,00:06:46,5.59,01:00:29,4.00,20.00,,,
71143,ihealth-cluster,cgvallea/cgvallea,FAILED (exit code 1),1,4,01:13:24,68.64,00:26:44,913.65 MB,22.31,,71143_7,
71144,ihealth-cluster,cgvallea/cgvallea,FAILED (exit code 1),1,4,01:48:11,66.53,00:40:39,1.10,27.52,,71143_0,
71145,ihealth-cluster,cgvallea/cgvallea,FAILED (exit code 1),1,4,01:23:27,66.76,00:31:15,920.20 MB,22.47,,71143_1,
71146,ihealth-cluster,cgvallea/cgvallea,FAILED (exit code 1),1,4,01:32:24,66.35,00:34:49,1.03,25.74,,71143_2,
71147,ihealth-cluster,cgvallea/cgvallea,FAILED (exit code 1),1,4,01:25:28,66.67,00:32:03,995.96 MB,24.32,,71143_3,
71148,ihealth-cluster,cgvallea/cgvallea,FAILED (exit code 1),1,4,01:17:54,66.51,00:29:17,939.66 MB,22.94,,71143_4,
71149,ihealth-cluster,cgvallea/cgvallea,FAILED (exit code 1),1,4,01:14:49,66.44,00:28:09,918.38 MB,22.42,,71143_5,
71150,ihealth-cluster,cgvallea/cgvallea,FAILED (exit code 1),1,4,01:14:16,66.35,00:27:59,917.05 MB,22.39,,71143_6,
71151,ihealth-cluster,vruizval/vruizval,COMPLETED (exit code 0),1,12,18:39:05,21.96,07:04:36,9.80,16.33,,,
71152,ihealth-cluster,vruizval/vruizval,FAILED (exit code 1),1,12,00:00:09,9.38,00:00:08,143.51 MB,0.23,,,
71153,ihealth-cluster,vruizval/vruizval,COMPLETED (exit code 0),1,12,16:54:28,20.18,06:58:55,14.56,24.27,,,
71154,ihealth-cluster,bllancao/bllancao,FAILED (exit code 8),1,20,00:00:01,5.00,00:00:01,3.07 MB,0.00,,,
71155,ihealth-cluster,bllancao/bllancao,FAILED (exit code 8),1,20,00:00:01,5.00,00:00:01,352.00 KB,0.00,,,
71156,ihealth-cluster,bllancao/bllancao,FAILED (exit code 1),1,20,00:00:08,3.33,00:00:12,582.93 MB,0.57,,,
71157,ihealth-cluster,bllancao/bllancao,FAILED (exit code 1),1,20,00:00:09,5.00,00:00:09,38.11 MB,0.04,,,
71158,ihealth-cluster,bllancao/bllancao,FAILED (exit code 1),1,20,00:00:20,5.00,00:00:20,4.07,4.07,,,
71159,ihealth-cluster,bllancao/bllancao,FAILED (exit code 1),1,20,00:00:33,9.17,00:00:18,156.23 MB,0.15,,,
71160,ihealth-cluster,bllancao/bllancao,FAILED (exit code 1),1,20,00:00:55,13.75,00:00:20,10.17 MB,0.01,,,
71161,ihealth-cluster,bllancao/bllancao,FAILED (exit code 1),1,20,00:00:37,10.88,00:00:17,3.52 MB,0.00,,,
71162,ihealth-cluster,bllancao/bllancao,FAILED (exit code 1),1,20,00:00:31,8.61,00:00:18,1.47 MB,0.00,,,
71163,ihealth-cluster,bllancao/bllancao,FAILED (exit code 1),1,20,00:00:41,10.25,00:00:20,83.98 MB,0.08,,,
71164,ihealth-cluster,bllancao/bllancao,FAILED (exit code 1),1,20,00:00:37,8.41,00:00:22,4.48 MB,0.00,,,
71165,ihealth-cluster,bllancao/bllancao,FAILED (exit code 1),1,20,00:00:48,7.74,00:00:31,47.46 MB,0.05,,,
71166,ihealth-cluster,bllancao/bllancao,CANCELLED (exit code 0),1,20,00:21:07,5.32,00:19:51,2.29,2.29,,,
71167,ihealth-cluster,cgvallea/cgvallea,CANCELLED (exit code 0),1,20,00:00:12,1.07,00:00:56,14.04,14.04,,,
71168,ihealth-cluster,cgvallea/cgvallea,CANCELLED (exit code 0),1,20,00:00:26,5.65,00:00:23,11.76,11.76,,,
71169,ihealth-cluster,cgvallea/cgvallea,CANCELLED (exit code 0),,,00:00:00,0.00,00:00:00,0.00 MB (estimated maximum),0.00,1,,
71170,ihealth-cluster,cgvallea/cgvallea,CANCELLED (exit code 0),1,20,00:00:30,7.14,00:00:21,12.86,40.18,,,
71171,ihealth-cluster,cgvallea/cgvallea,CANCELLED (exit code 0),1,20,00:00:00,0.00,00:00:00,128.00 KB,0.00,,,
71172,ihealth-cluster,cgvallea/cgvallea,CANCELLED (exit code 0),,,00:00:00,0.00,00:00:00,0.00 MB (estimated maximum),0.00,1,,
71173,ihealth-cluster,cgvallea/cgvallea,CANCELLED (exit code 0),1,20,00:00:21,7.00,00:00:15,12.99,40.60,,,
71174,ihealth-cluster,cgvallea/cgvallea,CANCELLED (exit code 0),1,20,00:00:00,0.00,00:00:00,256.00 KB,0.00,,,
71175,ihealth-cluster,cgvallea/cgvallea,OUT_OF_MEMORY (exit code 0),1,20,00:00:17,10.62,00:00:08,672.00 KB,0.00,,,
71176,ihealth-cluster,cgvallea/cgvallea,CANCELLED (exit code 0),1,20,00:00:28,3.59,00:00:39,1.62,1.62,,,
71177,ihealth-cluster,cgvallea/cgvallea,CANCELLED (exit code 0),,,00:00:00,0.00,00:00:00,0.00 MB (estimated maximum),0.00,1,,
71178,ihealth-cluster,cgvallea/cgvallea,CANCELLED (exit code 0),1,20,00:00:05,4.17,00:00:06,5.17,5.17,,,
71179,ihealth-cluster,cgvallea/cgvallea,CANCELLED (exit code 0),1,20,00:00:26,1.60,00:01:21,1.09,1.09,,,
71180,ihealth-cluster,cgvallea/cgvallea,CANCELLED (exit code 0),,,00:00:00,0.00,00:00:00,0.00 MB (estimated maximum),0.00,1,,
71181,ihealth-cluster,cgvallea/cgvallea,CANCELLED (exit code 0),,,00:00:00,0.00,00:00:00,0.00 MB (estimated maximum),0.00,1,,
71182,ihealth-cluster,cgvallea/cgvallea,CANCELLED (exit code 0),,,00:00:00,0.00,00:00:00,0.00 MB (estimated maximum),0.00,1,,
71183,ihealth-cluster,cgvallea/cgvallea,CANCELLED (exit code 0),,,00:00:00,0.00,00:00:00,0.00 MB (estimated maximum),0.00,1,,
71184,ihealth-cluster,cgvallea/cgvallea,CANCELLED (exit code 0),,,00:00:00,0.00,00:00:00,0.00 MB (estimated maximum),0.00,1,,
71185,ihealth-cluster,cgvallea/cgvallea,CANCELLED (exit code 0),,,00:00:00,0.00,00:00:00,0.00 MB (estimated maximum),0.00,1,,
71186,ihealth-cluster,cgvallea/cgvallea,CANCELLED (exit code 0),,,00:00:00,0.00,00:00:00,0.00 MB (estimated maximum),0.00,1,,
71187,ihealth-cluster,cgvallea/cgvallea,CANCELLED (exit code 0),1,4,00:00:19,8.19,00:00:58,1.10,2.74,,,
71188,ihealth-cluster,cgvallea/cgvallea,FAILED (exit code 1),1,4,00:00:19,31.67,00:00:15,44.92 MB,0.11,,,
71189,ihealth-cluster,cgvallea/cgvallea,FAILED (exit code 1),1,4,00:00:19,23.75,00:00:20,496.00 KB,0.00,,,
71190,ihealth-cluster,cgvallea/cgvallea,FAILED (exit code 1),1,4,00:00:29,21.32,00:00:34,3.35,8.39,,,
71191,ihealth-cluster,bllancao/bllancao,COMPLETED (exit code 0),1,2,00:03:12,20.21,00:07:55,10.00,99.96,,,
71192,ihealth-cluster,bllancao/bllancao,CANCELLED (exit code 0),1,20,00:08:11,5.80,00:07:03,9.41,9.41,,,
71193,ihealth-cluster,bllancao/bllancao,CANCELLED (exit code 0),1,20,00:09:59,5.38,00:09:17,3.37,3.37,,,
71194,ihealth-cluster,bllancao/bllancao,CANCELLED (exit code 0),1,20,00:02:50,5.90,00:02:24,3.34,3.34,,,
71195,ihealth-cluster,bllancao/bllancao,CANCELLED (exit code 0),1,20,00:09:39,5.36,00:09:00,3.88,3.88,,,
71196,ihealth-cluster,bllancao/bllancao,FAILED (exit code 1),1,20,00:00:42,7.78,00:00:27,68.43 MB,0.07,,,
71197,ihealth-cluster,bllancao/bllancao,CANCELLED (exit code 0),1,20,00:06:58,5.32,00:06:33,4.08,4.08,,,
71198,ihealth-cluster,bllancao/bllancao,FAILED (exit code 1),1,20,01:11:39,5.20,01:08:56,4.35,4.35,,,
71199,ihealth-cluster,bllancao/bllancao,CANCELLED (exit code 0),1,10,00:11:41,8.65,00:13:30,8.46,16.92,,,
71200,ihealth-cluster,bllancao/bllancao,COMPLETED (exit code 0),1,20,1-15:03:08,5.16,1-13:48:23,16.97,16.97,,,
71201,ihealth-cluster,bllancao/bllancao,COMPLETED (exit code 0),1,10,01:08:12,8.67,01:18:42,9.65,19.30,,,
71202,ihealth-cluster,bllancao/bllancao,COMPLETED (exit code 0),1,10,00:00:30,10.34,00:00:29,456.00 KB,0.00,,,
71203,ihealth-cluster,bllancao/bllancao,COMPLETED (exit code 0),1,20,00:18:48,21.86,00:04:18,8.97,8.97,,,
71204,ihealth-cluster,bllancao/bllancao,CANCELLED (exit code 0),1,20,00:03:04,14.84,00:01:02,814.33 MB,0.80,,,
71205,ihealth-cluster,bllancao/bllancao,CANCELLED (exit code 0),1,20,00:00:27,4.66,00:00:29,17.46 MB,0.02,,,
71206,ihealth-cluster,bllancao/bllancao,COMPLETED (exit code 0),1,20,00:18:51,21.92,00:04:18,9.87,9.87,,,
71207,ihealth-cluster,bllancao/bllancao,CANCELLED (exit code 0),1,20,00:11:09,22.91,00:02:26,9.46,9.46,,,
71208,ihealth-cluster,bllancao/bllancao,COMPLETED (exit code 0),1,20,00:19:07,21.72,00:04:24,8.75,8.75,,,
71209,ihealth-cluster,bllancao/bllancao,CANCELLED (exit code 0),1,20,00:04:47,16.49,00:01:27,7.77,7.77,,,
71210,ihealth-cluster,vruizval/vruizval,COMPLETED (exit code 0),1,12,08:59:11,11.50,06:30:34,11.77,19.61,,,
71211,ihealth-cluster,bllancao/bllancao,CANCELLED (exit code 0),1,20,00:03:06,12.57,00:01:14,8.66,8.66,,,
71212,ihealth-cluster,bllancao/bllancao,COMPLETED (exit code 0),1,20,04:41:30,8.70,02:41:47,30.66,30.66,,,
71213,ihealth-cluster,cgvallea/cgvallea,FAILED (exit code 1),1,20,00:00:23,3.97,00:00:29,845.71 MB,0.83,,,
71214,ihealth-cluster,cgvallea/cgvallea,FAILED (exit code 1),1,20,00:00:06,7.50,00:00:04,1.15 MB,0.00,,,
71215,ihealth-cluster,cgvallea/cgvallea,FAILED (exit code 1),1,20,00:00:07,5.83,00:00:06,1.13 MB,0.00,,,
71216,ihealth-cluster,cgvallea/cgvallea,FAILED (exit code 1),1,20,00:00:18,8.18,00:00:11,1.30 MB,0.00,,,
71217,ihealth-cluster,cgvallea/cgvallea,FAILED (exit code 1),1,20,00:00:06,5.00,00:00:06,1.06 MB,0.00,,,
71218,ihealth-cluster,cgvallea/cgvallea,FAILED (exit code 1),1,20,00:00:06,7.50,00:00:04,4.19 MB,0.01,,,
71219,ihealth-cluster,cgvallea/cgvallea,FAILED (exit code 1),1,20,00:00:18,11.25,00:00:08,1.34 MB,0.00,,,
71220,ihealth-cluster,cgvallea/cgvallea,FAILED (exit code 1),1,20,00:00:05,8.33,00:00:03,904.00 KB,0.00,,,
71221,ihealth-cluster,cgvallea/cgvallea,CANCELLED (exit code 0),1,20,01:20:01,31.38,00:12:45,16.52,25.81,,,
71222,ihealth-cluster,maparegal/maparegal,FAILED (exit code 137),1,2,00:02:41,3.16,00:42:27,6.23,31.13,,,
71223,ihealth-cluster,cgvallea/cgvallea,CANCELLED (exit code 0),1,20,00:01:01,6.93,00:00:44,6.40,9.99,,,
71224,ihealth-cluster,cgvallea/cgvallea,CANCELLED (exit code 0),,,00:00:00,0.00,00:00:00,0.00 MB (estimated maximum),0.00,1,,
71225,ihealth-cluster,cgvallea/cgvallea,CANCELLED (exit code 0),1,10,00:00:00,0.00,00:00:00,0.00 MB (estimated maximum),0.00,,,
71226,ihealth-cluster,cgvallea/cgvallea,CANCELLED (exit code 0),1,10,00:00:00,0.00,00:00:00,0.00 MB (estimated maximum),0.00,,,
71227,ihealth-cluster,cgvallea/cgvallea,CANCELLED (exit code 0),1,10,00:08:33,38.28,00:02:14,14.50,36.26,,,
71228,ihealth-cluster,cgvallea/cgvallea,TIMEOUT (exit code 0),1,10,20:29:30,68.21,03:00:15,22.70,56.75,,,
71229,ihealth-cluster,cgvallea/cgvallea,FAILED (exit code 1),1,10,00:00:05,12.50,00:00:04,4.26 MB,0.01,,,
71230,ihealth-cluster,mgonzalez/mgonzalez,COMPLETED (exit code 0),1,2,00:00:01,12.50,00:00:04,21.90 MB,2.14,,,
71231,ihealth-cluster,mgonzalez/mgonzalez,COMPLETED (exit code 0),1,2,00:00:01,25.00,00:00:02,35.58 MB,3.47,,,
71232,ihealth-cluster,mgonzalez/mgonzalez,COMPLETED (exit code 0),1,2,00:00:01,25.00,00:00:02,15.25 MB,1.49,,,
71233,ihealth-cluster,mgonzalez/mgonzalez,COMPLETED (exit code 0),1,2,00:00:01,16.67,00:00:03,36.25 MB,3.54,,,
71234,ihealth-cluster,mgonzalez/mgonzalez,COMPLETED (exit code 0),1,2,00:00:01,50.00,00:00:01,280.00 KB,0.03,,,
71235,ihealth-cluster,cgvallea/cgvallea,COMPLETED (exit code 0),1,10,1-11:15:13,47.68,07:23:38,23.43,58.59,,,
71236,ihealth-cluster,cgvallea/cgvallea,COMPLETED (exit code 0),1,10,1-12:43:30,69.80,05:15:42,23.04,57.59,,,
71237,ihealth-cluster,dcampanini/dcampanini,COMPLETED (exit code 0),1,4,01:12:30,55.15,00:32:52,1.48,9.27,,,
71238,ihealth-cluster,maparegal/maparegal,TIMEOUT (exit code 0),1,2,00:00:09,0.04,03:00:06,140.36 MB,0.69,,,
71239,ihealth-cluster,dcampanini/dcampanini,COMPLETED (exit code 0),1,4,01:10:29,63.81,00:27:37,1.87,11.70,,,
71240,ihealth-cluster,bllancao/bllancao,COMPLETED (exit code 0),1,10,00:19:01,8.69,00:21:53,4.91,9.82,,,
71241,ihealth-cluster,chriscidl/chriscidl,TIMEOUT (exit code 0),1,2,00:34:29,9.58,03:00:01,4.90,24.51,,,
71242,ihealth-cluster,dcampanini/dcampanini,COMPLETED (exit code 0),1,4,01:07:39,52.88,00:31:59,1.13,7.04,,,
71243,ihealth-cluster,dcampanini/dcampanini,COMPLETED (exit code 0),1,4,01:11:25,54.63,00:32:41,991.43 MB,6.05,,,
71244,ihealth-cluster,dcampanini/dcampanini,COMPLETED (exit code 0),1,4,01:07:44,53.45,00:31:41,1001.44 MB,6.11,,,
71245,ihealth-cluster,mgonzalez/mgonzalez,COMPLETED (exit code 0),1,2,00:00:01,25.00,00:00:02,9.07 MB,0.89,,,
71246,ihealth-cluster,mgonzalez/mgonzalez,COMPLETED (exit code 0),1,2,00:00:01,25.00,00:00:02,18.00 MB,1.76,,,
71247,ihealth-cluster,mgonzalez/mgonzalez,COMPLETED (exit code 0),1,2,00:00:01,16.67,00:00:03,364.00 KB,0.03,,,
71248,ihealth-cluster,mgonzalez/mgonzalez,COMPLETED (exit code 0),1,2,00:00:02,50.00,00:00:02,144.77 MB,14.14,,,
71249,ihealth-cluster,dcampanini/dcampanini,COMPLETED (exit code 0),1,4,01:11:07,54.57,00:32:35,994.98 MB,6.07,,,
71250,ihealth-cluster,mgonzalez/mgonzalez,FAILED (exit code 1),1,2,00:00:02,25.00,00:00:04,24.90 MB,0.08,,,
71251,ihealth-cluster,debuguser/debuguser,COMPLETED (exit code 0),1,2,00:00:01,25.00,00:00:02,4.53 MB,0.44,,,
71252,ihealth-cluster,debuguser/debuguser,COMPLETED (exit code 0),1,2,00:00:01,25.00,00:00:02,52.00 KB,0.00,,,
71253,ihealth-cluster,debuguser/debuguser,COMPLETED (exit code 0),1,2,00:00:01,50.00,00:00:01,72.00 KB,0.01,,,
71254,ihealth-cluster,debuguser/debuguser,COMPLETED (exit code 0),1,2,00:00:01,50.00,00:00:01,52.00 KB,0.00,,,
71255,ihealth-cluster,debuguser/debuguser,COMPLETED (exit code 0),1,2,00:00:01,25.00,00:00:02,56.00 KB,0.01,,,
71256,ihealth-cluster,chriscidl/chriscidl,TIMEOUT (exit code 0),1,2,00:25:55,7.20,03:00:03,3.53,17.66,,,
71257,ihealth-cluster,rmarcar/rmarcar,FAILED (exit code 1),1,4,16:37:57,14.38,1-04:55:05,21.63,27.04,,,
71258,ihealth-cluster,cgrivera/cgrivera,FAILED (exit code 1),1,2,00:00:05,25.00,00:00:10,301.53 MB,0.74,,,
71259,ihealth-cluster,cgrivera/cgrivera,COMPLETED (exit code 0),1,2,00:06:02,95.77,00:03:09,3.61,9.03,,,
71260,ihealth-cluster,cgrivera/cgrivera,FAILED (exit code 120),1,2,00:25:33,95.34,00:13:24,6.42,16.05,,,
71261,ihealth-cluster,cgrivera/cgrivera,FAILED (exit code 1),1,2,00:01:36,67.61,00:01:11,1.32,2.65,,,
71262,ihealth-cluster,cgrivera/cgrivera,FAILED (exit code 120),1,2,00:00:04,40.00,00:00:05,1.19 MB,0.00,,,
71263,ihealth-cluster,bllancao/bllancao,FAILED (exit code 1),1,20,00:07:10,47.78,00:00:45,10.05,10.05,,,
71264,ihealth-cluster,bllancao/bllancao,FAILED (exit code 1),1,20,01:46:08,16.85,00:31:30,59.36,59.36,,,
71265,ihealth-cluster,cgrivera/cgrivera,FAILED (exit code 120),1,2,00:00:10,41.67,00:00:12,288.04 MB,0.70,,,
71266,ihealth-cluster,bllancao/bllancao,CANCELLED (exit code 0),1,10,00:01:49,16.27,00:01:07,6.92,13.84,,,
71267,ihealth-cluster,bllancao/bllancao,FAILED (exit code 1),1,20,11:51:23,16.44,03:36:25,66.07,66.07,,,
71268,ihealth-cluster,bllancao/bllancao,COMPLETED (exit code 0),1,10,00:05:13,17.99,00:02:54,23.32,46.64,,,
71269,ihealth-cluster,cgrivera/cgrivera,COMPLETED (exit code 0),1,2,02:52:09,96.37,01:29:19,7.62,19.05,,,
71270,ihealth-cluster,cgrivera/cgrivera,FAILED (exit code 1),1,2,00:01:33,66.43,00:01:10,1.28,2.55,,,
71271,ihealth-cluster,vruizval/vruizval,FAILED (exit code 1),1,12,00:00:13,5.16,00:00:21,332.06 MB,0.54,,,
71272,ihealth-cluster,vruizval/vruizval,COMPLETED (exit code 0),1,12,17:47:46,15.41,09:37:28,16.93,28.22,,,
71273,ihealth-cluster,cgrivera/cgrivera,COMPLETED (exit code 0),1,2,00:06:00,95.24,00:03:09,3.61,18.04,,,
71274,ihealth-cluster,cgrivera/cgrivera,COMPLETED (exit code 0),1,2,00:02:42,91.01,00:01:29,3.10,15.52,,,
71275,ihealth-cluster,cgrivera/cgrivera,FAILED (exit code 1),1,2,00:00:06,37.50,00:00:08,388.00 KB,0.00,,,
71276,ihealth-cluster,cgrivera/cgrivera,COMPLETED (exit code 0),1,2,06:35:42,99.51,03:18:49,8.07,13.46,,,
71277,ihealth-cluster,bllancao/bllancao,COMPLETED (exit code 0),1,20,11:09:18,16.07,03:28:13,62.99,62.99,,,
71278,ihealth-cluster,cgrivera/cgrivera,COMPLETED (exit code 0),1,2,00:03:04,92.00,00:01:40,2.76,13.81,,,
71279,ihealth-cluster,cgrivera/cgrivera,COMPLETED (exit code 0),1,2,06:41:07,99.53,03:21:30,7.87,13.12,,,
71280,ihealth-cluster,bllancao/bllancao,COMPLETED (exit code 0),1,20,00:00:35,6.25,00:00:28,66.17 MB,0.06,,,
71281,ihealth-cluster,bllancao/bllancao,COMPLETED (exit code 0),1,10,00:04:40,17.61,00:02:39,7.31,14.62,,,
71282,ihealth-cluster,sfarfan/sfarfan,COMPLETED (exit code 0),1,2,00:00:23,0.67,00:28:29,1.44,18.01,,,
71283,ihealth-cluster,sfarfan/sfarfan,COMPLETED (exit code 0),1,2,00:00:38,0.60,00:52:51,1002.64 MB,12.24,,,
71284,ihealth-cluster,vruizval/vruizval,FAILED (exit code 139),1,12,02:40:49,26.64,00:50:18,9.93,16.54,,,
71285,ihealth-cluster,vruizval/vruizval,COMPLETED (exit code 0),1,12,02:43:50,25.78,00:52:57,10.15,16.92,,,
71286,ihealth-cluster,bllancao/bllancao,COMPLETED (exit code 0),1,20,12:45:17,11.00,05:47:43,88.76,88.76,,,
71287,ihealth-cluster,bllancao/bllancao,COMPLETED (exit code 0),1,20,00:00:20,6.25,00:00:16,414.31 MB,0.40,,,
71288,ihealth-cluster,bllancao/bllancao,COMPLETED (exit code 0),1,20,00:00:24,5.71,00:00:21,207.48 MB,0.20,,,
71289,ihealth-cluster,bllancao/bllancao,CANCELLED (exit code 0),1,20,00:03:22,8.49,00:01:59,3.70,3.70,,,
71290,ihealth-cluster,bllancao/bllancao,CANCELLED (exit code 0),1,20,00:44:19,5.10,00:43:29,14.46,14.46,,,
71291,ihealth-cluster,sfarfan/sfarfan,COMPLETED (exit code 0),1,2,00:00:01,0.12,00:06:44,74.07 MB,0.90,,,
71292,ihealth-cluster,bllancao/bllancao,COMPLETED (exit code 0),1,20,05:52:21,5.06,05:48:30,6.08,6.08,,,
71293,ihealth-cluster,sfarfan/sfarfan,COMPLETED (exit code 0),1,2,00:00:18,0.84,00:17:55,992.76 MB,12.12,,,
71294,ihealth-cluster,vruizval/vruizval,FAILED (exit code 1),1,12,00:00:05,8.33,00:00:05,229.29 MB,0.37,,,
71295,ihealth-cluster,vruizval/vruizval,FAILED (exit code 1),1,12,00:00:04,8.33,00:00:04,162.31 MB,0.26,,,
71296,ihealth-cluster,vruizval/vruizval,CANCELLED (exit code 0),1,12,00:31:46,23.39,00:11:19,10.63,17.72,,,
71297,ihealth-cluster,vruizval/vruizval,FAILED (exit code 1),1,12,00:00:07,2.92,00:00:20,570.36 MB,0.62,,,
71298,ihealth-cluster,vruizval/vruizval,FAILED (exit code 1),1,12,00:00:05,5.95,00:00:07,102.56 MB,0.11,,,
71299,ihealth-cluster,vruizval/vruizval,CANCELLED (exit code 0),1,12,00:05:43,22.33,00:02:08,7.39,8.21,,,
71300,ihealth-cluster,vruizval/vruizval,FAILED (exit code 1),1,12,01:13:30,27.67,00:22:08,9.37,10.41,,,
71301,ihealth-cluster,vruizval/vruizval,FAILED (exit code 1),1,12,01:45:44,33.63,00:26:12,13.28,14.76,,,
71302,ihealth-cluster,vruizval/vruizval,FAILED (exit code 1),1,12,00:00:13,4.01,00:00:27,1.03,1.15,,,
71303,ihealth-cluster,vruizval/vruizval,FAILED (exit code 1),1,12,00:00:11,7.05,00:00:13,89.81 MB,0.10,,,
71304,ihealth-cluster,vruizval/vruizval,CANCELLED (exit code 0),1,12,00:28:51,33.47,00:07:11,9.00,10.00,,,
71305,ihealth-cluster,bllancao/bllancao,COMPLETED (exit code 0),1,20,00:00:46,5.61,00:00:41,7.98,7.98,,,
71306,ihealth-cluster,vruizval/vruizval,COMPLETED (exit code 0),1,12,01:18:10,29.47,00:22:06,8.71,9.68,,,
71307,ihealth-cluster,vruizval/vruizval,COMPLETED (exit code 0),1,12,01:33:55,30.79,00:25:25,7.55,8.39,,,
71308,ihealth-cluster,vruizval/vruizval,COMPLETED (exit code 0),1,12,01:34:10,30.28,00:25:55,7.09,7.87,,,
71309,ihealth-cluster,vruizval/vruizval,COMPLETED (exit code 0),1,12,01:18:17,29.88,00:21:50,6.98,7.75,,,
71310,ihealth-cluster,jaerrandonea/jaerrandonea,COMPLETED (exit code 0),1,20,00:00:16,3.33,00:00:24,656.45 MB,0.64,,,
71311,ihealth-cluster,jaerrandonea/jaerrandonea,COMPLETED (exit code 0),1,20,00:00:16,3.33,00:00:24,656.34 MB,0.64,,,
71312,ihealth-cluster,jaerrandonea/jaerrandonea,COMPLETED (exit code 0),1,20,00:00:17,3.86,00:00:22,656.30 MB,0.64,,,
71313,ihealth-cluster,jaerrandonea/jaerrandonea,COMPLETED (exit code 0),1,20,00:00:12,5.45,00:00:11,5.81 MB,0.01,,,
71314,ihealth-cluster,cgrivera/cgrivera,COMPLETED (exit code 0),1,2,03:42:07,67.80,02:43:48,7.51,15.02,,,
71315,ihealth-cluster,cgrivera/cgrivera,FAILED (exit code 1),1,2,00:00:05,35.71,00:00:07,8.25 MB,0.04,,,
71316,ihealth-cluster,cgrivera/cgrivera,COMPLETED (exit code 0),1,2,00:01:00,78.95,00:00:38,2.64,13.21,,,
71317,ihealth-cluster,cgrivera/cgrivera,FAILED (exit code 1),1,2,00:00:05,35.71,00:00:07,124.00 KB,0.00,,,
71318,ihealth-cluster,cgrivera/cgrivera,COMPLETED (exit code 0),1,2,00:03:43,83.83,00:02:13,4.03,20.15,,,
71319,ihealth-cluster,bllancao/bllancao,COMPLETED (exit code 0),1,20,1-01:10:22,8.24,15:16:52,80.16,80.16,,,
71320,ihealth-cluster,bllancao/bllancao,CANCELLED (exit code 0),1,10,00:01:54,16.52,00:01:09,5.10,10.21,,,
71321,ihealth-cluster,bllancao/bllancao,CANCELLED (exit code 0),1,10,00:01:29,14.83,00:01:00,1.87,3.73,,,
71322,ihealth-cluster,bllancao/bllancao,CANCELLED (exit code 0),1,10,01:46:46,10.04,01:46:21,4.86,9.72,,,
71323,ihealth-cluster,mgonzalez/mgonzalez,COMPLETED (exit code 0),1,2,00:00:01,50.00,00:00:01,56.00 KB,0.01,,,
71324,ihealth-cluster,mgonzalez/mgonzalez,COMPLETED (exit code 0),1,2,00:00:02,33.33,00:00:03,218.25 MB,21.31,,,
71325,ihealth-cluster,mgonzalez/mgonzalez,FAILED (exit code 1),1,2,00:00:06,27.27,00:00:11,313.73 MB,1.02,,,
71326,ihealth-cluster,mgonzalez/mgonzalez,FAILED (exit code 1),1,2,00:00:02,33.33,00:00:03,40.16 MB,0.13,,,
71327,ihealth-cluster,mgonzalez/mgonzalez,COMPLETED (exit code 0),1,2,00:00:01,25.00,00:00:02,196.00 KB,0.02,,,
71328,ihealth-cluster,mgonzalez/mgonzalez,FAILED (exit code 1),1,2,00:00:02,33.33,00:00:03,4.43 MB,0.01,,,
71329,ihealth-cluster,bllancao/bllancao,COMPLETED (exit code 0),1,10,00:04:42,10.56,00:04:27,4.35,8.69,,,
71330,ihealth-cluster,mgonzalez/mgonzalez,FAILED (exit code 1),1,2,00:00:02,50.00,00:00:02,64.00 KB,0.00,,,
71331,ihealth-cluster,bllancao/bllancao,CANCELLED (exit code 0),1,10,00:02:05,10.78,00:01:56,3.10,6.20,,,
71332,ihealth-cluster,bllancao/bllancao,FAILED (exit code 1),1,10,00:04:28,10.43,00:04:17,3.15,6.31,,,
71333,ihealth-cluster,bllancao/bllancao,FAILED (exit code 1),1,10,00:04:26,10.39,00:04:16,3.15,6.30,,,
71334,ihealth-cluster,bllancao/bllancao,FAILED (exit code 1),1,10,00:00:39,11.47,00:00:34,1.50,2.99,,,
71335,ihealth-cluster,bllancao/bllancao,CANCELLED (exit code 0),1,10,00:03:11,10.55,00:03:01,3.10,6.19,,,
71336,ihealth-cluster,bllancao/bllancao,FAILED (exit code 1),1,10,00:02:46,10.71,00:02:35,3.09,6.17,,,
71337,ihealth-cluster,bllancao/bllancao,FAILED (exit code 1),1,10,00:04:26,10.39,00:04:16,3.13,6.27,,,
71338,ihealth-cluster,bllancao/bllancao,FAILED (exit code 1),1,10,00:04:26,10.39,00:04:16,3.20,6.40,,,
71339,ihealth-cluster,bllancao/bllancao,FAILED (exit code 1),1,10,00:10:51,10.19,00:10:39,3.54,7.08,,,
71340,ihealth-cluster,bllancao/bllancao,FAILED (exit code 1),1,12,00:00:47,10.88,00:00:36,1.08,1.35,,,
71341,ihealth-cluster,cgrivera/cgrivera,FAILED (exit code 1),1,2,00:00:05,35.71,00:00:07,124.00 KB,0.00,,,
71342,ihealth-cluster,cgrivera/cgrivera,COMPLETED (exit code 0),1,2,00:03:29,84.27,00:02:04,4.02,20.09,,,
71343,ihealth-cluster,cgrivera/cgrivera,COMPLETED (exit code 0),1,2,00:06:01,96.52,00:03:07,3.54,17.72,,,
71344,ihealth-cluster,cgrivera/cgrivera,COMPLETED (exit code 0),1,2,02:47:39,95.65,01:27:38,7.42,18.55,,,
71345,ihealth-cluster,cgrivera/cgrivera,COMPLETED (exit code 0),1,2,00:01:19,49.38,00:01:20,674.85 MB,1.32,,,
71346,ihealth-cluster,maparegal/maparegal,CANCELLED (exit code 0),1,2,00:00:24,26.67,00:00:45,6.88,34.41,,,
71347,ihealth-cluster,maparegal/maparegal,COMPLETED (exit code 0),1,2,03:57:08,56.43,03:30:07,10.23,51.16,,,
71348,ihealth-cluster,maparegal/maparegal,COMPLETED (exit code 0),1,2,04:07:28,58.01,03:33:18,9.23,23.06,,,
71349,ihealth-cluster,bllancao/bllancao,COMPLETED (exit code 0),1,12,01:23:44,7.20,01:36:51,6.69,8.36,,,
71350,ihealth-cluster,vruizval/vruizval,FAILED (exit code 1),1,12,00:00:02,8.33,00:00:02,1.04 MB,0.00,,,
71351,ihealth-cluster,vruizval/vruizval,FAILED (exit code 1),1,12,00:00:02,8.33,00:00:02,536.00 KB,0.00,,,
71352,ihealth-cluster,vruizval/vruizval,COMPLETED (exit code 0),1,12,00:12:32,10.88,00:09:36,18.80,20.89,,,
71353,ihealth-cluster,vruizval/vruizval,FAILED (exit code 1),1,12,00:07:45,10.47,00:06:10,5.38,5.98,,,
71354,ihealth-cluster,vruizval/vruizval,FAILED (exit code 1),1,12,00:07:01,9.97,00:05:52,4.91,5.46,,,
71355,ihealth-cluster,jaerrandonea/jaerrandonea,COMPLETED (exit code 0),1,20,02:18:12,18.10,00:38:10,8.61,8.61,,,
71356,ihealth-cluster,bllancao/bllancao,COMPLETED (exit code 0),1,12,00:08:59,7.57,00:09:53,7.18,8.97,,,
71357,ihealth-cluster,maparegal/maparegal,COMPLETED (exit code 0),1,2,03:50:34,56.30,03:24:45,12.19,60.94,,,
71358,ihealth-cluster,mgonzalez/mgonzalez,COMPLETED (exit code 0),1,2,00:00:02,25.00,00:00:04,248.64 MB,24.28,,,
71359,ihealth-cluster,mgonzalez/mgonzalez,COMPLETED (exit code 0),1,2,00:00:01,50.00,00:00:01,2.29 MB,0.22,,,
71360,ihealth-cluster,mgonzalez/mgonzalez,COMPLETED (exit code 0),1,2,00:00:01,50.00,00:00:01,52.00 KB,0.00,,,
71361,ihealth-cluster,mgonzalez/mgonzalez,COMPLETED (exit code 0),1,2,00:00:02,50.00,00:00:02,257.99 MB,25.19,,,
71362,ihealth-cluster,mgonzalez/mgonzalez,COMPLETED (exit code 0),1,2,00:00:01,50.00,00:00:01,29.18 MB,2.85,,,
71363,ihealth-cluster,mgonzalez/mgonzalez,COMPLETED (exit code 0),1,2,00:00:01,25.00,00:00:02,56.00 KB,0.01,,,
71364,ihealth-cluster,mgonzalez/mgonzalez,COMPLETED (exit code 0),1,2,00:00:01,50.00,00:00:01,172.00 KB,0.02,,,
71365,ihealth-cluster,mgonzalez/mgonzalez,COMPLETED (exit code 0),1,2,00:00:01,50.00,00:00:01,68.00 KB,0.01,,,
71366,ihealth-cluster,mgonzalez/mgonzalez,FAILED (exit code 1),1,2,00:00:05,35.71,00:00:07,50.70 MB,0.17,,,
71367,ihealth-cluster,mgonzalez/mgonzalez,FAILED (exit code 1),1,2,00:00:08,30.77,00:00:13,229.32 MB,0.75,,,
71368,ihealth-cluster,mgonzalez/mgonzalez,COMPLETED (exit code 0),1,2,00:00:01,25.00,00:00:02,6.31 MB,0.62,,,
71369,ihealth-cluster,mgonzalez/mgonzalez,COMPLETED (exit code 0),1,2,00:00:01,25.00,00:00:02,42.04 MB,4.10,,,
71370,ihealth-cluster,cgrivera/cgrivera,FAILED (exit code 1),1,2,00:00:05,27.78,00:00:09,27.05 MB,0.13,,,
71371,ihealth-cluster,cgrivera/cgrivera,COMPLETED (exit code 0),1,2,00:00:59,79.73,00:00:37,2.47,12.35,,,
71372,ihealth-cluster,cgrivera/cgrivera,COMPLETED (exit code 0),1,2,02:51:36,96.30,01:29:06,7.59,18.98,,,
71373,ihealth-cluster,mgonzalez/mgonzalez,COMPLETED (exit code 0),1,2,00:00:01,25.00,00:00:02,168.00 KB,0.02,,,
71374,ihealth-cluster,mgonzalez/mgonzalez,COMPLETED (exit code 0),1,2,00:00:01,25.00,00:00:02,1.57 MB,0.15,,,
71375,ihealth-cluster,mgonzalez/mgonzalez,COMPLETED (exit code 0),1,2,00:00:01,25.00,00:00:02,176.00 KB,0.02,,,
71376,ihealth-cluster,mgonzalez/mgonzalez,COMPLETED (exit code 0),1,2,00:00:01,25.00,00:00:02,23.38 MB,2.28,,,
71377,ihealth-cluster,mgonzalez/mgonzalez,COMPLETED (exit code 0),1,2,00:00:01,25.00,00:00:02,56.00 KB,0.01,,,
71378,ihealth-cluster,bllancao/bllancao,COMPLETED (exit code 0),1,12,01:32:26,7.31,01:45:24,10.36,12.95,,,
71379,ihealth-cluster,bllancao/bllancao,COMPLETED (exit code 0),1,20,1-02:19:17,8.06,16:20:08,58.10,58.10,,,
71380,ihealth-cluster,cgrivera/cgrivera,COMPLETED (exit code 0),1,2,00:00:59,75.64,00:00:39,2.37,11.85,,,
71381,ihealth-cluster,cgrivera/cgrivera,COMPLETED (exit code 0),1,2,00:06:01,95.50,00:03:09,3.64,18.22,,,
71382,ihealth-cluster,cgrivera/cgrivera,COMPLETED (exit code 0),1,2,02:50:30,96.07,01:28:44,7.46,18.65,,,
71383,ihealth-cluster,cgrivera/cgrivera,COMPLETED (exit code 0),1,2,00:07:09,49.08,00:07:17,907.27 MB,1.77,,,
71384,ihealth-cluster,mgonzalez/mgonzalez,COMPLETED (exit code 0),1,2,00:00:01,25.00,00:00:02,10.34 MB,1.01,,,
71385,ihealth-cluster,mgonzalez/mgonzalez,COMPLETED (exit code 0),1,2,00:00:01,50.00,00:00:01,76.00 KB,0.01,,,
71386,ihealth-cluster,mgonzalez/mgonzalez,COMPLETED (exit code 0),1,2,00:00:01,25.00,00:00:02,432.00 KB,0.04,,,
71387,ihealth-cluster,mgonzalez/mgonzalez,FAILED (exit code 1),1,2,00:00:06,42.86,00:00:07,24.74 MB,0.08,,,
71388,ihealth-cluster,mgonzalez/mgonzalez,COMPLETED (exit code 0),1,2,00:00:01,25.00,00:00:02,2.67 MB,0.26,,,
71389,ihealth-cluster,mgonzalez/mgonzalez,FAILED (exit code 1),1,2,1-03:18:53,39.98,1-10:09:34,29.97,99.91,,,
71390,ihealth-cluster,mgonzalez/mgonzalez,COMPLETED (exit code 0),1,2,00:00:02,50.00,00:00:02,3.21 MB,0.31,,,
71391,ihealth-cluster,mgonzalez/mgonzalez,COMPLETED (exit code 0),1,2,00:00:01,25.00,00:00:02,892.00 KB,0.09,,,
71392,ihealth-cluster,mgonzalez/mgonzalez,COMPLETED (exit code 0),1,2,00:00:01,25.00,00:00:02,888.00 KB,0.08,,,
71393,ihealth-cluster,mgonzalez/mgonzalez,TIMEOUT (exit code 0),1,2,00:05:00,4.15,01:00:16,2.41,12.04,,,
71394,ihealth-cluster,maparegal/maparegal,CANCELLED (exit code 0),1,2,10:16:44,63.15,08:08:20,66.97,99.96,,,
71395,ihealth-cluster,cgrivera/cgrivera,COMPLETED (exit code 0),1,2,00:04:14,85.23,00:02:29,4.29,21.46,,,
71396,ihealth-cluster,jaerrandonea/jaerrandonea,FAILED (exit code 1),1,20,00:00:25,5.68,00:00:22,477.38 MB,0.47,,,
71397,ihealth-cluster,jaerrandonea/jaerrandonea,COMPLETED (exit code 0),1,20,00:01:16,5.28,00:01:12,1.39,1.39,,,
71398,ihealth-cluster,vruizval/vruizval,FAILED (exit code 1),1,12,00:11:22,9.85,00:09:37,16.34,18.15,,,
71399,ihealth-cluster,cgrivera/cgrivera,COMPLETED (exit code 0),1,2,00:05:57,94.95,00:03:08,3.61,18.07,,,
71400,ihealth-cluster,cgrivera/cgrivera,COMPLETED (exit code 0),1,2,08:34:59,69.67,06:09:36,7.91,15.82,,,
71401,ihealth-cluster,cgrivera/cgrivera,COMPLETED (exit code 0),1,2,02:52:43,96.71,01:29:18,6.95,17.38,,,
71402,ihealth-cluster,vruizval/vruizval,COMPLETED (exit code 0),1,12,00:14:52,10.06,00:12:19,14.87,16.52,,,
71403,ihealth-cluster,vruizval/vruizval,FAILED (exit code 1),1,12,00:00:04,8.33,00:00:04,772.00 KB,0.00,,,
71404,ihealth-cluster,vruizval/vruizval,FAILED (exit code 1),1,12,00:00:04,8.33,00:00:04,1.80 MB,0.00,,,
71405,ihealth-cluster,maparegal/maparegal,CANCELLED (exit code 0),1,2,2-23:54:30,73.91,2-00:38:44,66.18,98.78,,,
71406,ihealth-cluster,maparegal/maparegal,CANCELLED (exit code 0),1,2,02:19:56,66.26,01:45:36,61.22,91.37,,,
71407,ihealth-cluster,chriscidl/chriscidl,TIMEOUT (exit code 0),1,2,00:22:35,6.27,03:00:12,4.42,22.10,,,
71408,ihealth-cluster,maparegal/maparegal,CANCELLED (exit code 0),1,2,4-06:07:47,73.01,2-21:56:43,66.97,99.96,,,
71409,ihealth-cluster,bllancao/bllancao,COMPLETED (exit code 0),1,12,01:42:50,6.76,02:06:51,33.79,42.24,,,
71410,ihealth-cluster,bllancao/bllancao,FAILED (exit code 1),1,20,00:13:53,64.08,00:01:05,9.63,9.63,,,
71411,ihealth-cluster,bllancao/bllancao,CANCELLED (exit code 0),1,20,00:33:44,25.24,00:06:41,57.55,57.55,,,
71412,ihealth-cluster,bllancao/bllancao,CANCELLED (exit code 0),1,20,00:50:44,90.06,00:02:49,47.20,47.20,,,
71413,ihealth-cluster,bllancao/bllancao,CANCELLED (exit code 0),1,20,00:34:40,86.67,00:02:00,46.49,46.49,,,
71414,ihealth-cluster,bllancao/bllancao,CANCELLED (exit code 0),1,20,00:21:59,80.43,00:01:22,31.44,31.44,,,
71415,ihealth-cluster,bllancao/bllancao,FAILED (exit code 1),1,20,00:46:21,79.91,00:02:54,11.09,11.09,,,
71416,ihealth-cluster,bllancao/bllancao,COMPLETED (exit code 0),1,20,23:26:44,20.11,05:49:50,63.18,63.18,,,
71417,ihealth-cluster,cgrivera/cgrivera,FAILED (exit code 1),1,2,00:00:06,30.00,00:00:10,99.30 MB,0.48,,,
71418,ihealth-cluster,cgrivera/cgrivera,COMPLETED (exit code 0),1,2,00:01:00,78.95,00:00:38,2.55,12.76,,,
71419,ihealth-cluster,vruizval/vruizval,COMPLETED (exit code 0),1,12,00:10:21,8.77,00:09:50,9.42,10.47,,,
71420,ihealth-cluster,cgrivera/cgrivera,COMPLETED (exit code 0),1,2,00:00:59,75.64,00:00:39,2.55,12.75,,,
71421,ihealth-cluster,vruizval/vruizval,COMPLETED (exit code 0),1,12,00:13:32,9.63,00:11:43,13.91,15.46,,,
71422,ihealth-cluster,bllancao/bllancao,COMPLETED (exit code 0),1,20,00:00:37,5.00,00:00:37,6.59,6.59,,,
71423,ihealth-cluster,chriscidl/chriscidl,TIMEOUT (exit code 0),1,2,00:42:27,11.79,03:00:04,3.24,16.22,,,
71424,ihealth-cluster,sfarfan/sfarfan,COMPLETED (exit code 0),1,2,00:00:17,0.71,00:20:05,905.76 MB,11.06,,,
71425,ihealth-cluster,mgonzalez/mgonzalez,TIMEOUT (exit code 0),1,2,00:16:46,13.93,01:00:10,2.32,11.60,,,
71426,ihealth-cluster,mgonzalez/mgonzalez,TIMEOUT (exit code 0),1,2,00:20:56,17.33,01:00:24,2.07,10.34,,,
71427,ihealth-cluster,maparegal/maparegal,TIMEOUT (exit code 0),1,2,00:00:44,0.20,03:00:26,656.79 MB,3.21,,,
71428,ihealth-cluster,sfarfan/sfarfan,COMPLETED (exit code 0),1,2,00:00:18,0.48,00:31:09,690.18 MB,8.43,,,
71429,ihealth-cluster,mgonzalez/mgonzalez,TIMEOUT (exit code 0),1,2,00:26:26,21.86,01:00:28,2.30,11.52,,,
71430,ihealth-cluster,bllancao/bllancao,CANCELLED (exit code 0),1,20,00:00:05,6.25,00:00:04,75.08 MB,0.07,,,
71431,ihealth-cluster,bllancao/bllancao,FAILED (exit code 1),1,20,00:05:13,40.13,00:00:39,10.06,10.06,,,
71432,ihealth-cluster,bllancao/bllancao,COMPLETED (exit code 0),1,20,12:09:20,11.62,05:13:47,90.00,90.00,,,
71433,ihealth-cluster,bllancao/bllancao,COMPLETED (exit code 0),1,2,00:04:45,20.10,00:11:49,9.99,99.92,,,
71434,ihealth-cluster,sfarfan/sfarfan,TIMEOUT (exit code 0),1,2,00:00:49,0.68,01:00:10,1.52,18.97,,,
71435,ihealth-cluster,mgonzalez/mgonzalez,TIMEOUT (exit code 0),1,2,00:00:10,0.14,01:00:14,122.30 MB,0.60,,,
71436,ihealth-cluster,bllancao/bllancao,COMPLETED (exit code 0),1,2,00:04:11,24.90,00:08:24,20.00,99.98,,,
71437,ihealth-cluster,bllancao/bllancao,TIMEOUT (exit code 0),1,2,00:04:59,4.12,01:00:26,18.75,93.74,,,
71438,ihealth-cluster,bllancao/bllancao,TIMEOUT (exit code 0),1,2,00:02:05,1.73,01:00:18,8.25,41.23,,,
71439,ihealth-cluster,bllancao/bllancao,FAILED (exit code 137),1,2,00:04:46,2.57,01:32:42,8.72,43.62,,,
71440,ihealth-cluster,bllancao/bllancao,COMPLETED (exit code 0),1,2,00:00:28,4.18,00:05:35,3.53,35.35,,,
71441,ihealth-cluster,bllancao/bllancao,FAILED (exit code 1),1,20,02:23:02,51.45,00:13:54,55.16,55.16,,,
71442,ihealth-cluster,bllancao/bllancao,FAILED (exit code 1),1,20,00:08:19,46.20,00:00:54,6.64,6.64,,,
71443,ihealth-cluster,bllancao/bllancao,COMPLETED (exit code 0),1,2,00:14:23,21.64,00:33:14,2.42,12.11,,,
71444,ihealth-cluster,bllancao/bllancao,COMPLETED (exit code 0),1,20,1-07:27:02,51.04,03:04:51,57.82,57.82,,,
71445,ihealth-cluster,sfarfan/sfarfan,TIMEOUT (exit code 0),1,2,00:00:50,0.69,01:00:27,1016.00 MB,12.40,,,
71446,ihealth-cluster,sfarfan/sfarfan,COMPLETED (exit code 0),1,2,00:00:26,0.93,00:23:13,837.15 MB,10.22,,,
71447,ihealth-cluster,bllancao/bllancao,FAILED (exit code 1),1,20,00:00:15,4.17,00:00:18,2.33 MB,0.00,,,
71448,ihealth-cluster,pamessina/pamessina,CANCELLED (exit code 0),1,8,00:39:36,2.98,02:46:06,16.85,84.26,,,
71449,ihealth-cluster,bllancao/bllancao,FAILED (exit code 1),1,20,03:27:42,30.38,00:34:11,81.10,81.10,,,
71450,ihealth-cluster,nagarrido/nagarrido,COMPLETED (exit code 0),1,20,00:00:09,4.50,00:00:10,192.20 MB,0.23,,,
71451,ihealth-cluster,nagarrido/nagarrido,COMPLETED (exit code 0),1,20,00:00:09,4.50,00:00:10,515.02 MB,0.63,,,
71452,ihealth-cluster,nagarrido/nagarrido,COMPLETED (exit code 0),1,20,00:00:09,4.50,00:00:10,4.52 MB,0.01,,,
71453,ihealth-cluster,nagarrido/nagarrido,COMPLETED (exit code 0),1,20,00:00:09,4.50,00:00:10,8.61 MB,0.01,,,
71454,ihealth-cluster,nagarrido/nagarrido,COMPLETED (exit code 0),1,20,00:00:09,4.50,00:00:10,5.05 MB,0.01,,,
71455,ihealth-cluster,nagarrido/nagarrido,COMPLETED (exit code 0),1,20,7-04:01:16,44.74,19:13:30,64.56,80.70,,,
71456,ihealth-cluster,nagarrido/nagarrido,COMPLETED (exit code 0),1,20,6-23:07:52,42.86,19:29:54,64.56,80.70,,,
71457,ihealth-cluster,nagarrido/nagarrido,COMPLETED (exit code 0),1,20,7-08:08:51,43.07,20:26:49,66.22,82.78,,,
71458,ihealth-cluster,nagarrido/nagarrido,COMPLETED (exit code 0),1,20,7-04:24:07,42.90,20:05:39,65.18,81.48,,,
71459,ihealth-cluster,nagarrido/nagarrido,COMPLETED (exit code 0),1,20,6-07:56:12,41.99,18:05:25,65.94,82.43,,,
71460,ihealth-cluster,pamessina/pamessina,TIMEOUT (exit code 0),1,8,00:37:05,2.57,03:00:05,19.97,99.86,,,
71461,ihealth-cluster,pamessina/pamessina,COMPLETED (exit code 0),1,12,00:05:00,11.63,00:03:35,50.50,52.61,,,
71462,ihealth-cluster,pamessina/pamessina,COMPLETED (exit code 0),1,8,00:02:36,22.41,00:01:27,25.40,52.91,,,
71463,ihealth-cluster,pamessina/pamessina,COMPLETED (exit code 0),1,8,17:57:26,24.98,08:59:05,47.97,99.94,,,
71464,ihealth-cluster,bllancao/bllancao,FAILED (exit code 1),1,20,04:20:02,31.95,00:40:42,84.00,84.00,,,
71465,ihealth-cluster,bllancao/bllancao,FAILED (exit code 1),1,20,00:19:52,43.19,00:02:18,31.48,31.48,,,
71466,ihealth-cluster,maparegal/maparegal,FAILED (exit code 1),1,20,00:00:18,7.50,00:00:12,571.07 MB,0.70,,,
71467,ihealth-cluster,sfarfan/sfarfan,COMPLETED (exit code 0),1,2,00:00:15,0.49,00:25:20,932.13 MB,11.38,,,
71468,ihealth-cluster,pamessina/pamessina,TIMEOUT (exit code 0),1,8,00:00:01,0.00,03:00:20,79.96 MB,0.39,,,
71469,ihealth-cluster,mgonzalez/mgonzalez,TIMEOUT (exit code 0),1,2,00:06:05,5.04,01:00:23,1.87,9.34,,,
71470,ihealth-cluster,bllancao/bllancao,FAILED (exit code 1),1,20,00:20:07,42.80,00:02:21,31.09,31.09,,,
71471,ihealth-cluster,bllancao/bllancao,COMPLETED (exit code 0),1,20,20:58:38,32.68,03:12:33,89.42,89.42,,,
71472,ihealth-cluster,bllancao/bllancao,CANCELLED (exit code 0),1,20,18:26:48,29.77,03:05:52,89.10,89.10,,,
71473,ihealth-cluster,mgonzalez/mgonzalez,TIMEOUT (exit code 0),1,2,00:11:00,9.11,01:00:24,2.01,10.06,,,
71474,ihealth-cluster,bllancao/bllancao,CANCELLED (exit code 0),,,00:00:00,0.00,00:00:00,0.00 MB (estimated maximum),0.00,1,,
71475,ihealth-cluster,bllancao/bllancao,CANCELLED (exit code 0),1,20,00:03:56,4.98,00:03:57,11.09,11.09,,,
71476,ihealth-cluster,sfarfan/sfarfan,TIMEOUT (exit code 0),1,2,00:00:36,1.00,00:30:06,981.70 MB,11.98,,,
71477,ihealth-cluster,mgonzalez/mgonzalez,TIMEOUT (exit code 0),1,2,00:06:47,5.61,01:00:27,2.06,10.32,,,
71478,ihealth-cluster,sfarfan/sfarfan,COMPLETED (exit code 0),1,2,00:00:28,0.68,00:34:24,937.79 MB,11.45,,,
71479,ihealth-cluster,jaerrandonea/jaerrandonea,FAILED (exit code 1),1,20,00:02:07,4.12,00:02:34,2.16,2.16,,,
71480,ihealth-cluster,jaerrandonea/jaerrandonea,FAILED (exit code 1),1,20,00:18:13,15.66,00:05:49,8.38,8.38,,,
71481,ihealth-cluster,bllancao/bllancao,CANCELLED (exit code 0),1,20,01:06:14,5.12,01:04:44,10.35,10.35,,,
71482,ihealth-cluster,dcampanini/dcampanini,COMPLETED (exit code 0),1,4,00:13:53,52.46,00:06:37,1.83,11.47,,,
71483,ihealth-cluster,bllancao/bllancao,CANCELLED (exit code 0),1,20,00:05:19,5.35,00:04:58,2.18,2.18,,,
71484,ihealth-cluster,bllancao/bllancao,CANCELLED (exit code 0),1,20,00:01:36,4.07,00:01:58,1007.32 MB,0.98,,,
71485,ihealth-cluster,bllancao/bllancao,COMPLETED (exit code 0),1,20,16:33:07,12.54,06:36:03,70.04,70.04,,,
71486,ihealth-cluster,bllancao/bllancao,CANCELLED (exit code 0),1,20,00:04:44,5.87,00:04:02,4.12,4.12,,,
71487,ihealth-cluster,bllancao/bllancao,CANCELLED (exit code 0),1,20,19:56:25,5.18,19:15:28,54.74,54.74,,,
71488,ihealth-cluster,mgonzalez/mgonzalez,TIMEOUT (exit code 0),1,2,00:06:01,5.00,01:00:07,2.57,12.85,,,
71489,ihealth-cluster,dcampanini/dcampanini,FAILED (exit code 1),1,4,00:00:05,25.00,00:00:05,220.00 KB,0.00,,,
71490,ihealth-cluster,dcampanini/dcampanini,COMPLETED (exit code 0),1,4,00:12:59,52.49,00:06:11,948.54 MB,5.79,,,
71491,ihealth-cluster,dcampanini/dcampanini,COMPLETED (exit code 0),1,4,01:05:40,53.13,00:30:54,1.08,6.76,,,
71492,ihealth-cluster,dcampanini/dcampanini,COMPLETED (exit code 0),1,4,01:14:58,55.64,00:33:41,1022.88 MB,6.24,,,
71493,ihealth-cluster,dcampanini/dcampanini,COMPLETED (exit code 0),1,4,01:15:25,55.73,00:33:50,1012.81 MB,6.18,,,
71494,ihealth-cluster,mgonzalez/mgonzalez,TIMEOUT (exit code 0),1,2,00:13:04,10.88,01:00:04,2.99,14.93,,,
71495,ihealth-cluster,dcampanini/dcampanini,COMPLETED (exit code 0),1,4,05:25:15,52.70,02:34:17,1.06,6.61,,,
71496,ihealth-cluster,vruizval/vruizval,COMPLETED (exit code 0),1,12,06:32:55,12.33,04:25:36,16.01,40.02,,,
71497,ihealth-cluster,bllancao/bllancao,FAILED (exit code 1),1,12,00:00:01,4.17,00:00:02,1.62 MB,0.00,,,
71498,ihealth-cluster,bllancao/bllancao,COMPLETED (exit code 0),1,12,01:35:54,7.45,01:47:12,15.46,19.33,,,
71499,ihealth-cluster,maparegal/maparegal,FAILED (exit code 1),1,20,00:00:16,8.89,00:00:09,2.67 MB,0.00,,,
71500,ihealth-cluster,maparegal/maparegal,COMPLETED (exit code 0),1,20,1-21:23:58,79.18,02:52:01,58.70,73.37,,,
71501,ihealth-cluster,mgonzalez/mgonzalez,TIMEOUT (exit code 0),1,2,00:28:38,23.81,01:00:07,5.83,29.17,,,
71502,ihealth-cluster,dcampanini/dcampanini,COMPLETED (exit code 0),1,4,17:04:44,49.58,08:36:43,1.28,8.02,,,
71503,ihealth-cluster,mgonzalez/mgonzalez,TIMEOUT (exit code 0),1,2,00:01:06,0.91,01:00:08,1.53,7.63,,,
71504,ihealth-cluster,cgvallea/cgvallea,FAILED (exit code 1),1,4,00:00:28,18.92,00:00:37,12.55,31.37,,,
71505,ihealth-cluster,maparegal/maparegal,COMPLETED (exit code 0),1,2,00:13:41,75.60,00:09:03,30.85,47.46,,,
71506,ihealth-cluster,vruizval/vruizval,COMPLETED (exit code 0),1,12,10:43:04,21.64,04:07:41,16.49,41.23,,,
71507,ihealth-cluster,maparegal/maparegal,COMPLETED (exit code 0),1,20,22:50:44,79.49,01:26:13,57.03,71.29,,,
71508,ihealth-cluster,mgonzalez/mgonzalez,TIMEOUT (exit code 0),1,2,00:13:36,11.28,01:00:18,4.83,24.14,,,
71509,ihealth-cluster,bllancao/bllancao,COMPLETED (exit code 0),1,20,1-15:35:42,5.17,1-14:17:32,78.32,78.32,,,
71510,ihealth-cluster,bllancao/bllancao,CANCELLED (exit code 0),1,2,00:07:24,5.19,01:11:21,12.75,63.73,,,
71511,ihealth-cluster,maparegal/maparegal,FAILED (exit code 1),1,20,00:00:17,8.50,00:00:10,5.93 MB,0.01,,,
71512,ihealth-cluster,maparegal/maparegal,COMPLETED (exit code 0),1,20,1-22:35:14,80.08,02:54:32,66.23,82.79,,,
71513,ihealth-cluster,bllancao/bllancao,FAILED (exit code 1),1,20,00:21:30,51.60,00:02:05,39.70,39.70,,,
71514,ihealth-cluster,mgonzalez/mgonzalez,TIMEOUT (exit code 0),1,2,00:46:12,38.25,01:00:24,3.90,19.49,,,
71515,ihealth-cluster,vruizval/vruizval,CANCELLED (exit code 0),1,12,00:00:29,7.11,00:00:34,2.71,3.88,,,
71516,ihealth-cluster,vruizval/vruizval,COMPLETED (exit code 0),1,12,08:01:59,12.45,05:22:36,14.30,20.43,,,
71517,ihealth-cluster,vruizval/vruizval,COMPLETED (exit code 0),1,12,07:58:25,12.39,05:21:41,11.57,16.53,,,
71518,ihealth-cluster,jaerrandonea/jaerrandonea,FAILED (exit code 1),1,20,00:00:17,6.07,00:00:14,6.51 MB,0.01,,,
71519,ihealth-cluster,jaerrandonea/jaerrandonea,FAILED (exit code 1),1,20,00:51:44,17.40,00:14:52,8.72,8.72,,,
71520,ihealth-cluster,jaerrandonea/jaerrandonea,FAILED (exit code 1),1,20,00:01:21,5.26,00:01:17,1.35,1.35,,,
71521,ihealth-cluster,maparegal/maparegal,COMPLETED (exit code 0),1,2,00:21:30,75.09,00:14:19,32.77,50.42,,,
71522,ihealth-cluster,bllancao/bllancao,COMPLETED (exit code 0),1,2,00:26:45,24.06,00:55:35,9.38,46.89,,,
71523,ihealth-cluster,cgvallea/cgvallea,COMPLETED (exit code 0),1,20,00:24:03,4.97,00:24:11,567.68 MB,1.73,,,
71524,ihealth-cluster,bllancao/bllancao,COMPLETED (exit code 0),1,20,1-21:19:16,52.06,04:21:11,59.44,59.44,,,
71525,ihealth-cluster,bllancao/bllancao,CANCELLED (exit code 0),1,20,00:00:00,0.00,00:00:00,0.00 MB (estimated maximum),0.00,,,
71526,ihealth-cluster,bllancao/bllancao,CANCELLED (exit code 0),1,20,00:00:00,0.00,00:00:00,0.00 MB (estimated maximum),0.00,,,
71527,ihealth-cluster,cgvallea/cgvallea,COMPLETED (exit code 0),1,20,00:26:10,5.00,00:26:10,298.68 MB,0.91,,,
71528,ihealth-cluster,cgvallea/cgvallea,COMPLETED (exit code 0),1,20,01:29:55,26.81,00:16:46,1.98,6.19,,,
71529,ihealth-cluster,cgvallea/cgvallea,FAILED (exit code 1),1,10,00:00:03,15.00,00:00:02,984.00 KB,0.00,,,
71530,ihealth-cluster,cgvallea/cgvallea,FAILED (exit code 1),1,10,00:00:03,15.00,00:00:02,256.00 KB,0.00,,,
71531,ihealth-cluster,cgvallea/cgvallea,FAILED (exit code 1),1,10,00:00:03,10.00,00:00:03,744.00 KB,0.00,,,
71532,ihealth-cluster,vruizval/vruizval,CANCELLED (exit code 0),1,12,00:02:30,9.06,00:02:18,8.62,12.31,,,
71533,ihealth-cluster,vruizval/vruizval,CANCELLED (exit code 0),1,12,00:02:07,10.69,00:01:39,7.53,10.76,,,
71534,ihealth-cluster,vruizval/vruizval,CANCELLED (exit code 0),1,12,00:00:00,0.00,00:00:00,0.00 MB (estimated maximum),0.00,,,
71535,ihealth-cluster,cgvallea/cgvallea,FAILED (exit code 1),1,10,00:00:03,6.00,00:00:05,1.20 MB,0.00,,,
71536,ihealth-cluster,vruizval/vruizval,COMPLETED (exit code 0),1,12,04:34:52,13.50,02:49:38,12.19,24.37,,,
71537,ihealth-cluster,vruizval/vruizval,COMPLETED (exit code 0),1,12,01:26:12,12.35,00:58:11,12.28,24.56,,,
71538,ihealth-cluster,cgvallea/cgvallea,CANCELLED (exit code 0),1,10,00:01:04,37.65,00:00:17,1.04,3.26,,,
71539,ihealth-cluster,vruizval/vruizval,COMPLETED (exit code 0),1,12,02:39:50,10.90,02:02:09,12.20,24.41,,,
71540,ihealth-cluster,cgvallea/cgvallea,COMPLETED (exit code 0),1,10,01:18:10,47.71,00:16:23,1.09,3.41,,,
71541,ihealth-cluster,cgvallea/cgvallea,FAILED (exit code 1),1,10,00:00:03,10.00,00:00:03,876.00 KB,0.00,,,
71542,ihealth-cluster,cgvallea/cgvallea,CANCELLED (exit code 0),1,10,00:00:26,37.14,00:00:07,1.04,3.24,,,
71543,ihealth-cluster,cgvallea/cgvallea,COMPLETED (exit code 0),1,10,00:05:48,40.47,00:01:26,1.09,3.41,,,
71544,ihealth-cluster,cgvallea/cgvallea,FAILED (exit code 1),1,10,00:00:02,10.00,00:00:02,288.00 KB,0.00,,,
71545,ihealth-cluster,cgvallea/cgvallea,FAILED (exit code 1),1,10,00:00:04,10.00,00:00:04,13.48 MB,0.04,,,
71546,ihealth-cluster,bllancao/bllancao,COMPLETED (exit code 0),1,20,1-01:36:52,30.48,04:12:05,88.56,88.56,,,
71547,ihealth-cluster,bllancao/bllancao,COMPLETED (exit code 0),1,20,00:01:08,5.86,00:00:58,2.65,2.65,,,
71548,ihealth-cluster,cgvallea/cgvallea,CANCELLED (exit code 0),1,2,00:00:15,0.13,01:34:00,273.90 MB,13.37,,,
71549,ihealth-cluster,cgvallea/cgvallea,COMPLETED (exit code 0),1,10,00:05:50,44.30,00:01:19,1.06,3.31,,,
71550,ihealth-cluster,cgvallea/cgvallea,FAILED (exit code 1),1,10,00:00:03,15.00,00:00:02,13.39 MB,0.04,,,
71551,ihealth-cluster,bllancao/bllancao,COMPLETED (exit code 0),1,20,16:28:38,12.44,06:37:25,64.36,64.36,,,
71552,ihealth-cluster,cgvallea/cgvallea,FAILED (exit code 1),1,10,00:00:03,10.00,00:00:03,412.00 KB,0.00,,,
71553,ihealth-cluster,cgvallea/cgvallea,FAILED (exit code 1),1,10,00:00:03,10.00,00:00:03,408.00 KB,0.00,,,
71554,ihealth-cluster,cgvallea/cgvallea,COMPLETED (exit code 0),1,10,00:00:04,10.00,00:00:04,800.00 KB,0.00,,,
71555,ihealth-cluster,cgvallea/cgvallea,COMPLETED (exit code 0),1,10,00:00:05,5.56,00:00:09,217.51 MB,0.66,,,
71556,ihealth-cluster,cgvallea/cgvallea,COMPLETED (exit code 0),1,10,00:00:04,13.33,00:00:03,684.00 KB,0.00,,,
71557,ihealth-cluster,mgonzalez/mgonzalez,TIMEOUT (exit code 0),1,2,00:33:46,28.05,01:00:11,3.38,16.92,,,
71558,ihealth-cluster,cgvallea/cgvallea,CANCELLED (exit code 0),1,2,00:00:04,0.67,00:05:00,141.39 MB,6.90,,,
71559,ihealth-cluster,cgvallea/cgvallea,TIMEOUT (exit code 0),1,2,00:00:47,0.22,03:00:21,2.00,99.80,,,
71560,ihealth-cluster,cgrivera/cgrivera,COMPLETED (exit code 0),1,2,00:02:07,86.99,00:01:13,2.08,10.41,,,
71561,ihealth-cluster,cgrivera/cgrivera,CANCELLED (exit code 0),1,2,00:01:26,86.00,00:00:50,5.54,9.24,,,
71562,ihealth-cluster,cgrivera/cgrivera,FAILED (exit code 1),1,2,00:00:06,37.50,00:00:08,5.46 MB,0.01,,,
71563,ihealth-cluster,cgrivera/cgrivera,FAILED (exit code 1),1,2,00:00:04,28.57,00:00:07,1.82 MB,0.01,,,
71564,ihealth-cluster,cgrivera/cgrivera,FAILED (exit code 1),1,2,00:00:04,33.33,00:00:06,96.00 KB,0.00,,,
71565,ihealth-cluster,cgrivera/cgrivera,FAILED (exit code 1),1,2,00:00:39,72.22,00:00:27,160.00 KB,0.00,,,
71566,ihealth-cluster,mgonzalez/mgonzalez,TIMEOUT (exit code 0),1,2,00:16:49,13.96,01:00:15,1.73,8.67,,,
71567,ihealth-cluster,maparegal/maparegal,TIMEOUT (exit code 0),1,2,00:08:43,2.42,03:00:21,12.69,63.43,,,
71568,ihealth-cluster,cgvallea/cgvallea,TIMEOUT (exit code 0),1,2,00:00:22,0.10,03:00:19,1023.94 MB,50.00,,,
71569,ihealth-cluster,maparegal/maparegal,COMPLETED (exit code 0),1,2,00:10:53,74.20,00:07:20,37.62,57.87,,,
71570,ihealth-cluster,maparegal/maparegal,COMPLETED (exit code 0),1,2,00:05:18,73.95,00:03:35,31.08,47.82,,,
71571,ihealth-cluster,sfarfan/sfarfan,COMPLETED (exit code 0),1,2,00:00:16,1.07,00:12:30,1.02,12.79,,,
71572,ihealth-cluster,sfarfan/sfarfan,COMPLETED (exit code 0),1,2,00:00:39,0.65,00:50:11,1.01,12.68,,,
71573,ihealth-cluster,chriscidl/chriscidl,TIMEOUT (exit code 0),1,2,01:11:04,19.72,03:00:09,5.07,25.36,,,
71574,ihealth-cluster,mgonzalez/mgonzalez,TIMEOUT (exit code 0),1,2,00:16:34,13.76,01:00:13,2.13,10.65,,,
71575,ihealth-cluster,cgvallea/cgvallea,FAILED (exit code 1),1,10,00:00:05,8.33,00:00:06,425.05 MB,1.04,,,
71576,ihealth-cluster,cgvallea/cgvallea,FAILED (exit code 1),1,10,00:00:06,5.00,00:00:12,511.99 MB,1.25,,,
71577,ihealth-cluster,cgvallea/cgvallea,COMPLETED (exit code 0),1,10,1-05:40:03,72.36,04:05:59,34.68,86.71,,,
71578,ihealth-cluster,bllancao/bllancao,COMPLETED (exit code 0),1,12,01:51:32,6.11,02:32:07,9.30,11.63,,,
71579,ihealth-cluster,cgrivera/cgrivera,FAILED (exit code 1),1,2,00:00:39,72.22,00:00:27,29.01 MB,0.14,,,
71580,ihealth-cluster,cgrivera/cgrivera,FAILED (exit code 1),1,2,00:00:40,71.43,00:00:28,9.23 MB,0.05,,,
71581,ihealth-cluster,cgrivera/cgrivera,COMPLETED (exit code 0),1,2,00:06:02,95.26,00:03:10,3.58,17.90,,,
71582,ihealth-cluster,cgrivera/cgrivera,FAILED (exit code 1),1,2,00:00:04,28.57,00:00:07,28.00 KB,0.00,,,
71583,ihealth-cluster,cgrivera/cgrivera,COMPLETED (exit code 0),1,2,00:05:19,95.51,00:02:47,3.38,16.88,,,
71584,ihealth-cluster,cgrivera/cgrivera,COMPLETED (exit code 0),1,2,02:54:00,96.47,01:30:11,7.63,19.07,,,
71585,ihealth-cluster,cgrivera/cgrivera,FAILED (exit code 1),1,2,00:00:04,40.00,00:00:05,216.00 KB,0.00,,,
71586,ihealth-cluster,cgrivera/cgrivera,COMPLETED (exit code 0),1,2,00:04:34,93.20,00:02:27,3.36,16.82,,,
71587,ihealth-cluster,cgrivera/cgrivera,COMPLETED (exit code 0),1,2,00:02:10,90.28,00:01:12,1.97,9.85,,,
71588,ihealth-cluster,cgrivera/cgrivera,COMPLETED (exit code 0),1,2,06:41:11,99.52,03:21:34,8.07,13.45,,,
71589,ihealth-cluster,maparegal/maparegal,CANCELLED (exit code 0),1,20,00:01:01,16.05,00:00:19,9.33,13.33,,,
71590,ihealth-cluster,maparegal/maparegal,FAILED (exit code 1),1,20,00:21:53,18.65,00:05:52,42.15,60.21,,,
71591,ihealth-cluster,maparegal/maparegal,COMPLETED (exit code 0),1,20,20:39:17,77.44,01:20:01,68.52,97.88,,,
71592,ihealth-cluster,vruizval/vruizval,CANCELLED (exit code 0),1,12,00:02:26,10.14,00:02:00,8.19,16.38,,,
71593,ihealth-cluster,vruizval/vruizval,COMPLETED (exit code 0),1,12,04:57:06,11.57,03:34:00,12.00,24.00,,,
71594,ihealth-cluster,vruizval/vruizval,COMPLETED (exit code 0),1,12,04:59:38,11.63,03:34:40,11.41,22.81,,,
71595,ihealth-cluster,cgrivera/cgrivera,COMPLETED (exit code 0),1,2,00:02:41,49.39,00:02:43,1.00,2.01,,,
71596,ihealth-cluster,cgrivera/cgrivera,COMPLETED (exit code 0),1,2,00:01:11,78.89,00:00:45,2.73,13.63,,,
71597,ihealth-cluster,maparegal/maparegal,COMPLETED (exit code 0),1,20,20:15:34,78.36,01:17:34,68.41,97.72,,,
71598,ihealth-cluster,bllancao/bllancao,FAILED (exit code 1),1,20,00:00:16,4.71,00:00:17,1.31 MB,0.00,,,
71599,ihealth-cluster,bllancao/bllancao,COMPLETED (exit code 0),1,20,00:06:13,19.84,00:01:34,11.34,11.34,,,
71600,ihealth-cluster,bllancao/bllancao,COMPLETED (exit code 0),1,20,18:04:37,13.41,06:44:21,60.56,60.56,,,
71601,ihealth-cluster,cgrivera/cgrivera,COMPLETED (exit code 0),1,2,00:01:07,81.71,00:00:41,2.79,13.95,,,
71602,ihealth-cluster,cgrivera/cgrivera,COMPLETED (exit code 0),1,2,00:01:04,78.05,00:00:41,2.42,12.08,,,
71603,ihealth-cluster,maparegal/maparegal,CANCELLED (exit code 0),1,2,00:02:15,74.18,00:01:31,13.44,20.68,,,
71604,ihealth-cluster,maparegal/maparegal,FAILED (exit code 1),1,2,00:26:29,81.24,00:16:18,32.23,49.58,,,
71605,ihealth-cluster,maparegal/maparegal,CANCELLED (exit code 0),1,2,00:18:41,79.06,00:11:49,31.37,48.26,,,
71606,ihealth-cluster,maparegal/maparegal,COMPLETED (exit code 0),1,2,00:27:24,79.57,00:17:13,33.85,52.08,,,
71607,ihealth-cluster,vruizval/vruizval,COMPLETED (exit code 0),1,12,03:45:05,12.23,02:33:24,12.19,24.38,,,
71608,ihealth-cluster,maparegal/maparegal,COMPLETED (exit code 0),1,20,10:06:53,78.34,00:38:44,66.41,94.88,,,
71609,ihealth-cluster,cgrivera/cgrivera,COMPLETED (exit code 0),1,2,00:02:38,84.04,00:01:34,3.67,18.34,,,
71610,ihealth-cluster,cgrivera/cgrivera,COMPLETED (exit code 0),1,2,00:06:22,95.98,00:03:19,3.45,17.23,,,
71611,ihealth-cluster,cgrivera/cgrivera,COMPLETED (exit code 0),1,2,02:57:26,96.38,01:32:03,7.86,19.65,,,
71612,ihealth-cluster,maparegal/maparegal,COMPLETED (exit code 0),1,20,5-21:01:49,81.54,08:38:54,74.15,92.68,,,
71613,ihealth-cluster,cgrivera/cgrivera,FAILED (exit code 1),1,2,00:00:36,78.26,00:00:23,5.73 MB,0.03,,,
71614,ihealth-cluster,cgrivera/cgrivera,COMPLETED (exit code 0),1,2,00:00:59,79.73,00:00:37,2.45,12.26,,,
71615,ihealth-cluster,cgrivera/cgrivera,COMPLETED (exit code 0),1,2,08:40:40,69.70,06:13:30,7.11,14.21,,,
71616,ihealth-cluster,vruizval/vruizval,COMPLETED (exit code 0),1,12,04:28:59,11.27,03:18:51,11.49,22.98,,,
71617,ihealth-cluster,vruizval/vruizval,COMPLETED (exit code 0),1,12,04:07:00,12.26,02:47:50,17.27,34.54,,,
71618,ihealth-cluster,cgvallea/cgvallea,CANCELLED (exit code 0),1,4,00:00:08,20.00,00:00:10,10.13,25.34,,,
71619,ihealth-cluster,cgvallea/cgvallea,FAILED (exit code 127),1,4,00:00:01,25.00,00:00:01,216.00 KB,0.00,,,
71620,ihealth-cluster,cgvallea/cgvallea,CANCELLED (exit code 0),1,4,00:00:01,2.78,00:00:09,6.31 MB,0.02,,,
71621,ihealth-cluster,cgvallea/cgvallea,FAILED (exit code 1),1,4,00:00:01,25.00,00:00:01,112.00 KB,0.00,,,
71622,ihealth-cluster,cgvallea/cgvallea,FAILED (exit code 1),1,4,00:00:01,25.00,00:00:01,184.00 KB,0.00,,,
71623,ihealth-cluster,cgvallea/cgvallea,CANCELLED (exit code 0),1,4,00:00:01,0.33,00:01:15,4.04 MB,0.01,,,
71624,ihealth-cluster,cgvallea/cgvallea,FAILED (exit code 1),1,4,00:00:01,25.00,00:00:01,208.00 KB,0.00,,,
71625,ihealth-cluster,cgvallea/cgvallea,CANCELLED (exit code 0),1,4,00:00:01,1.14,00:00:22,3.94 MB,0.01,,,
71626,ihealth-cluster,cgvallea/cgvallea,COMPLETED (exit code 0),1,4,00:00:01,12.50,00:00:02,3.67 MB,0.01,,,
71627,ihealth-cluster,bllancao/bllancao,COMPLETED (exit code 0),1,12,01:31:46,7.28,01:45:04,12.37,15.46,,,
71628,ihealth-cluster,cgvallea/cgvallea,CANCELLED (exit code 0),1,2,00:00:10,7.14,00:01:10,2.32,7.24,,,
71629,ihealth-cluster,cgvallea/cgvallea,COMPLETED (exit code 0),1,2,00:01:22,7.77,00:08:48,22.84,71.37,,,
71630,ihealth-cluster,pamessina/pamessina,CANCELLED (exit code 0),1,8,00:00:05,0.31,00:03:20,123.06 MB,0.60,,,
71631,ihealth-cluster,pamessina/pamessina,TIMEOUT (exit code 0),1,8,00:00:10,0.01,03:00:14,292.64 MB,1.43,,,
71632,ihealth-cluster,cgvallea/cgvallea,FAILED (exit code 1),1,4,00:00:02,12.50,00:00:04,130.14 MB,0.32,,,
71633,ihealth-cluster,cgvallea/cgvallea,FAILED (exit code 2),1,4,00:00:00,0.00,00:00:02,4.11 MB,0.01,,,
71634,ihealth-cluster,cgvallea/cgvallea,CANCELLED (exit code 0),1,4,00:01:43,11.55,00:03:43,22.89,57.24,,,
71635,ihealth-cluster,cgvallea/cgvallea,CANCELLED (exit code 0),1,4,00:00:21,21.00,00:00:25,2.34,5.84,,,
71636,ihealth-cluster,cgvallea/cgvallea,CANCELLED (exit code 0),1,4,00:00:08,25.00,00:00:08,12.52,12.52,,,
71637,ihealth-cluster,cgvallea/cgvallea,CANCELLED (exit code 0),1,4,00:00:08,25.00,00:00:08,12.59,12.59,,,
71638,ihealth-cluster,cgvallea/cgvallea,FAILED (exit code 1),1,4,00:00:06,30.00,00:00:05,2.41,2.41,,,
71639,ihealth-cluster,cgvallea/cgvallea,FAILED (exit code 1),1,4,00:00:04,25.00,00:00:04,173.70 MB,0.17,,,
71640,ihealth-cluster,cgvallea/cgvallea,FAILED (exit code 1),1,4,00:00:04,50.00,00:00:02,177.25 MB,0.17,,,
71641,ihealth-cluster,cgvallea/cgvallea,FAILED (exit code 1),1,4,00:00:04,33.33,00:00:03,173.68 MB,0.17,,,
71642,ihealth-cluster,cgvallea/cgvallea,FAILED (exit code 127),1,4,00:00:00,0.00,00:00:02,6.36 MB,0.01,,,
71643,ihealth-cluster,cgvallea/cgvallea,FAILED (exit code 1),1,4,00:00:04,25.00,00:00:04,173.11 MB,0.17,,,
71644,ihealth-cluster,cgvallea/cgvallea,FAILED (exit code 1),1,4,00:01:28,62.86,00:00:35,6.59,6.59,,,
71645,ihealth-cluster,cgvallea/cgvallea,CANCELLED (exit code 0),1,4,00:02:25,31.80,00:01:54,5.42,5.42,,,
71646,ihealth-cluster,bllancao/bllancao,COMPLETED (exit code 0),1,20,02:07:22,5.21,02:02:19,11.09,11.09,,,
71647,ihealth-cluster,cgvallea/cgvallea,COMPLETED (exit code 0),1,4,00:09:36,20.14,00:11:55,5.35,5.35,,,
71648,ihealth-cluster,sfarfan/sfarfan,COMPLETED (exit code 0),1,2,00:00:31,0.66,00:38:54,1.12,14.00,,,
71649,ihealth-cluster,maparegal/maparegal,CANCELLED (exit code 0),1,2,00:03:42,72.08,00:02:34,9.42,14.50,,,
71650,ihealth-cluster,maparegal/maparegal,COMPLETED (exit code 0),1,2,00:29:01,74.72,00:19:25,35.21,54.16,,,
71651,ihealth-cluster,maparegal/maparegal,TIMEOUT (exit code 0),1,2,00:05:44,1.59,03:00:13,7.76,38.81,,,
71652,ihealth-cluster,cgvallea/cgvallea,FAILED (exit code 1),1,12,00:00:06,12.50,00:00:04,440.95 MB,0.43,,,
71653,ihealth-cluster,cgvallea/cgvallea,FAILED (exit code 1),1,12,00:00:06,16.67,00:00:03,680.05 MB,0.66,,,
71654,ihealth-cluster,cgvallea/cgvallea,FAILED (exit code 1),1,12,00:00:06,12.50,00:00:04,240.28 MB,0.23,,,
71655,ihealth-cluster,cgvallea/cgvallea,FAILED (exit code 1),1,12,00:00:06,12.50,00:00:04,647.32 MB,0.63,,,
71656,ihealth-cluster,cgvallea/cgvallea,FAILED (exit code 1),1,12,00:00:06,12.50,00:00:04,240.32 MB,0.23,,,
71657,ihealth-cluster,cgvallea/cgvallea,FAILED (exit code 1),1,12,00:00:36,42.86,00:00:07,8.12,8.12,,,
71658,ihealth-cluster,cgvallea/cgvallea,CANCELLED (exit code 0),1,12,00:01:23,49.40,00:00:14,15.56,15.56,,,
71659,ihealth-cluster,cgvallea/cgvallea,COMPLETED (exit code 0),1,12,00:12:30,8.55,00:12:11,5.41,5.41,,,
71660,ihealth-cluster,cgvallea/cgvallea,FAILED (exit code 1),1,12,00:01:39,43.42,00:00:19,1.85,1.85,,,
71661,ihealth-cluster,cgvallea/cgvallea,COMPLETED (exit code 0),1,12,00:13:11,8.97,00:12:15,5.42,5.42,,,
71662,ihealth-cluster,nagarrido/nagarrido,COMPLETED (exit code 0),1,20,6-17:12:06,41.71,19:19:22,65.53,81.91,,,
71663,ihealth-cluster,nagarrido/nagarrido,COMPLETED (exit code 0),1,20,6-20:31:28,40.14,20:29:30,65.19,81.49,,,
71664,ihealth-cluster,cgrivera/cgrivera,COMPLETED (exit code 0),1,2,00:02:42,50.00,00:02:42,809.68 MB,1.58,,,
71665,ihealth-cluster,sfarfan/sfarfan,COMPLETED (exit code 0),1,2,00:01:11,0.93,01:03:52,1.12,14.02,,,
71666,ihealth-cluster,cgrivera/cgrivera,FAILED (exit code 1),1,2,00:00:04,33.33,00:00:06,6.58 MB,0.03,,,
71667,ihealth-cluster,cgrivera/cgrivera,COMPLETED (exit code 0),1,2,00:05:46,95.58,00:03:01,3.66,18.28,,,
71668,ihealth-cluster,cgrivera/cgrivera,COMPLETED (exit code 0),1,2,06:59:02,99.49,03:30:36,8.06,20.15,,,
71669,ihealth-cluster,cgvallea/cgvallea,FAILED (exit code 2),1,10,00:00:01,10.00,00:00:01,296.00 KB,0.00,,,
71670,ihealth-cluster,maparegal/maparegal,FAILED (exit code 1),1,2,00:04:00,29.85,00:06:42,64.14,95.74,,,
71671,ihealth-cluster,cgvallea/cgvallea,FAILED (exit code 1),1,10,00:00:12,15.00,00:00:08,17.68 MB,0.04,,,
71672,ihealth-cluster,maparegal/maparegal,COMPLETED (exit code 0),1,2,3-20:30:43,72.68,2-15:38:37,60.98,91.02,,,
71673,ihealth-cluster,maparegal/maparegal,FAILED (exit code 1),1,20,00:00:42,8.08,00:00:26,27.92 MB,0.04,,,
71674,ihealth-cluster,cgvallea/cgvallea,FAILED (exit code 1),1,10,00:00:05,10.00,00:00:05,15.20 MB,0.04,,,
71675,ihealth-cluster,cgvallea/cgvallea,FAILED (exit code 1),1,10,00:00:13,16.25,00:00:08,56.90 MB,0.14,,,
71676,ihealth-cluster,cgvallea/cgvallea,FAILED (exit code 1),1,10,00:00:05,16.67,00:00:03,564.00 KB,0.00,,,
71677,ihealth-cluster,cgvallea/cgvallea,FAILED (exit code 1),1,10,00:00:05,12.50,00:00:04,30.66 MB,0.07,,,
71678,ihealth-cluster,maparegal/maparegal,COMPLETED (exit code 0),1,20,21:17:11,79.87,01:19:57,65.23,93.19,,,
71679,ihealth-cluster,pamessina/pamessina,CANCELLED (exit code 0),1,8,00:00:07,0.01,02:21:33,234.81 MB,1.15,,,
71680,ihealth-cluster,sfarfan/sfarfan,COMPLETED (exit code 0),1,2,00:00:29,1.81,00:13:23,1.12,13.95,,,
71681,ihealth-cluster,cgvallea/cgvallea,CANCELLED (exit code 0),1,10,09:57:37,70.93,01:24:15,17.65,44.12,,,
71682,ihealth-cluster,chriscidl/chriscidl,CANCELLED (exit code 0),1,2,02:29:18,47.99,02:35:34,4.37,21.87,,,
71683,ihealth-cluster,sfarfan/sfarfan,COMPLETED (exit code 0),1,2,00:00:40,0.85,00:39:08,1.14,14.27,,,
71684,ihealth-cluster,cgvallea/cgvallea,FAILED (exit code 1),1,12,00:00:07,9.72,00:00:06,325.05 MB,0.32,,,
71685,ihealth-cluster,cgvallea/cgvallea,FAILED (exit code 1),1,12,00:13:59,8.57,00:13:36,7.44,7.44,,,
71686,ihealth-cluster,maparegal/maparegal,TIMEOUT (exit code 0),1,2,00:00:34,0.16,03:00:13,907.55 MB,4.43,,,
71687,ihealth-cluster,cgvallea/cgvallea,CANCELLED (exit code 0),1,12,00:02:36,25.00,00:00:52,3.44,4.30,,,
71688,ihealth-cluster,cgvallea/cgvallea,CANCELLED (exit code 0),1,12,00:00:00,0.00,00:00:00,0.00 MB (estimated maximum),0.00,,,
71689,ihealth-cluster,cgvallea/cgvallea,CANCELLED (exit code 0),1,12,00:07:59,13.62,00:04:53,75.00,93.75,,,
71690,ihealth-cluster,cgvallea/cgvallea,CANCELLED (exit code 0),1,12,00:03:47,38.61,00:00:49,5.95,7.44,,,
71691,ihealth-cluster,cgvallea/cgvallea,CANCELLED (exit code 0),1,12,00:02:06,31.82,00:00:33,4.44,5.54,,,
71692,ihealth-cluster,cgvallea/cgvallea,CANCELLED (exit code 0),1,12,00:00:24,1.74,00:01:55,1.10,1.37,,,
71693,ihealth-cluster,cgvallea/cgvallea,CANCELLED (exit code 0),1,12,00:00:00,0.00,00:00:00,0.00 MB (estimated maximum),0.00,,,
71694,ihealth-cluster,cgvallea/cgvallea,CANCELLED (exit code 0),1,12,00:03:55,44.51,00:00:44,5.17,6.47,,,
71695,ihealth-cluster,cgvallea/cgvallea,FAILED (exit code 1),1,12,00:13:31,7.49,00:15:02,70.38,87.97,,,
71696,ihealth-cluster,cgrivera/cgrivera,FAILED (exit code 1),1,2,00:00:03,30.00,00:00:05,30.64 MB,0.06,,,
71697,ihealth-cluster,cgrivera/cgrivera,COMPLETED (exit code 0),1,2,11:25:01,71.66,07:57:58,6.88,13.76,,,
71698,ihealth-cluster,cgvallea/cgvallea,CANCELLED (exit code 0),1,2,00:00:08,0.10,01:09:31,200.19 MB,2.44,,,
71699,ihealth-cluster,cgvallea/cgvallea,FAILED (exit code 1),1,4,00:00:04,20.00,00:00:05,212.70 MB,5.19,,,
71700,ihealth-cluster,cgvallea/cgvallea,FAILED (exit code 1),1,4,00:00:03,25.00,00:00:03,292.00 KB,0.01,,,
71701,ihealth-cluster,cgvallea/cgvallea,FAILED (exit code 1),1,4,00:02:07,47.39,00:01:07,287.00 MB,7.01,,,
71702,ihealth-cluster,cgvallea/cgvallea,FAILED (exit code 1),1,4,00:00:03,25.00,00:00:03,228.00 KB,0.01,,,
71703,ihealth-cluster,chriscidl/chriscidl,TIMEOUT (exit code 0),1,2,03:14:52,54.03,03:00:19,4.55,22.77,,,
71704,ihealth-cluster,cgvallea/cgvallea,FAILED (exit code 1),1,4,00:00:03,25.00,00:00:03,416.00 KB,0.01,,,
71705,ihealth-cluster,cgvallea/cgvallea,FAILED (exit code 1),1,4,00:00:03,25.00,00:00:03,5.02 MB,0.12,,,
71706,ihealth-cluster,cgvallea/cgvallea,COMPLETED (exit code 0),1,4,00:10:38,67.87,00:03:55,482.09 MB,11.77,,,
71707,ihealth-cluster,cgvallea/cgvallea,COMPLETED (exit code 0),1,4,00:02:39,47.89,00:01:23,477.51 MB,11.66,,,
71708,ihealth-cluster,cgvallea/cgvallea,FAILED (exit code 1),1,4,00:00:03,25.00,00:00:03,264.00 KB,0.01,,,
71709,ihealth-cluster,cgvallea/cgvallea,FAILED (exit code 1),1,4,00:00:03,25.00,00:00:03,344.00 KB,0.01,,,
71710,ihealth-cluster,cgvallea/cgvallea,FAILED (exit code 1),1,4,00:00:03,25.00,00:00:03,288.00 KB,0.01,,,
71711,ihealth-cluster,cgvallea/cgvallea,COMPLETED (exit code 0),1,4,00:06:36,48.29,00:03:25,654.30 MB,15.97,,,
71712,ihealth-cluster,cgvallea/cgvallea,COMPLETED (exit code 0),1,4,00:00:11,30.56,00:00:09,29.86 MB,0.73,,,
71713,ihealth-cluster,cgvallea/cgvallea,COMPLETED (exit code 0),1,4,00:00:11,30.56,00:00:09,29.86 MB,0.73,,,
71714,ihealth-cluster,cgvallea/cgvallea,COMPLETED (exit code 0),1,4,00:06:34,47.82,00:03:26,654.52 MB,15.98,,,
71715,ihealth-cluster,pamessina/pamessina,TIMEOUT (exit code 0),1,8,00:00:01,0.00,03:00:21,95.54 MB,0.47,,,
71716,ihealth-cluster,cgvallea/cgvallea,COMPLETED (exit code 0),1,4,00:06:35,47.71,00:03:27,671.77 MB,16.40,,,
71717,ihealth-cluster,cgvallea/cgvallea,COMPLETED (exit code 0),1,2,00:00:08,36.36,00:00:11,315.27 MB,1.92,,,
71718,ihealth-cluster,cgvallea/cgvallea,COMPLETED (exit code 0),1,4,00:06:17,47.12,00:03:20,656.94 MB,16.04,,,
71719,ihealth-cluster,cgvallea/cgvallea,COMPLETED (exit code 0),1,4,00:14:41,59.53,00:06:10,819.79 MB,20.01,,,
71720,ihealth-cluster,cgvallea/cgvallea,CANCELLED (exit code 0),1,4,00:01:49,43.95,00:01:02,529.60 MB,12.93,,,
71721,ihealth-cluster,cgvallea/cgvallea,CANCELLED (exit code 0),1,4,00:03:18,44.20,00:01:52,655.57 MB,16.01,,,
71722,ihealth-cluster,cgvallea/cgvallea,FAILED (exit code 1),1,4,00:00:03,10.71,00:00:07,185.08 MB,4.52,,,
71723,ihealth-cluster,cgvallea/cgvallea,FAILED (exit code 1),1,4,00:00:04,25.00,00:00:04,1.27 MB,0.03,,,
71724,ihealth-cluster,cgvallea/cgvallea,COMPLETED (exit code 0),1,4,00:16:57,59.40,00:07:08,762.27 MB,18.61,,,
71725,ihealth-cluster,cgvallea/cgvallea,COMPLETED (exit code 0),1,4,00:14:38,62.01,00:05:54,838.64 MB,20.47,,,
71726,ihealth-cluster,cgvallea/cgvallea,FAILED (exit code 1),1,4,00:00:03,25.00,00:00:03,216.00 KB,0.01,,,
71727,ihealth-cluster,cgvallea/cgvallea,FAILED (exit code 1),1,4,00:00:03,37.50,00:00:02,352.00 KB,0.01,,,
71728,ihealth-cluster,cgvallea/cgvallea,COMPLETED (exit code 0),1,4,00:16:30,59.35,00:06:57,809.21 MB,19.76,,,
71729,ihealth-cluster,maparegal/maparegal,TIMEOUT (exit code 0),1,2,00:00:14,0.06,03:00:02,798.44 MB,3.90,,,
71730,ihealth-cluster,maparegal/maparegal,COMPLETED (exit code 0),1,20,1-07:17:51,78.98,01:58:53,58.75,83.92,,,
71731,ihealth-cluster,cgvallea/cgvallea,COMPLETED (exit code 0),1,4,00:18:11,58.78,00:07:44,792.67 MB,19.35,,,
71732,ihealth-cluster,cgvallea/cgvallea,FAILED (exit code 1),1,4,00:00:12,27.27,00:00:11,16.18 MB,0.40,,71732_7,
71733,ihealth-cluster,cgvallea/cgvallea,FAILED (exit code 1),1,4,00:00:12,33.33,00:00:09,328.00 KB,0.01,,71732_0,
71734,ihealth-cluster,cgvallea/cgvallea,FAILED (exit code 1),1,4,00:00:11,34.38,00:00:08,1.86 MB,0.05,,71732_1,
71735,ihealth-cluster,cgvallea/cgvallea,FAILED (exit code 1),1,4,00:00:11,34.38,00:00:08,1.04 MB,0.03,,71732_2,
71736,ihealth-cluster,cgvallea/cgvallea,FAILED (exit code 1),1,4,00:00:11,34.38,00:00:08,1.68 MB,0.04,,71732_3,
71737,ihealth-cluster,cgvallea/cgvallea,FAILED (exit code 1),1,4,00:00:11,34.38,00:00:08,1.98 MB,0.05,,71732_4,
71738,ihealth-cluster,cgvallea/cgvallea,FAILED (exit code 1),1,4,00:00:12,25.00,00:00:12,6.75 MB,0.16,,71732_5,
71739,ihealth-cluster,cgvallea/cgvallea,FAILED (exit code 1),1,4,00:00:11,25.00,00:00:11,17.00 MB,0.41,,71732_6,
71740,ihealth-cluster,cgvallea/cgvallea,FAILED (exit code 1),1,4,00:43:14,65.84,00:16:25,1.38,34.56,,71740_7,
71741,ihealth-cluster,cgvallea/cgvallea,FAILED (exit code 1),1,4,01:11:25,58.76,00:30:23,1.51,37.77,,71740_0,
71742,ihealth-cluster,cgvallea/cgvallea,FAILED (exit code 1),1,4,00:53:42,58.33,00:23:01,1.32,33.04,,71740_1,
71743,ihealth-cluster,cgvallea/cgvallea,FAILED (exit code 1),1,4,00:58:20,60.34,00:24:10,1.33,33.18,,71740_2,
71744,ihealth-cluster,cgvallea/cgvallea,FAILED (exit code 1),1,4,00:52:47,58.82,00:22:26,1.32,33.11,,71740_3,
71745,ihealth-cluster,cgvallea/cgvallea,FAILED (exit code 1),1,4,00:35:45,58.99,00:15:09,1.07,26.68,,71740_4,
71746,ihealth-cluster,cgvallea/cgvallea,FAILED (exit code 1),1,4,00:43:22,65.57,00:16:32,1.39,34.66,,71740_5,
71747,ihealth-cluster,cgvallea/cgvallea,FAILED (exit code 1),1,4,00:33:13,64.88,00:12:48,1.24,31.06,,71740_6,
71748,ihealth-cluster,cgrivera/cgrivera,CANCELLED (exit code 0),1,2,00:02:41,93.60,00:01:26,1.08,2.16,,,
71749,ihealth-cluster,maparegal/maparegal,OUT_OF_MEMORY (exit code 0),1,20,11:08:56,74.13,00:45:07,70.00,99.99,,,
71750,ihealth-cluster,cgrivera/cgrivera,COMPLETED (exit code 0),1,2,10:38:20,75.22,07:04:18,13.28,26.56,,,
71751,ihealth-cluster,vruizval/vruizval,COMPLETED (exit code 0),1,12,04:30:34,11.30,03:19:34,12.40,13.78,,,
71752,ihealth-cluster,cgrivera/cgrivera,FAILED (exit code 1),1,2,00:00:05,50.00,00:00:05,1.53 MB,0.00,,,
71753,ihealth-cluster,cgrivera/cgrivera,FAILED (exit code 1),1,2,00:00:05,50.00,00:00:05,164.00 KB,0.00,,,
71754,ihealth-cluster,cgrivera/cgrivera,FAILED (exit code 1),1,2,00:00:05,50.00,00:00:05,152.00 KB,0.00,,,
71755,ihealth-cluster,cgrivera/cgrivera,COMPLETED (exit code 0),1,2,00:06:06,49.73,00:06:08,949.29 MB,1.85,,,
71756,ihealth-cluster,cgrivera/cgrivera,COMPLETED (exit code 0),1,2,00:06:02,49.86,00:06:03,1.02,2.03,,,
71757,ihealth-cluster,cgrivera/cgrivera,FAILED (exit code 1),1,2,00:00:04,50.00,00:00:04,112.00 KB,0.00,,,
71758,ihealth-cluster,cgrivera/cgrivera,COMPLETED (exit code 0),1,2,00:04:51,49.83,00:04:52,1.16,2.31,,,
71759,ihealth-cluster,pamessina/pamessina,TIMEOUT (exit code 0),1,8,00:00:01,0.00,03:00:27,67.27 MB,0.33,,,
71760,ihealth-cluster,cgrivera/cgrivera,FAILED (exit code 1),1,2,00:00:05,50.00,00:00:05,268.00 KB,0.00,,,
71761,ihealth-cluster,cgrivera/cgrivera,COMPLETED (exit code 0),1,2,03:23:29,70.23,02:24:52,10.77,21.54,,,
71762,ihealth-cluster,vruizval/vruizval,CANCELLED (exit code 0),1,12,00:00:26,8.67,00:00:25,2.35,2.61,,,
71763,ihealth-cluster,vruizval/vruizval,TIMEOUT (exit code 0),1,12,09:42:02,10.10,08:00:24,12.65,14.05,,,
71764,ihealth-cluster,vruizval/vruizval,TIMEOUT (exit code 0),1,12,09:44:20,10.14,08:00:23,12.05,13.39,,,
71765,ihealth-cluster,vruizval/vruizval,CANCELLED (exit code 0),1,12,01:06:22,11.08,00:49:56,13.39,14.88,,,
71766,ihealth-cluster,cgrivera/cgrivera,COMPLETED (exit code 0),1,2,05:48:04,75.23,03:51:21,12.25,24.51,,,
71767,ihealth-cluster,cgrivera/cgrivera,COMPLETED (exit code 0),1,2,07:58:51,72.58,05:29:53,13.67,27.34,,,
71768,ihealth-cluster,cgrivera/cgrivera,COMPLETED (exit code 0),1,2,00:01:07,50.76,00:01:06,786.17 MB,1.54,,,
71769,ihealth-cluster,maparegal/maparegal,FAILED (exit code 137),1,2,00:00:25,0.30,01:10:16,907.95 MB,4.43,,,
71770,ihealth-cluster,rmarcar/rmarcar,FAILED (exit code 1),1,16,00:00:05,3.47,00:00:09,262.25 MB,0.40,,,
71771,ihealth-cluster,rmarcar/rmarcar,FAILED (exit code 1),1,16,00:00:04,6.25,00:00:04,772.00 KB,0.00,,,
71772,ihealth-cluster,rmarcar/rmarcar,FAILED (exit code 1),1,16,00:00:39,4.20,00:00:58,2.71,4.23,,,
71773,ihealth-cluster,rmarcar/rmarcar,FAILED (exit code 1),1,16,00:00:42,3.80,00:01:09,3.28,5.13,,,
71774,ihealth-cluster,vruizval/vruizval,CANCELLED (exit code 0),1,12,1-05:38:51,10.18,1-00:15:57,13.50,15.00,,,
71775,ihealth-cluster,vruizval/vruizval,CANCELLED (exit code 0),1,12,1-07:50:25,10.22,1-01:57:54,13.13,14.59,,,
71776,ihealth-cluster,vruizval/vruizval,CANCELLED (exit code 0),1,12,00:01:32,10.50,00:01:13,5.54,6.16,,,
71777,ihealth-cluster,rmarcar/rmarcar,COMPLETED (exit code 0),1,16,00:24:56,9.15,00:17:02,19.71,30.80,,,
71778,ihealth-cluster,cgrivera/cgrivera,COMPLETED (exit code 0),1,2,00:01:04,50.00,00:01:04,829.90 MB,1.62,,,
71779,ihealth-cluster,cgrivera/cgrivera,COMPLETED (exit code 0),1,2,00:04:56,49.83,00:04:57,1021.40 MB,1.99,,,
71780,ihealth-cluster,cgrivera/cgrivera,COMPLETED (exit code 0),1,2,00:01:06,50.00,00:01:06,768.36 MB,1.50,,,
71781,ihealth-cluster,cgrivera/cgrivera,COMPLETED (exit code 0),1,2,00:04:51,50.00,00:04:51,1.03,2.06,,,
71782,ihealth-cluster,cgrivera/cgrivera,COMPLETED (exit code 0),1,2,00:04:57,49.83,00:04:58,1.02,2.04,,,
71783,ihealth-cluster,rmarcar/rmarcar,FAILED (exit code 1),1,16,00:00:09,2.96,00:00:19,3.66 MB,0.00,,,
71784,ihealth-cluster,rmarcar/rmarcar,TIMEOUT (exit code 0),1,16,10-14:02:28,22.05,3-00:00:27,27.96,43.68,,,
71785,ihealth-cluster,rmarcar/rmarcar,FAILED (exit code 1),1,16,00:00:07,8.75,00:00:05,1.18 MB,0.00,,,
71786,ihealth-cluster,rmarcar/rmarcar,FAILED (exit code 1),1,16,00:00:06,7.50,00:00:05,980.00 KB,0.00,,,
71787,ihealth-cluster,rmarcar/rmarcar,FAILED (exit code 1),1,16,00:00:08,4.55,00:00:11,275.17 MB,0.42,,,
71788,ihealth-cluster,rmarcar/rmarcar,FAILED (exit code 1),1,16,00:00:07,8.75,00:00:05,1.08 MB,0.00,,,
71789,ihealth-cluster,maparegal/maparegal,COMPLETED (exit code 0),1,2,00:00:40,0.51,01:05:26,4.04,20.22,,,
71790,ihealth-cluster,bllancao/bllancao,CANCELLED (exit code 0),1,20,00:06:51,42.81,00:00:48,15.04,15.04,,,
71791,ihealth-cluster,bllancao/bllancao,CANCELLED (exit code 0),1,20,00:02:56,32.59,00:00:27,6.79,6.79,,,
71792,ihealth-cluster,bllancao/bllancao,CANCELLED (exit code 0),1,20,13:16:07,21.19,03:07:52,72.20,72.20,,,
71793,ihealth-cluster,dcampanini/dcampanini,FAILED (exit code 1),1,4,00:00:06,10.71,00:00:14,679.51 MB,16.59,,,
71794,ihealth-cluster,dcampanini/dcampanini,COMPLETED (exit code 0),1,4,00:01:56,20.71,00:02:20,3.97,99.32,,,
71795,ihealth-cluster,dcampanini/dcampanini,COMPLETED (exit code 0),1,4,00:01:51,25.93,00:01:47,3.97,99.32,,,
71796,ihealth-cluster,bllancao/bllancao,CANCELLED (exit code 0),1,20,01:15:09,31.36,00:11:59,56.14,56.14,,,
71797,ihealth-cluster,bllancao/bllancao,CANCELLED (exit code 0),1,20,03:16:39,24.33,00:40:25,59.34,59.34,,,
71798,ihealth-cluster,bllancao/bllancao,CANCELLED (exit code 0),1,20,03:13:33,24.36,00:39:44,61.78,61.78,,,
71799,ihealth-cluster,bllancao/bllancao,CANCELLED (exit code 0),1,20,00:59:11,26.07,00:11:21,57.28,57.28,,,
71800,ihealth-cluster,bllancao/bllancao,CANCELLED (exit code 0),1,20,04:59:37,21.39,01:10:02,61.83,61.83,,,
71801,ihealth-cluster,maparegal/maparegal,COMPLETED (exit code 0),1,2,00:00:00,0.00,00:04:18,0.00 MB (estimated maximum),0.00,,,
71802,ihealth-cluster,maparegal/maparegal,COMPLETED (exit code 0),1,2,00:01:44,1.96,00:44:19,9.51,47.54,,,
71803,ihealth-cluster,maparegal/maparegal,TIMEOUT (exit code 0),1,2,00:06:34,1.82,03:00:04,9.54,47.72,,,
71804,ihealth-cluster,bllancao/bllancao,FAILED (exit code 1),1,20,00:27:03,36.55,00:03:42,28.00,28.00,,,
71805,ihealth-cluster,bllancao/bllancao,TIMEOUT (exit code 0),1,20,1-09:09:31,20.72,08:00:09,65.69,65.69,,,
71806,ihealth-cluster,maparegal/maparegal,CANCELLED (exit code 0),1,2,00:14:35,81.17,00:08:59,28.17,43.34,,,
71807,ihealth-cluster,maparegal/maparegal,FAILED (exit code 1),1,2,00:01:48,64.29,00:01:24,9.25,14.23,,,
71808,ihealth-cluster,maparegal/maparegal,COMPLETED (exit code 0),1,2,00:19:01,79.46,00:11:58,31.12,47.88,,,
71809,ihealth-cluster,maparegal/maparegal,COMPLETED (exit code 0),1,2,00:28:56,78.91,00:18:20,33.45,51.46,,,
71810,ihealth-cluster,dcampanini/dcampanini,FAILED (exit code 1),1,4,00:00:07,17.50,00:00:10,87.21 MB,0.53,,,
71811,ihealth-cluster,dcampanini/dcampanini,COMPLETED (exit code 0),1,4,00:49:00,25.05,00:48:54,15.97,99.83,,,
71812,ihealth-cluster,dcampanini/dcampanini,COMPLETED (exit code 0),1,4,08:05:20,25.13,08:02:50,15.97,99.83,,,
71813,ihealth-cluster,vruizval/vruizval,FAILED (exit code 1),1,12,00:00:05,5.21,00:00:08,98.09 MB,0.11,,,
71814,ihealth-cluster,vruizval/vruizval,FAILED (exit code 1),1,12,00:00:11,2.78,00:00:33,281.68 MB,0.31,,,
71815,ihealth-cluster,vruizval/vruizval,COMPLETED (exit code 0),1,12,02:04:36,12.80,01:21:09,10.18,11.31,,,
71816,ihealth-cluster,vruizval/vruizval,COMPLETED (exit code 0),1,12,02:04:40,12.74,01:21:32,6.56,7.28,,,
71817,ihealth-cluster,vruizval/vruizval,COMPLETED (exit code 0),1,12,02:04:18,12.75,01:21:16,7.15,7.95,,,
71818,ihealth-cluster,bllancao/bllancao,FAILED (exit code 1),1,20,1-03:54:28,21.25,06:34:03,63.11,63.11,,,
71819,ihealth-cluster,fjmadariagal/fjmadariagal,COMPLETED (exit code 0),1,2,00:00:03,0.07,00:34:49,226.80 MB,5.67,,,
71820,ihealth-cluster,pamessina/pamessina,TIMEOUT (exit code 0),1,8,00:00:01,0.00,03:00:24,97.89 MB,0.48,,,
71821,ihealth-cluster,fjmadariagal/fjmadariagal,TIMEOUT (exit code 0),1,2,00:00:01,0.01,01:00:08,70.36 MB,1.76,,,
71822,ihealth-cluster,vruizval/vruizval,COMPLETED (exit code 0),1,12,02:02:37,13.06,01:18:14,10.21,11.34,,,
71823,ihealth-cluster,vruizval/vruizval,COMPLETED (exit code 0),1,12,02:04:47,12.73,01:21:41,9.44,10.49,,,
71824,ihealth-cluster,vruizval/vruizval,COMPLETED (exit code 0),1,12,02:02:01,13.17,01:17:13,6.61,7.35,,,
71825,ihealth-cluster,dcampanini/dcampanini,FAILED (exit code 1),1,4,00:00:17,23.61,00:00:18,2.72,68.12,,,
71826,ihealth-cluster,chriscidl/chriscidl,TIMEOUT (exit code 0),1,2,01:01:37,17.10,03:00:12,3.70,18.52,,,
71827,ihealth-cluster,dcampanini/dcampanini,COMPLETED (exit code 0),1,4,00:02:19,25.36,00:02:17,1.54,38.48,,,
71828,ihealth-cluster,dcampanini/dcampanini,COMPLETED (exit code 0),1,4,00:02:17,26.35,00:02:10,1.48,37.04,,,
71829,ihealth-cluster,dcampanini/dcampanini,COMPLETED (exit code 0),1,4,00:02:19,25.36,00:02:17,3.97,99.32,,,
71830,ihealth-cluster,dcampanini/dcampanini,COMPLETED (exit code 0),1,4,00:02:19,25.00,00:02:19,3.97,99.32,,,
71831,ihealth-cluster,dcampanini/dcampanini,COMPLETED (exit code 0),1,4,00:02:18,25.94,00:02:13,1.49,37.13,,,
71832,ihealth-cluster,pamessina/pamessina,CANCELLED (exit code 0),1,8,00:00:06,0.01,01:36:18,221.61 MB,1.08,,,
71833,ihealth-cluster,pamessina/pamessina,COMPLETED (exit code 0),1,8,00:02:09,4.73,00:05:41,26.31,82.23,,,
71834,ihealth-cluster,dcampanini/dcampanini,COMPLETED (exit code 0),1,4,00:02:20,25.36,00:02:18,3.97,99.32,,,
71835,ihealth-cluster,dcampanini/dcampanini,COMPLETED (exit code 0),1,4,00:02:20,24.31,00:02:24,3.97,99.31,,,
71836,ihealth-cluster,dcampanini/dcampanini,FAILED (exit code 1),1,4,01:37:23,25.10,01:36:59,12.71,79.42,,,
71837,ihealth-cluster,pamessina/pamessina,COMPLETED (exit code 0),1,8,00:01:36,11.54,00:01:44,13.93,43.52,,,
71838,ihealth-cluster,dcampanini/dcampanini,FAILED (exit code 1),1,4,00:00:36,26.47,00:00:34,2.33,14.58,,,
71839,ihealth-cluster,dcampanini/dcampanini,FAILED (exit code 1),1,4,00:00:30,25.86,00:00:29,3.91 MB,0.02,,,
71840,ihealth-cluster,pamessina/pamessina,CANCELLED (exit code 0),1,8,00:28:21,11.95,00:29:40,16.11,50.35,,,
71841,ihealth-cluster,vruizval/vruizval,COMPLETED (exit code 0),1,12,02:03:08,12.77,01:20:22,7.09,7.88,,,
71842,ihealth-cluster,vruizval/vruizval,COMPLETED (exit code 0),1,12,02:02:16,13.26,01:16:50,6.97,7.75,,,
71843,ihealth-cluster,pamessina/pamessina,CANCELLED (exit code 0),1,8,00:01:34,12.24,00:01:36,14.14,44.18,,,
71844,ihealth-cluster,fjmadariagal/fjmadariagal,TIMEOUT (exit code 0),1,2,00:00:03,0.04,01:00:04,138.49 MB,3.46,,,
71845,ihealth-cluster,fjmadariagal/fjmadariagal,CANCELLED (exit code 0),1,2,00:00:00,0.00,00:00:00,0.00 MB (estimated maximum),0.00,,,
71846,ihealth-cluster,pamessina/pamessina,CANCELLED (exit code 0),1,8,00:00:02,0.03,00:14:51,102.63 MB,0.50,,,
71847,ihealth-cluster,maparegal/maparegal,TIMEOUT (exit code 0),1,2,00:05:42,1.58,03:00:00,8.88,44.38,,,
71848,ihealth-cluster,pamessina/pamessina,CANCELLED (exit code 0),1,8,00:00:01,0.18,00:01:10,73.92 MB,0.36,,,
71849,ihealth-cluster,vruizval/vruizval,COMPLETED (exit code 0),1,12,02:03:45,12.60,01:21:49,7.10,7.89,,,
71850,ihealth-cluster,sfarfan/sfarfan,CANCELLED (exit code 0),1,2,01:02:20,49.84,01:02:32,1.10,27.53,,,
71851,ihealth-cluster,dcampanini/dcampanini,FAILED (exit code 1),1,4,00:01:30,25.28,00:01:29,3.97,99.31,,,
71852,ihealth-cluster,dcampanini/dcampanini,COMPLETED (exit code 0),1,4,00:02:20,25.93,00:02:15,3.97,99.31,,,
71853,ihealth-cluster,mgonzalez/mgonzalez,TIMEOUT (exit code 0),1,2,00:26:04,21.67,01:00:08,3.87,19.37,,,
71854,ihealth-cluster,pamessina/pamessina,TIMEOUT (exit code 0),1,8,00:00:01,0.00,03:00:15,71.21 MB,0.35,,,
71855,ihealth-cluster,sfarfan/sfarfan,CANCELLED (exit code 0),1,2,00:01:32,49.46,00:01:33,632.32 MB,15.44,,,
71856,ihealth-cluster,cgvallea/cgvallea,FAILED (exit code 1),1,4,00:00:03,25.00,00:00:03,24.68 MB,0.60,,,
71857,ihealth-cluster,pamessina/pamessina,COMPLETED (exit code 0),1,8,00:03:07,9.62,00:04:03,31.97,99.92,,,
71858,ihealth-cluster,pamessina/pamessina,COMPLETED (exit code 0),1,8,00:03:05,10.66,00:03:37,31.97,99.92,,,
71859,ihealth-cluster,cgvallea/cgvallea,FAILED (exit code 1),1,4,00:00:02,25.00,00:00:02,296.00 KB,0.01,,,
71860,ihealth-cluster,cgvallea/cgvallea,FAILED (exit code 1),1,4,00:00:03,25.00,00:00:03,18.48 MB,0.45,,,
71861,ihealth-cluster,cgvallea/cgvallea,FAILED (exit code 1),1,4,00:00:03,25.00,00:00:03,536.00 KB,0.01,,,
71862,ihealth-cluster,cgvallea/cgvallea,FAILED (exit code 1),1,4,00:00:03,25.00,00:00:03,428.00 KB,0.01,,,
71863,ihealth-cluster,cgvallea/cgvallea,CANCELLED (exit code 0),1,4,00:00:10,31.25,00:00:08,457.29 MB,11.16,,71863_7,
71864,ihealth-cluster,cgvallea/cgvallea,CANCELLED (exit code 0),1,4,00:00:11,30.56,00:00:09,400.62 MB,9.78,,71863_0,
71865,ihealth-cluster,cgvallea/cgvallea,CANCELLED (exit code 0),1,4,00:00:11,30.56,00:00:09,411.42 MB,10.04,,71863_1,
71866,ihealth-cluster,cgvallea/cgvallea,CANCELLED (exit code 0),1,4,00:00:10,31.25,00:00:08,408.96 MB,9.98,,71863_2,
71867,ihealth-cluster,cgvallea/cgvallea,CANCELLED (exit code 0),1,4,00:00:11,34.38,00:00:08,409.80 MB,10.00,,71863_3,
71868,ihealth-cluster,cgvallea/cgvallea,CANCELLED (exit code 0),1,4,00:00:11,34.38,00:00:08,409.34 MB,9.99,,71863_4,
71869,ihealth-cluster,cgvallea/cgvallea,CANCELLED (exit code 0),1,4,00:00:10,31.25,00:00:08,463.07 MB,11.31,,71863_5,
71870,ihealth-cluster,cgvallea/cgvallea,CANCELLED (exit code 0),1,4,00:00:11,34.38,00:00:08,459.32 MB,11.21,,71863_6,
71871,ihealth-cluster,cgvallea/cgvallea,FAILED (exit code 1),1,4,00:00:14,16.67,00:00:21,83.46 MB,2.04,,71871_7,
71872,ihealth-cluster,cgvallea/cgvallea,FAILED (exit code 1),1,4,00:00:15,16.30,00:00:23,95.04 MB,2.32,,71871_0,
71873,ihealth-cluster,cgvallea/cgvallea,FAILED (exit code 1),1,4,00:00:14,16.67,00:00:21,75.06 MB,1.83,,71871_1,
71874,ihealth-cluster,cgvallea/cgvallea,FAILED (exit code 1),1,4,00:00:14,16.67,00:00:21,122.75 MB,3.00,,71871_2,
71875,ihealth-cluster,cgvallea/cgvallea,FAILED (exit code 1),1,4,00:00:14,16.67,00:00:21,79.90 MB,1.95,,71871_3,
71876,ihealth-cluster,cgvallea/cgvallea,FAILED (exit code 1),1,4,00:00:14,16.67,00:00:21,86.67 MB,2.12,,71871_4,
71877,ihealth-cluster,cgvallea/cgvallea,FAILED (exit code 1),1,4,00:00:14,16.67,00:00:21,91.71 MB,2.24,,71871_5,
71878,ihealth-cluster,cgvallea/cgvallea,FAILED (exit code 1),1,4,00:00:14,16.67,00:00:21,82.36 MB,2.01,,71871_6,
71879,ihealth-cluster,pamessina/pamessina,COMPLETED (exit code 0),1,8,00:02:55,10.13,00:03:36,37.67,58.85,,,
71880,ihealth-cluster,cgvallea/cgvallea,FAILED (exit code 1),1,4,00:00:12,33.33,00:00:09,47.63 MB,1.16,,71880_7,
71881,ihealth-cluster,cgvallea/cgvallea,FAILED (exit code 1),1,4,00:00:13,32.50,00:00:10,63.46 MB,1.55,,71880_0,
71882,ihealth-cluster,cgvallea/cgvallea,FAILED (exit code 1),1,4,00:00:13,32.50,00:00:10,63.50 MB,1.55,,71880_1,
71883,ihealth-cluster,cgvallea/cgvallea,FAILED (exit code 1),1,4,00:00:13,32.50,00:00:10,63.61 MB,1.55,,71880_2,
71884,ihealth-cluster,cgvallea/cgvallea,FAILED (exit code 1),1,4,00:00:12,33.33,00:00:09,47.64 MB,1.16,,71880_3,
71885,ihealth-cluster,cgvallea/cgvallea,FAILED (exit code 1),1,4,00:00:12,33.33,00:00:09,47.64 MB,1.16,,71880_4,
71886,ihealth-cluster,cgvallea/cgvallea,FAILED (exit code 1),1,4,00:00:12,33.33,00:00:09,47.66 MB,1.16,,71880_5,
71887,ihealth-cluster,cgvallea/cgvallea,FAILED (exit code 1),1,4,00:00:12,33.33,00:00:09,47.59 MB,1.16,,71880_6,
71888,ihealth-cluster,cgvallea/cgvallea,FAILED (exit code 1),1,4,00:00:12,33.33,00:00:09,54.67 MB,1.33,,71888_7,
71889,ihealth-cluster,cgvallea/cgvallea,FAILED (exit code 1),1,4,00:00:13,29.55,00:00:11,72.40 MB,1.77,,71888_0,
71890,ihealth-cluster,cgvallea/cgvallea,FAILED (exit code 1),1,4,00:00:13,29.55,00:00:11,72.41 MB,1.77,,71888_1,
71891,ihealth-cluster,cgvallea/cgvallea,FAILED (exit code 1),1,4,00:00:13,29.55,00:00:11,72.48 MB,1.77,,71888_2,
71892,ihealth-cluster,cgvallea/cgvallea,FAILED (exit code 1),1,4,00:00:13,32.50,00:00:10,54.64 MB,1.33,,71888_3,
71893,ihealth-cluster,cgvallea/cgvallea,FAILED (exit code 1),1,4,00:00:13,32.50,00:00:10,54.65 MB,1.33,,71888_4,
71894,ihealth-cluster,cgvallea/cgvallea,FAILED (exit code 1),1,4,00:00:12,27.27,00:00:11,54.73 MB,1.34,,71888_5,
71895,ihealth-cluster,cgvallea/cgvallea,FAILED (exit code 1),1,4,00:00:12,33.33,00:00:09,36.73 MB,0.90,,71888_6,
71896,ihealth-cluster,cgvallea/cgvallea,FAILED (exit code 1),1,4,00:28:22,65.66,00:10:48,543.29 MB,13.26,,71896_7,
71897,ihealth-cluster,cgvallea/cgvallea,FAILED (exit code 1),1,4,00:37:15,65.58,00:14:12,615.35 MB,15.02,,71896_0,
71898,ihealth-cluster,cgvallea/cgvallea,FAILED (exit code 1),1,4,00:37:34,65.60,00:14:19,614.56 MB,15.00,,71896_1,
71899,ihealth-cluster,cgvallea/cgvallea,FAILED (exit code 1),1,4,00:37:42,65.68,00:14:21,613.96 MB,14.99,,71896_2,
71900,ihealth-cluster,cgvallea/cgvallea,FAILED (exit code 1),1,4,00:28:55,65.52,00:11:02,541.73 MB,13.23,,71896_3,
71901,ihealth-cluster,cgvallea/cgvallea,FAILED (exit code 1),1,4,00:28:32,65.64,00:10:52,544.85 MB,13.30,,71896_4,
71902,ihealth-cluster,cgvallea/cgvallea,FAILED (exit code 1),1,4,00:28:33,65.68,00:10:52,544.57 MB,13.30,,71896_5,
71903,ihealth-cluster,cgvallea/cgvallea,FAILED (exit code 1),1,4,00:28:18,65.51,00:10:48,544.38 MB,13.29,,71896_6,
71904,ihealth-cluster,pamessina/pamessina,COMPLETED (exit code 0),1,8,00:02:49,11.30,00:03:07,34.86,54.47,,,
71905,ihealth-cluster,pamessina/pamessina,CANCELLED (exit code 0),1,8,00:09:47,24.38,00:05:01,29.21,45.64,,,
71906,ihealth-cluster,pamessina/pamessina,CANCELLED (exit code 0),1,8,00:05:44,35.25,00:02:02,43.14,67.40,,,
71907,ihealth-cluster,pamessina/pamessina,FAILED (exit code 1),1,8,00:00:01,0.00,00:00:00,348.00 KB,0.00,,,
71908,ihealth-cluster,pamessina/pamessina,COMPLETED (exit code 0),1,8,00:04:21,17.26,00:03:09,50.76,79.32,,,
71909,ihealth-cluster,vruizval/vruizval,COMPLETED (exit code 0),1,12,02:34:31,13.87,01:32:52,12.46,62.30,,,
71910,ihealth-cluster,vruizval/vruizval,COMPLETED (exit code 0),1,12,02:36:00,13.58,01:35:43,8.05,40.27,,,
71911,ihealth-cluster,vruizval/vruizval,COMPLETED (exit code 0),1,12,02:35:11,13.71,01:34:21,7.44,37.22,,,
71912,ihealth-cluster,maparegal/maparegal,CANCELLED (exit code 0),1,20,00:12:06,31.57,00:01:55,21.34,30.48,,,
71913,ihealth-cluster,maparegal/maparegal,COMPLETED (exit code 0),1,20,10:23:42,77.48,00:40:15,64.38,91.97,,,
71914,ihealth-cluster,bllancao/bllancao,FAILED (exit code 1),1,20,00:00:18,5.62,00:00:16,57.09 MB,0.06,,,
71915,ihealth-cluster,bllancao/bllancao,FAILED (exit code 1),1,20,00:00:16,6.67,00:00:12,1.23 MB,0.00,,,
71916,ihealth-cluster,bllancao/bllancao,FAILED (exit code 1),1,20,00:00:16,6.67,00:00:12,736.00 KB,0.00,,,
71917,ihealth-cluster,bllancao/bllancao,COMPLETED (exit code 0),1,20,1-23:08:00,21.59,10:55:05,68.33,68.33,,,
71918,ihealth-cluster,maparegal/maparegal,TIMEOUT (exit code 0),1,2,00:04:10,1.16,03:00:04,6.99,34.93,,,
71919,ihealth-cluster,dcampanini/dcampanini,FAILED (exit code 1),1,4,00:00:35,20.35,00:00:43,2.06,12.87,,,
71920,ihealth-cluster,dcampanini/dcampanini,CANCELLED (exit code 0),1,4,02:36:27,25.13,02:35:37,15.97,99.83,,,
71921,ihealth-cluster,vruizval/vruizval,COMPLETED (exit code 0),1,12,02:34:16,14.08,01:31:18,11.65,58.27,,,
71922,ihealth-cluster,vruizval/vruizval,COMPLETED (exit code 0),1,12,02:35:37,13.55,01:35:41,8.62,43.10,,,
71923,ihealth-cluster,vruizval/vruizval,COMPLETED (exit code 0),1,12,02:34:31,13.71,01:33:57,7.49,37.47,,,
71924,ihealth-cluster,cgvallea/cgvallea,FAILED (exit code 1),1,4,00:00:04,3.70,00:00:27,262.19 MB,3.20,,71924_16,
71925,ihealth-cluster,cgvallea/cgvallea,FAILED (exit code 1),1,4,00:00:11,25.00,00:00:11,48.59 MB,1.19,,71925_7,
71926,ihealth-cluster,cgvallea/cgvallea,FAILED (exit code 1),1,4,00:00:16,11.43,00:00:35,251.89 MB,6.15,,71925_0,
71927,ihealth-cluster,cgvallea/cgvallea,FAILED (exit code 1),1,4,00:00:16,11.43,00:00:35,262.12 MB,6.40,,71925_1,
71928,ihealth-cluster,cgvallea/cgvallea,FAILED (exit code 1),1,4,00:00:16,11.76,00:00:34,247.91 MB,6.05,,71925_2,
71929,ihealth-cluster,cgvallea/cgvallea,FAILED (exit code 1),1,4,00:00:15,11.36,00:00:33,118.95 MB,2.90,,71925_3,
71930,ihealth-cluster,cgvallea/cgvallea,FAILED (exit code 1),1,4,00:00:15,11.36,00:00:33,119.75 MB,2.92,,71925_4,
71931,ihealth-cluster,cgvallea/cgvallea,FAILED (exit code 1),1,4,00:00:15,11.36,00:00:33,105.23 MB,2.57,,71925_5,
71932,ihealth-cluster,cgvallea/cgvallea,FAILED (exit code 1),1,4,00:00:15,11.36,00:00:33,115.43 MB,2.82,,71925_6,
71933,ihealth-cluster,cgvallea/cgvallea,FAILED (exit code 1),1,4,00:00:04,16.67,00:00:06,332.00 KB,0.01,,,
71934,ihealth-cluster,cgvallea/cgvallea,FAILED (exit code 1),1,4,00:00:04,16.67,00:00:06,26.63 MB,0.33,,71934_16,
71935,ihealth-cluster,cgvallea/cgvallea,FAILED (exit code 1),1,4,00:00:03,15.00,00:00:05,348.00 KB,0.00,,,
71936,ihealth-cluster,cgvallea/cgvallea,CANCELLED (exit code 0),1,4,00:00:54,48.21,00:00:28,419.11 MB,10.23,,,
71937,ihealth-cluster,cgvallea/cgvallea,CANCELLED (exit code 0),1,4,00:00:22,45.83,00:00:12,357.31 MB,8.72,,71937_9,
71938,ihealth-cluster,cgvallea/cgvallea,CANCELLED (exit code 0),1,4,00:00:15,31.25,00:00:12,349.42 MB,8.53,,71937_0,
71939,ihealth-cluster,cgvallea/cgvallea,CANCELLED (exit code 0),1,4,00:00:10,20.83,00:00:12,374.79 MB,9.15,,71937_1,
71940,ihealth-cluster,cgvallea/cgvallea,CANCELLED (exit code 0),1,4,00:00:11,22.92,00:00:12,375.77 MB,9.17,,71937_2,
71941,ihealth-cluster,cgvallea/cgvallea,CANCELLED (exit code 0),1,4,00:00:11,22.92,00:00:12,375.62 MB,9.17,,71937_3,
71942,ihealth-cluster,cgvallea/cgvallea,CANCELLED (exit code 0),1,4,00:00:11,22.92,00:00:12,374.99 MB,9.16,,71937_4,
71943,ihealth-cluster,cgvallea/cgvallea,CANCELLED (exit code 0),1,4,00:00:11,22.92,00:00:12,374.71 MB,9.15,,71937_5,
71944,ihealth-cluster,cgvallea/cgvallea,CANCELLED (exit code 0),1,4,00:00:05,10.42,00:00:12,355.41 MB,8.68,,71937_6,
71945,ihealth-cluster,cgvallea/cgvallea,CANCELLED (exit code 0),1,4,00:00:21,43.75,00:00:12,374.73 MB,9.15,,71937_7,
71946,ihealth-cluster,cgvallea/cgvallea,CANCELLED (exit code 0),1,4,00:00:21,43.75,00:00:12,359.67 MB,8.78,,71937_8,
71947,ihealth-cluster,cgvallea/cgvallea,FAILED (exit code 1),1,4,00:18:45,64.21,00:07:18,490.64 MB,11.98,,71947_9,
71948,ihealth-cluster,cgvallea/cgvallea,FAILED (exit code 1),1,4,00:26:41,68.54,00:09:44,621.35 MB,15.17,,71947_0,
71949,ihealth-cluster,cgvallea/cgvallea,FAILED (exit code 1),1,4,00:26:38,69.12,00:09:38,624.73 MB,15.25,,71947_1,
71950,ihealth-cluster,cgvallea/cgvallea,FAILED (exit code 1),1,4,00:26:47,69.27,00:09:40,625.84 MB,15.28,,71947_2,
71951,ihealth-cluster,cgvallea/cgvallea,FAILED (exit code 1),1,4,00:27:03,69.48,00:09:44,641.99 MB,15.67,,71947_3,
71952,ihealth-cluster,cgvallea/cgvallea,FAILED (exit code 1),1,4,00:26:43,69.33,00:09:38,624.82 MB,15.25,,71947_4,
71953,ihealth-cluster,cgvallea/cgvallea,FAILED (exit code 1),1,4,00:26:25,69.15,00:09:33,644.51 MB,15.74,,71947_5,
71954,ihealth-cluster,cgvallea/cgvallea,FAILED (exit code 1),1,4,00:26:39,69.16,00:09:38,621.15 MB,15.16,,71947_6,
71955,ihealth-cluster,cgvallea/cgvallea,FAILED (exit code 1),1,4,00:18:24,64.64,00:07:07,490.74 MB,11.98,,71947_7,
71956,ihealth-cluster,cgvallea/cgvallea,FAILED (exit code 1),1,4,00:18:27,64.51,00:07:09,491.15 MB,11.99,,71947_8,
71957,ihealth-cluster,cgvallea/cgvallea,COMPLETED (exit code 0),1,4,01:14:21,88.72,00:20:57,2.37,29.64,,,
71958,ihealth-cluster,dcampanini/dcampanini,COMPLETED (exit code 0),1,4,00:02:16,24.82,00:02:17,1.49,37.36,,,
71959,ihealth-cluster,cgvallea/cgvallea,TIMEOUT (exit code 0),1,2,00:02:03,0.57,03:00:01,4.15,51.88,,,
71960,ihealth-cluster,dcampanini/dcampanini,FAILED (exit code 1),1,4,00:00:05,31.25,00:00:04,228.00 KB,0.01,,,
71961,ihealth-cluster,dcampanini/dcampanini,COMPLETED (exit code 0),1,4,00:01:42,27.13,00:01:34,3.97,99.32,,,
71962,ihealth-cluster,cgvallea/cgvallea,FAILED (exit code 1),1,4,00:00:23,17.42,00:00:33,569.63 MB,13.91,,71962_9,
71963,ihealth-cluster,cgvallea/cgvallea,FAILED (exit code 1),1,4,00:00:31,16.49,00:00:47,456.87 MB,11.15,,71962_0,
71964,ihealth-cluster,cgvallea/cgvallea,FAILED (exit code 1),1,4,00:00:32,17.39,00:00:46,564.98 MB,13.79,,71962_1,
71965,ihealth-cluster,cgvallea/cgvallea,FAILED (exit code 1),1,4,00:00:32,17.39,00:00:46,460.39 MB,11.24,,71962_2,
71966,ihealth-cluster,cgvallea/cgvallea,FAILED (exit code 1),1,4,00:00:25,18.94,00:00:33,565.28 MB,13.80,,71962_3,
71967,ihealth-cluster,cgvallea/cgvallea,FAILED (exit code 1),1,4,00:00:24,18.18,00:00:33,563.65 MB,13.76,,71962_4,
71968,ihealth-cluster,cgvallea/cgvallea,FAILED (exit code 1),1,4,00:00:17,32.69,00:00:13,100.84 MB,2.46,,71962_5,
71969,ihealth-cluster,cgvallea/cgvallea,FAILED (exit code 1),1,4,00:00:25,18.94,00:00:33,453.11 MB,11.06,,71962_6,
71970,ihealth-cluster,cgvallea/cgvallea,FAILED (exit code 1),1,4,00:00:17,30.36,00:00:14,99.19 MB,2.42,,71962_7,
71971,ihealth-cluster,cgvallea/cgvallea,FAILED (exit code 1),1,4,00:00:26,19.70,00:00:33,482.72 MB,11.79,,71962_8,
71972,ihealth-cluster,pamessina/pamessina,COMPLETED (exit code 0),1,8,00:00:17,14.17,00:00:15,524.09 MB,0.80,,,
71973,ihealth-cluster,vruizval/vruizval,COMPLETED (exit code 0),1,12,02:34:04,14.19,01:30:28,8.38,41.89,,,
71974,ihealth-cluster,vruizval/vruizval,COMPLETED (exit code 0),1,12,02:35:30,13.50,01:36:00,8.36,41.79,,,
71975,ihealth-cluster,vruizval/vruizval,COMPLETED (exit code 0),1,12,02:34:46,13.72,01:34:00,10.40,52.02,,,
71976,ihealth-cluster,cgvallea/cgvallea,FAILED (exit code 1),1,4,00:00:22,26.19,00:00:21,137.00 MB,3.34,,71976_9,
71977,ihealth-cluster,cgvallea/cgvallea,FAILED (exit code 1),1,4,00:00:30,14.15,00:00:53,398.77 MB,9.74,,71976_0,
71978,ihealth-cluster,cgvallea/cgvallea,FAILED (exit code 1),1,4,00:00:25,12.25,00:00:51,234.64 MB,5.73,,71976_1,
71979,ihealth-cluster,cgvallea/cgvallea,FAILED (exit code 1),1,4,00:00:30,14.15,00:00:53,398.46 MB,9.73,,71976_2,
71980,ihealth-cluster,cgvallea/cgvallea,FAILED (exit code 1),1,4,00:00:31,14.62,00:00:53,400.66 MB,9.78,,71976_3,
71981,ihealth-cluster,cgvallea/cgvallea,FAILED (exit code 1),1,4,00:00:30,14.15,00:00:53,399.21 MB,9.75,,71976_4,
71982,ihealth-cluster,cgvallea/cgvallea,FAILED (exit code 1),1,4,00:00:30,14.15,00:00:53,399.77 MB,9.76,,71976_5,
71983,ihealth-cluster,cgvallea/cgvallea,FAILED (exit code 1),1,4,00:00:29,13.68,00:00:53,399.51 MB,9.75,,71976_6,
71984,ihealth-cluster,cgvallea/cgvallea,FAILED (exit code 1),1,4,00:00:22,25.00,00:00:22,137.66 MB,3.36,,71976_7,
71985,ihealth-cluster,cgvallea/cgvallea,FAILED (exit code 1),1,4,00:00:22,25.00,00:00:22,137.53 MB,3.36,,71976_8,
71986,ihealth-cluster,cgvallea/cgvallea,FAILED (exit code 1),1,4,00:05:26,28.30,00:04:48,1.86,46.47,,71986_9,
71987,ihealth-cluster,cgvallea/cgvallea,FAILED (exit code 1),1,4,00:07:29,15.74,00:11:53,3.05,76.19,,71986_0,
71988,ihealth-cluster,cgvallea/cgvallea,FAILED (exit code 1),1,4,00:07:25,15.96,00:11:37,3.15,78.67,,71986_1,
71989,ihealth-cluster,cgvallea/cgvallea,FAILED (exit code 1),1,4,00:07:16,15.64,00:11:37,3.12,78.12,,71986_2,
71990,ihealth-cluster,cgvallea/cgvallea,FAILED (exit code 1),1,4,00:06:55,15.62,00:11:04,2.92,73.09,,71986_3,
71991,ihealth-cluster,cgvallea/cgvallea,FAILED (exit code 1),1,4,00:06:49,15.76,00:10:49,2.81,70.27,,71986_4,
71992,ihealth-cluster,cgvallea/cgvallea,FAILED (exit code 1),1,4,00:06:25,15.86,00:10:07,2.65,66.24,,71986_5,
71993,ihealth-cluster,cgvallea/cgvallea,FAILED (exit code 1),1,4,00:06:22,15.73,00:10:07,2.55,63.85,,71986_6,
71994,ihealth-cluster,cgvallea/cgvallea,FAILED (exit code 1),1,4,00:05:27,27.43,00:04:58,2.04,51.05,,71986_7,
71995,ihealth-cluster,cgvallea/cgvallea,FAILED (exit code 1),1,4,00:05:32,27.85,00:04:58,1.97,49.29,,71986_8,
71996,ihealth-cluster,pamessina/pamessina,COMPLETED (exit code 0),1,8,00:00:18,17.31,00:00:13,77.95 MB,0.12,,,
71997,ihealth-cluster,pamessina/pamessina,COMPLETED (exit code 0),1,8,01:37:16,23.17,00:52:28,52.82,82.53,,,
71998,ihealth-cluster,maparegal/maparegal,TIMEOUT (exit code 0),1,2,00:02:32,0.70,03:00:20,5.69,28.45,,,
71999,ihealth-cluster,dcampanini/dcampanini,CANCELLED (exit code 0),1,4,00:00:48,27.91,00:00:43,2.30,14.38,,,
72000,ihealth-cluster,dcampanini/dcampanini,COMPLETED (exit code 0),1,4,08:05:24,25.15,08:02:29,15.97,99.83,,,
72001,ihealth-cluster,vruizval/vruizval,FAILED (exit code 1),1,12,00:00:07,2.65,00:00:22,570.88 MB,2.79,,,
72002,ihealth-cluster,vruizval/vruizval,FAILED (exit code 1),1,12,00:00:07,5.30,00:00:11,200.93 MB,0.98,,,
72003,ihealth-cluster,vruizval/vruizval,CANCELLED (exit code 0),1,12,00:03:35,12.11,00:02:28,7.18,35.92,,,
72004,ihealth-cluster,vruizval/vruizval,COMPLETED (exit code 0),1,12,10:49:45,17.15,05:15:48,19.97,99.87,,,
72005,ihealth-cluster,pamessina/pamessina,TIMEOUT (exit code 0),1,8,00:00:03,0.00,03:00:25,120.39 MB,0.59,,,
72006,ihealth-cluster,pamessina/pamessina,FAILED (exit code 1),1,8,00:00:01,0.00,00:00:00,992.00 KB,0.00,,,
72007,ihealth-cluster,pamessina/pamessina,FAILED (exit code 1),1,8,00:00:01,6.25,00:00:02,392.00 KB,0.00,,,
72008,ihealth-cluster,pamessina/pamessina,COMPLETED (exit code 0),1,8,01:15:02,11.52,01:21:27,8.34,13.02,,,
72009,ihealth-cluster,pamessina/pamessina,COMPLETED (exit code 0),1,8,02:07:36,12.49,02:07:45,5.51,8.61,,,
72010,ihealth-cluster,pamessina/pamessina,CANCELLED (exit code 0),1,8,00:01:58,12.61,00:01:57,27.34,42.73,,,
72011,ihealth-cluster,pamessina/pamessina,FAILED (exit code 1),,,00:00:00,0.00,00:00:00,0.00 MB (estimated maximum),0.00,1,,
72012,ihealth-cluster,pamessina/pamessina,OUT_OF_MEMORY (exit code 0),1,4,00:00:30,25.00,00:00:30,24.00 KB,0.00,,,
72013,ihealth-cluster,pamessina/pamessina,COMPLETED (exit code 0),1,4,00:00:45,24.46,00:00:46,16.21,25.33,,,
72014,ihealth-cluster,pamessina/pamessina,FAILED (exit code 1),1,8,00:00:08,12.50,00:00:08,308.00 KB,0.00,,,
72015,ihealth-cluster,pamessina/pamessina,CANCELLED (exit code 0),1,8,00:01:24,12.80,00:01:22,29.72,46.43,,,
72016,ihealth-cluster,pamessina/pamessina,FAILED (exit code 1),1,8,00:01:07,13.29,00:01:03,29.32,45.81,,,
72017,ihealth-cluster,pamessina/pamessina,CANCELLED (exit code 0),1,8,00:01:19,12.82,00:01:17,23.00,35.93,,,
72018,ihealth-cluster,pamessina/pamessina,TIMEOUT (exit code 0),1,8,00:04:35,0.32,03:00:20,3.67,18.37,,,
72019,ihealth-cluster,nagarrido/nagarrido,COMPLETED (exit code 0),1,20,6-20:39:03,41.94,19:37:40,64.00,80.00,,,
72020,ihealth-cluster,nagarrido/nagarrido,COMPLETED (exit code 0),1,20,7-04:47:31,41.10,21:01:12,64.09,80.11,,,
72021,ihealth-cluster,nagarrido/nagarrido,COMPLETED (exit code 0),1,20,7-04:56:55,43.82,19:44:05,63.93,79.92,,,
72022,ihealth-cluster,nagarrido/nagarrido,COMPLETED (exit code 0),1,20,13-07:50:38,80.24,19:55:47,66.53,83.17,,,
72023,ihealth-cluster,nagarrido/nagarrido,COMPLETED (exit code 0),1,20,7-02:33:13,43.70,19:30:51,64.30,80.38,,,
72024,ihealth-cluster,vruizval/vruizval,COMPLETED (exit code 0),1,12,10:51:15,17.06,05:18:11,19.97,99.87,,,
72025,ihealth-cluster,jebisbal/jebisbal,CANCELLED (exit code 0),1,8,00:02:00,34.09,00:00:44,23.92,59.81,,,
72026,ihealth-cluster,jebisbal/jebisbal,CANCELLED (exit code 0),1,8,00:01:34,30.92,00:00:38,24.02,60.05,,,
72027,ihealth-cluster,nagarrido/nagarrido,COMPLETED (exit code 0),1,20,00:00:17,4.47,00:00:19,1.14,1.43,,,
72028,ihealth-cluster,nagarrido/nagarrido,COMPLETED (exit code 0),1,20,00:00:16,4.71,00:00:17,4.32 MB,0.01,,,
72029,ihealth-cluster,bllancao/bllancao,CANCELLED (exit code 0),1,20,16:59:22,28.78,02:57:07,67.42,67.42,,,
72030,ihealth-cluster,jebisbal/jebisbal,TIMEOUT (exit code 0),1,8,15-22:57:57,99.73,2-00:00:01,28.11,70.29,,,
72031,ihealth-cluster,jebisbal/jebisbal,TIMEOUT (exit code 0),1,8,15-22:47:08,99.68,2-00:00:01,27.37,68.42,,,
72032,ihealth-cluster,cgrivera/cgrivera,COMPLETED (exit code 0),1,2,00:01:28,50.57,00:01:27,779.71 MB,1.52,,,
72033,ihealth-cluster,cgrivera/cgrivera,COMPLETED (exit code 0),1,2,00:01:21,44.51,00:01:31,1.19,3.97,,,
72034,ihealth-cluster,cgrivera/cgrivera,CANCELLED (exit code 0),1,2,00:00:13,46.43,00:00:14,683.21 MB,3.34,,,
72035,ihealth-cluster,cgrivera/cgrivera,TIMEOUT (exit code 0),1,2,00:00:00,0.00,00:05:21,256.00 KB,0.01,,,
72036,ihealth-cluster,cgrivera/cgrivera,COMPLETED (exit code 0),1,2,00:01:35,48.97,00:01:37,1.09,2.72,,,
72037,ihealth-cluster,cgrivera/cgrivera,TIMEOUT (exit code 0),1,2,00:00:00,0.00,00:05:21,0.00 MB (estimated maximum),0.00,,,
72038,ihealth-cluster,cgrivera/cgrivera,COMPLETED (exit code 0),1,2,00:00:00,0.00,00:11:09,0.00 MB (estimated maximum),0.00,,,
72039,ihealth-cluster,bllancao/bllancao,CANCELLED (exit code 0),1,20,1-03:36:44,27.32,05:03:15,68.35,68.35,,,
72040,ihealth-cluster,cgrivera/cgrivera,COMPLETED (exit code 0),1,2,00:00:00,0.00,00:11:22,44.00 KB,0.00,,,
72041,ihealth-cluster,cgrivera/cgrivera,COMPLETED (exit code 0),1,2,00:00:00,0.00,00:08:14,156.00 KB,0.00,,,
72042,ihealth-cluster,sfarfan/sfarfan,COMPLETED (exit code 0),1,2,01:44:15,49.75,01:44:46,1.02,25.61,,,
72043,ihealth-cluster,vruizval/vruizval,COMPLETED (exit code 0),1,12,10:52:35,24.64,03:40:42,17.73,88.66,,,
72044,ihealth-cluster,cgrivera/cgrivera,COMPLETED (exit code 0),1,2,00:00:00,0.00,00:06:37,0.00 MB (estimated maximum),0.00,,,
72045,ihealth-cluster,cgrivera/cgrivera,COMPLETED (exit code 0),1,2,00:00:00,0.00,00:07:18,0.00 MB (estimated maximum),0.00,,,
72046,ihealth-cluster,cgrivera/cgrivera,COMPLETED (exit code 0),1,2,00:01:10,48.61,00:01:12,832.81 MB,2.03,,,
72047,ihealth-cluster,cgrivera/cgrivera,COMPLETED (exit code 0),1,2,00:00:00,0.00,00:07:34,0.00 MB (estimated maximum),0.00,,,
72048,ihealth-cluster,sfarfan/sfarfan,TIMEOUT (exit code 0),1,2,00:01:01,0.85,01:00:05,1.26,15.75,,,
72049,ihealth-cluster,bllancao/bllancao,COMPLETED (exit code 0),1,20,05:57:16,21.83,01:21:49,74.34,74.34,,,
72050,ihealth-cluster,bllancao/bllancao,CANCELLED (exit code 0),,,00:00:00,0.00,00:00:00,0.00 MB (estimated maximum),0.00,1,,
72051,ihealth-cluster,sfarfan/sfarfan,COMPLETED (exit code 0),1,2,01:44:26,49.82,01:44:49,940.35 MB,22.96,,,
72052,ihealth-cluster,sfarfan/sfarfan,COMPLETED (exit code 0),1,2,00:00:36,0.67,00:44:42,1.16,14.46,,,
72053,ihealth-cluster,vruizval/vruizval,COMPLETED (exit code 0),1,12,11:58:18,14.36,06:56:48,19.04,95.20,,,
72054,ihealth-cluster,nagarrido/nagarrido,COMPLETED (exit code 0),1,20,7-02:14:01,42.99,19:47:54,64.91,81.14,,,
72055,ihealth-cluster,nagarrido/nagarrido,COMPLETED (exit code 0),1,20,6-21:18:37,42.60,19:24:03,65.25,81.57,,,
72056,ihealth-cluster,nagarrido/nagarrido,COMPLETED (exit code 0),1,20,6-16:55:15,43.11,18:39:46,64.57,80.72,,,
72057,ihealth-cluster,vruizval/vruizval,CANCELLED (exit code 0),1,12,00:00:30,8.62,00:00:29,2.35,11.74,,,
72058,ihealth-cluster,vruizval/vruizval,COMPLETED (exit code 0),1,12,10:06:08,21.89,03:50:43,19.97,99.87,,,
72059,ihealth-cluster,sfarfan/sfarfan,CANCELLED (exit code 0),1,2,00:00:58,48.33,00:01:00,678.61 MB,16.57,,,
72060,ihealth-cluster,sfarfan/sfarfan,COMPLETED (exit code 0),1,2,01:47:26,51.84,01:43:37,1019.61 MB,24.89,,,
72061,ihealth-cluster,sfarfan/sfarfan,COMPLETED (exit code 0),1,2,00:00:59,2.47,00:19:56,1.18,14.74,,,
72062,ihealth-cluster,rmarcar/rmarcar,FAILED (exit code 1),1,16,00:00:08,4.55,00:00:11,304.19 MB,0.46,,,
72063,ihealth-cluster,cgvallea/cgvallea,COMPLETED (exit code 0),1,4,00:01:17,28.73,00:01:07,2.78,34.75,,,
72064,ihealth-cluster,cgvallea/cgvallea,FAILED (exit code 1),1,4,00:00:20,55.56,00:00:09,230.91 MB,2.82,,,
72065,ihealth-cluster,cgvallea/cgvallea,FAILED (exit code 1),1,4,00:00:24,54.55,00:00:11,196.75 MB,2.40,,,
72066,ihealth-cluster,cgvallea/cgvallea,FAILED (exit code 1),1,4,00:00:24,54.55,00:00:11,196.64 MB,2.40,,,
72067,ihealth-cluster,cgvallea/cgvallea,FAILED (exit code 1),1,4,00:00:24,50.00,00:00:12,196.63 MB,2.40,,,
72068,ihealth-cluster,cgvallea/cgvallea,FAILED (exit code 1),1,4,00:01:29,76.72,00:00:29,359.60 MB,4.39,,,
72070,ihealth-cluster,cgvallea/cgvallea,CANCELLED (exit code 0),1,4,00:01:10,67.31,00:00:26,2.01,25.09,,72069_1,
72072,ihealth-cluster,cgvallea/cgvallea,CANCELLED (exit code 0),1,2,00:00:30,88.24,00:00:17,1.05,13.07,,72071_1,
72074,ihealth-cluster,cgvallea/cgvallea,CANCELLED (exit code 0),1,2,00:00:50,89.29,00:00:28,1.08,27.02,,72073_1,
72075,ihealth-cluster,cgvallea/cgvallea,CANCELLED (exit code 0),1,2,00:00:40,71.43,00:00:28,1.58,39.44,,72073_2,
72077,ihealth-cluster,cgvallea/cgvallea,CANCELLED (exit code 0),1,4,00:00:13,46.43,00:00:07,688.04 MB,16.80,,72076_1,
72078,ihealth-cluster,cgvallea/cgvallea,CANCELLED (exit code 0),1,4,00:00:00,0.00,00:00:00,0.00 MB (estimated maximum),0.00,,72076_2,
72079,ihealth-cluster,cgvallea/cgvallea,FAILED (exit code 1),1,4,00:01:06,75.00,00:00:22,813.15 MB,39.70,,72079_10,
72080,ihealth-cluster,cgvallea/cgvallea,FAILED (exit code 1),1,4,00:01:46,80.30,00:00:33,1.21,60.50,,72079_1,
72081,ihealth-cluster,cgvallea/cgvallea,FAILED (exit code 1),1,4,00:01:42,85.00,00:00:30,1.06,52.80,,72079_2,
72082,ihealth-cluster,cgvallea/cgvallea,FAILED (exit code 1),1,4,00:01:14,71.15,00:00:26,882.23 MB,43.08,,72079_3,
72083,ihealth-cluster,cgvallea/cgvallea,FAILED (exit code 1),1,4,00:00:04,33.33,00:00:03,184.00 KB,0.01,,72079_4,
72084,ihealth-cluster,cgvallea/cgvallea,FAILED (exit code 1),1,4,00:00:03,37.50,00:00:02,268.00 KB,0.01,,72079_5,
72085,ihealth-cluster,cgvallea/cgvallea,FAILED (exit code 1),1,4,00:01:05,77.38,00:00:21,841.16 MB,41.07,,72079_6,
72086,ihealth-cluster,cgvallea/cgvallea,FAILED (exit code 1),1,4,00:01:19,79.00,00:00:25,922.91 MB,45.06,,72079_7,
72087,ihealth-cluster,cgvallea/cgvallea,FAILED (exit code 1),1,4,00:01:30,77.59,00:00:29,891.20 MB,43.52,,72079_8,
72088,ihealth-cluster,cgvallea/cgvallea,FAILED (exit code 1),1,4,00:01:05,73.86,00:00:22,711.72 MB,34.75,,72079_9,
72089,ihealth-cluster,cgvallea/cgvallea,FAILED (exit code 1),1,4,00:01:31,84.26,00:00:27,358.91 MB,17.53,,72089_16,
72090,ihealth-cluster,cgvallea/cgvallea,FAILED (exit code 1),1,4,00:01:14,66.07,00:00:28,925.01 MB,45.17,,72089_11,
72091,ihealth-cluster,cgvallea/cgvallea,FAILED (exit code 1),1,4,00:01:02,86.11,00:00:18,515.97 MB,25.19,,72089_12,
72092,ihealth-cluster,cgvallea/cgvallea,FAILED (exit code 1),1,4,00:01:13,79.35,00:00:23,592.37 MB,28.92,,72089_13,
72093,ihealth-cluster,cgvallea/cgvallea,FAILED (exit code 1),1,4,00:01:20,64.52,00:00:31,1.08,54.13,,72089_14,
72094,ihealth-cluster,cgvallea/cgvallea,FAILED (exit code 1),1,4,00:00:59,73.75,00:00:20,666.29 MB,32.53,,72094_900,
72095,ihealth-cluster,cgvallea/cgvallea,FAILED (exit code 1),1,4,00:01:24,77.78,00:00:27,525.03 MB,25.64,,72089_15,
72096,ihealth-cluster,cgvallea/cgvallea,FAILED (exit code 1),1,2,00:00:03,30.00,00:00:05,391.29 MB,4.78,,,
72097,ihealth-cluster,cgvallea/cgvallea,FAILED (exit code 1),1,2,00:00:04,50.00,00:00:04,52.00 KB,0.00,,,
72098,ihealth-cluster,cgvallea/cgvallea,FAILED (exit code 1),1,2,00:00:04,50.00,00:00:04,68.00 KB,0.00,,,
72099,ihealth-cluster,cgvallea/cgvallea,FAILED (exit code 1),1,2,00:00:04,50.00,00:00:04,56.00 KB,0.00,,,
72100,ihealth-cluster,cgvallea/cgvallea,FAILED (exit code 1),1,2,00:00:02,33.33,00:00:03,60.00 KB,0.00,,,
72101,ihealth-cluster,cgvallea/cgvallea,CANCELLED (exit code 0),1,2,00:00:18,14.06,00:01:04,2.64,33.03,,,
72102,ihealth-cluster,cgvallea/cgvallea,CANCELLED (exit code 0),1,2,00:01:18,0.75,01:26:50,1.92,24.01,,,
72103,ihealth-cluster,chriscidl/chriscidl,TIMEOUT (exit code 0),1,2,00:32:25,8.98,03:00:27,5.36,26.80,,,
72104,ihealth-cluster,sfarfan/sfarfan,FAILED (exit code 130),1,2,00:00:26,4.05,00:05:21,1.03,12.83,,,
72105,ihealth-cluster,sfarfan/sfarfan,CANCELLED (exit code 0),1,2,00:00:00,0.00,00:00:00,0.00 MB (estimated maximum),0.00,,,
72106,ihealth-cluster,sfarfan/sfarfan,FAILED (exit code 127),1,2,00:00:00,0.00,00:00:44,8.00 KB,0.00,,,
72107,ihealth-cluster,sfarfan/sfarfan,COMPLETED (exit code 0),1,2,00:00:25,0.38,00:54:35,1.05,13.17,,,
72108,ihealth-cluster,cgvallea/cgvallea,FAILED (exit code 127),1,10,00:00:01,10.00,00:00:01,2.41 MB,0.01,,,
72109,ihealth-cluster,cgvallea/cgvallea,FAILED (exit code 1),1,10,00:00:01,0.00,00:00:00,4.77 MB,0.01,,,
72110,ihealth-cluster,cgvallea/cgvallea,FAILED (exit code 1),1,10,00:00:04,6.67,00:00:06,128.30 MB,0.39,,,
72111,ihealth-cluster,cgvallea/cgvallea,FAILED (exit code 1),1,10,00:00:04,8.00,00:00:05,35.65 MB,0.11,,,
72112,ihealth-cluster,cgvallea/cgvallea,FAILED (exit code 1),1,10,00:00:04,10.00,00:00:04,1.12 MB,0.00,,,
72113,ihealth-cluster,cgvallea/cgvallea,FAILED (exit code 1),1,10,00:00:03,10.00,00:00:03,624.00 KB,0.00,,,
72114,ihealth-cluster,cgvallea/cgvallea,FAILED (exit code 1),1,10,00:00:04,6.67,00:00:06,672.00 KB,0.00,,,
72115,ihealth-cluster,cgvallea/cgvallea,FAILED (exit code 1),1,10,00:00:04,10.00,00:00:04,500.00 KB,0.00,,,
72116,ihealth-cluster,cgvallea/cgvallea,FAILED (exit code 1),1,10,00:00:04,13.33,00:00:03,828.00 KB,0.00,,,
72117,ihealth-cluster,cgvallea/cgvallea,FAILED (exit code 1),1,10,00:00:04,13.33,00:00:03,732.00 KB,0.00,,,
72118,ihealth-cluster,cgvallea/cgvallea,FAILED (exit code 1),1,10,00:00:04,10.00,00:00:04,532.00 KB,0.00,,,
72119,ihealth-cluster,cgvallea/cgvallea,FAILED (exit code 1),1,10,00:00:04,13.33,00:00:03,516.00 KB,0.00,,,
72120,ihealth-cluster,cgvallea/cgvallea,FAILED (exit code 1),1,10,00:00:04,10.00,00:00:04,612.00 KB,0.00,,,
72121,ihealth-cluster,cgvallea/cgvallea,FAILED (exit code 1),1,10,00:00:04,13.33,00:00:03,848.00 KB,0.00,,,
72122,ihealth-cluster,cgvallea/cgvallea,FAILED (exit code 1),1,10,00:00:04,10.00,00:00:04,448.00 KB,0.00,,,
72123,ihealth-cluster,cgvallea/cgvallea,FAILED (exit code 1),1,10,00:00:04,10.00,00:00:04,732.00 KB,0.00,,,
72124,ihealth-cluster,cgvallea/cgvallea,FAILED (exit code 1),1,10,00:00:04,13.33,00:00:03,708.00 KB,0.00,,,
72125,ihealth-cluster,cgvallea/cgvallea,FAILED (exit code 1),1,10,00:00:04,10.00,00:00:04,740.00 KB,0.00,,,
72126,ihealth-cluster,cgvallea/cgvallea,FAILED (exit code 1),1,10,00:00:04,13.33,00:00:03,532.00 KB,0.00,,,
72127,ihealth-cluster,cgvallea/cgvallea,FAILED (exit code 1),1,10,00:00:04,8.00,00:00:05,752.00 KB,0.00,,,
72128,ihealth-cluster,cgvallea/cgvallea,FAILED (exit code 1),1,10,00:00:04,10.00,00:00:04,896.00 KB,0.00,,,
72129,ihealth-cluster,cgvallea/cgvallea,FAILED (exit code 1),1,10,00:00:04,10.00,00:00:04,896.00 KB,0.00,,,
72130,ihealth-cluster,cgvallea/cgvallea,FAILED (exit code 1),1,10,00:00:04,10.00,00:00:04,788.00 KB,0.00,,,
72131,ihealth-cluster,cgvallea/cgvallea,FAILED (exit code 1),1,10,00:00:04,13.33,00:00:03,724.00 KB,0.00,,,
72132,ihealth-cluster,cgvallea/cgvallea,FAILED (exit code 1),1,10,00:00:04,20.00,00:00:02,672.00 KB,0.00,,,
72133,ihealth-cluster,cgvallea/cgvallea,FAILED (exit code 1),1,10,00:00:04,10.00,00:00:04,544.00 KB,0.00,,,
72134,ihealth-cluster,cgvallea/cgvallea,FAILED (exit code 1),1,10,00:00:04,13.33,00:00:03,808.00 KB,0.00,,,
72135,ihealth-cluster,cgvallea/cgvallea,FAILED (exit code 1),1,10,00:00:04,10.00,00:00:04,584.00 KB,0.00,,,
72136,ihealth-cluster,cgvallea/cgvallea,FAILED (exit code 1),1,10,00:00:04,10.00,00:00:04,668.00 KB,0.00,,,
72137,ihealth-cluster,cgvallea/cgvallea,FAILED (exit code 1),1,10,00:00:04,13.33,00:00:03,544.00 KB,0.00,,,
72138,ihealth-cluster,cgvallea/cgvallea,CANCELLED (exit code 0),1,10,00:08:09,48.90,00:01:40,1.04,3.25,,,
72139,ihealth-cluster,cgvallea/cgvallea,COMPLETED (exit code 0),1,10,00:12:41,49.10,00:02:35,1.04,3.25,,,
72140,ihealth-cluster,rdelasotta/rdelasotta,CANCELLED (exit code 0),,,00:00:00,0.00,00:00:00,0.00 MB (estimated maximum),0.00,1,,
72141,ihealth-cluster,rdelasotta/rdelasotta,CANCELLED (exit code 0),,,00:00:00,0.00,00:00:00,0.00 MB (estimated maximum),0.00,1,,
72142,ihealth-cluster,rdelasotta/rdelasotta,CANCELLED (exit code 0),,,00:00:00,0.00,00:00:00,0.00 MB (estimated maximum),0.00,1,,
72143,ihealth-cluster,rdelasotta/rdelasotta,COMPLETED (exit code 0),1,2,11:56:33,54.03,11:03:09,7.66,15.33,,,
72144,ihealth-cluster,rdelasotta/rdelasotta,FAILED (exit code 1),1,2,00:01:30,48.39,00:01:33,2.41,4.83,,,
72145,ihealth-cluster,sfarfan/sfarfan,FAILED (exit code 1),1,2,00:00:01,50.00,00:00:01,54.89 MB,1.34,,,
72146,ihealth-cluster,cgvallea/cgvallea,FAILED (exit code 1),1,2,00:00:01,50.00,00:00:01,8.24 MB,0.40,,,
72147,ihealth-cluster,rmarcar/rmarcar,FAILED (exit code 1),1,16,00:00:06,7.50,00:00:05,692.00 KB,0.00,,,
72148,ihealth-cluster,cgvallea/cgvallea,CANCELLED (exit code 0),1,2,00:00:03,1.42,00:01:46,88.72 MB,4.33,,,
72149,ihealth-cluster,rmarcar/rmarcar,COMPLETED (exit code 0),1,16,2-09:37:49,20.14,17:52:52,28.70,44.84,,,
72150,ihealth-cluster,cgvallea/cgvallea,TIMEOUT (exit code 0),1,8,00:01:35,0.11,03:00:24,930.66 MB,9.09,,,
72151,ihealth-cluster,rmarcar/rmarcar,FAILED (exit code 1),1,16,1-22:57:24,19.92,14:44:04,27.65,43.20,,,
72152,ihealth-cluster,rmarcar/rmarcar,COMPLETED (exit code 0),1,16,7-12:13:38,19.22,2-10:37:03,29.32,45.81,,,
72153,ihealth-cluster,rmarcar/rmarcar,TIMEOUT (exit code 0),1,16,9-14:56:06,20.04,3-00:00:27,30.27,47.29,,,
72154,ihealth-cluster,rmarcar/rmarcar,TIMEOUT (exit code 0),1,16,9-11:49:33,19.78,3-00:00:15,30.06,46.97,,,
72155,ihealth-cluster,mgonzalez/mgonzalez,TIMEOUT (exit code 0),1,2,00:08:18,6.91,01:00:04,3.19,15.94,,,
72156,ihealth-cluster,mgonzalez/mgonzalez,TIMEOUT (exit code 0),1,2,00:12:04,10.02,01:00:11,2.38,11.92,,,
72157,ihealth-cluster,sfarfan/sfarfan,COMPLETED (exit code 0),1,2,01:24:58,49.79,01:25:19,1.35,33.67,,,
72158,ihealth-cluster,fjmadariagal/fjmadariagal,TIMEOUT (exit code 0),1,2,00:00:42,0.58,01:00:26,3.23,82.68,,,
72159,ihealth-cluster,sfarfan/sfarfan,COMPLETED (exit code 0),1,2,00:00:02,0.50,00:03:19,107.38 MB,1.31,,,
72160,ihealth-cluster,bllancao/bllancao,CANCELLED (exit code 0),,,00:00:00,0.00,00:00:00,0.00 MB (estimated maximum),0.00,1,,
72161,ihealth-cluster,sfarfan/sfarfan,COMPLETED (exit code 0),1,2,00:01:36,1.42,00:56:22,1.19,14.87,,,
72162,ihealth-cluster,bllancao/bllancao,FAILED (exit code 1),1,20,00:00:17,6.07,00:00:14,1.98 MB,0.00,,,
72163,ihealth-cluster,fjmadariagal/fjmadariagal,COMPLETED (exit code 0),1,2,00:00:03,0.06,00:39:45,127.88 MB,3.20,,,
72164,ihealth-cluster,jacastro/jacastro,CANCELLED (exit code 0),,,00:00:00,0.00,00:00:00,0.00 MB (estimated maximum),0.00,1,,
72165,ihealth-cluster,jacastro/jacastro,TIMEOUT (exit code 0),1,2,00:00:00,0.00,02:00:25,1.97 MB,0.05,,,
72166,ihealth-cluster,jacastro/jacastro,TIMEOUT (exit code 0),1,2,00:00:06,0.04,02:00:08,137.50 MB,3.36,,,
72167,ihealth-cluster,cgvallea/cgvallea,TIMEOUT (exit code 0),1,8,00:08:36,0.60,03:00:03,1.60,16.00,,,
72168,ihealth-cluster,jacastro/jacastro,COMPLETED (exit code 0),1,2,00:00:00,0.00,00:04:28,0.00 MB (estimated maximum),0.00,,,
72169,ihealth-cluster,fjmadariagal/fjmadariagal,COMPLETED (exit code 0),1,2,00:00:22,0.50,00:36:33,2.22,56.81,,,
72170,ihealth-cluster,fjmadariagal/fjmadariagal,COMPLETED (exit code 0),1,2,00:00:50,1.03,00:40:33,2.24,57.43,,,
72171,ihealth-cluster,fjmadariagal/fjmadariagal,COMPLETED (exit code 0),1,2,00:00:32,0.46,00:57:44,1.36,34.91,,,
72172,ihealth-cluster,cgvallea/cgvallea,CANCELLED (exit code 0),1,8,00:00:15,0.02,02:23:59,340.23 MB,3.32,,,
72173,ihealth-cluster,fjmadariagal/fjmadariagal,FAILED (exit code 1),1,2,00:00:01,25.00,00:00:02,68.00 KB,0.00,,,
72174,ihealth-cluster,fjmadariagal/fjmadariagal,FAILED (exit code 1),1,2,00:00:07,38.89,00:00:09,173.20 MB,0.34,,,
72175,ihealth-cluster,fjmadariagal/fjmadariagal,TIMEOUT (exit code 0),1,2,00:00:01,0.01,01:00:25,68.25 MB,1.71,,,
72176,ihealth-cluster,fjmadariagal/fjmadariagal,FAILED (exit code 1),1,2,00:00:06,37.50,00:00:08,904.50 MB,1.77,,,
72177,ihealth-cluster,fjmadariagal/fjmadariagal,COMPLETED (exit code 0),1,2,01:57:11,73.50,01:19:43,7.71,15.43,,,
72178,ihealth-cluster,fjmadariagal/fjmadariagal,COMPLETED (exit code 0),1,2,01:56:33,74.55,01:18:10,1.24,2.48,,,
72179,ihealth-cluster,fjmadariagal/fjmadariagal,COMPLETED (exit code 0),1,2,01:58:04,74.66,01:19:04,1.25,2.49,,,
72180,ihealth-cluster,fjmadariagal/fjmadariagal,COMPLETED (exit code 0),1,2,02:19:39,74.95,01:33:10,1.24,2.48,,,
72181,ihealth-cluster,jacastro/jacastro,CANCELLED (exit code 0),1,2,00:00:02,0.09,00:19:28,59.19 MB,1.45,,,
72182,ihealth-cluster,bllancao/bllancao,FAILED (exit code 1),1,20,00:00:16,6.15,00:00:13,1.30 MB,0.00,,,
72183,ihealth-cluster,bllancao/bllancao,CANCELLED (exit code 0),1,20,00:00:16,4.00,00:00:20,1.04,1.04,,,
72184,ihealth-cluster,jacastro/jacastro,TIMEOUT (exit code 0),1,2,00:00:01,0.01,02:00:14,59.00 MB,1.44,,,
72185,ihealth-cluster,cgvallea/cgvallea,FAILED (exit code 1),1,2,00:00:04,28.57,00:00:07,248.69 MB,1.52,,,
72186,ihealth-cluster,fjmadariagal/fjmadariagal,TIMEOUT (exit code 0),1,2,00:00:14,0.19,01:00:23,411.20 MB,10.28,,,
72187,ihealth-cluster,cgvallea/cgvallea,CANCELLED (exit code 0),1,2,00:00:15,0.53,00:23:41,2.51,31.41,,,
72188,ihealth-cluster,cgvallea/cgvallea,FAILED (exit code 1),1,2,00:00:03,50.00,00:00:03,124.00 KB,0.00,,,
72189,ihealth-cluster,cgvallea/cgvallea,FAILED (exit code 1),1,2,00:00:03,50.00,00:00:03,124.00 KB,0.00,,,
72190,ihealth-cluster,cgvallea/cgvallea,FAILED (exit code 1),1,2,00:00:03,50.00,00:00:03,6.21 MB,0.04,,,
72191,ihealth-cluster,fjmadariagal/fjmadariagal,FAILED (exit code 1),1,2,00:00:28,43.75,00:00:32,1.00,2.01,,,
72192,ihealth-cluster,fjmadariagal/fjmadariagal,FAILED (exit code 1),1,2,00:00:26,48.15,00:00:27,196.88 MB,0.38,,,
72193,ihealth-cluster,cgvallea/cgvallea,CANCELLED (exit code 0),1,2,00:00:02,16.67,00:00:06,81.35 MB,0.99,,,
72194,ihealth-cluster,cgvallea/cgvallea,CANCELLED (exit code 0),1,2,00:00:21,1.66,00:10:32,1.59,19.81,,,
72195,ihealth-cluster,fjmadariagal/fjmadariagal,TIMEOUT (exit code 0),1,2,00:01:01,0.84,01:00:20,1.96,50.20,,,
72196,ihealth-cluster,bllancao/bllancao,FAILED (exit code 1),1,20,00:00:17,6.07,00:00:14,1.05 MB,0.00,,,
72197,ihealth-cluster,mgonzalez/mgonzalez,TIMEOUT (exit code 0),1,2,00:00:04,0.06,01:00:02,162.04 MB,0.79,,,
72198,ihealth-cluster,dibarrera/dibarrera,OUT_OF_MEMORY (exit code 0),1,10,00:04:52,10.90,00:04:28,53.75,53.75,,,
72199,ihealth-cluster,dibarrera/dibarrera,OUT_OF_MEMORY (exit code 0),1,10,00:03:41,10.73,00:03:26,54.69,54.69,,,
72200,ihealth-cluster,dibarrera/dibarrera,OUT_OF_MEMORY (exit code 0),1,10,00:03:37,10.80,00:03:21,68.01,68.01,,,
72201,ihealth-cluster,chriscidl/chriscidl,TIMEOUT (exit code 0),1,2,01:45:08,29.14,03:00:24,7.37,36.87,,,
72202,ihealth-cluster,dibarrera/dibarrera,COMPLETED (exit code 0),1,10,00:55:55,10.25,00:54:34,50.58,50.58,,,
72203,ihealth-cluster,vruizval/vruizval,TIMEOUT (exit code 0),1,12,15:18:13,10.62,12:00:25,10.26,34.20,,,
72204,ihealth-cluster,bllancao/bllancao,COMPLETED (exit code 0),1,20,1-07:07:35,15.54,10:00:43,98.46,98.46,,,
72205,ihealth-cluster,vruizval/vruizval,COMPLETED (exit code 0),1,12,00:07:06,5.76,00:10:16,13.72,45.75,,,
72206,ihealth-cluster,vruizval/vruizval,COMPLETED (exit code 0),1,12,03:05:10,16.69,01:32:27,6.87,22.89,,,
72207,ihealth-cluster,bllancao/bllancao,CANCELLED (exit code 0),,,00:00:00,0.00,00:00:00,0.00 MB (estimated maximum),0.00,1,,
72208,ihealth-cluster,bllancao/bllancao,FAILED (exit code 1),1,20,00:00:05,5.00,00:00:05,19.76 MB,0.02,,,
72209,ihealth-cluster,bllancao/bllancao,COMPLETED (exit code 0),1,20,1-06:59:10,15.30,10:07:31,99.95,99.95,,,
72210,ihealth-cluster,fjmadariagal/fjmadariagal,FAILED (exit code 137),1,2,00:00:10,0.14,00:59:57,399.69 MB,9.99,,,
72211,ihealth-cluster,bllancao/bllancao,CANCELLED (exit code 0),1,20,00:07:23,10.21,00:03:37,13.63,13.63,,,
72212,ihealth-cluster,bllancao/bllancao,COMPLETED (exit code 0),1,20,1-02:09:43,8.75,14:57:29,87.71,87.71,,,
72213,ihealth-cluster,fjmadariagal/fjmadariagal,COMPLETED (exit code 0),1,2,03:31:45,74.23,02:22:38,10.53,21.05,,,
72214,ihealth-cluster,fjmadariagal/fjmadariagal,COMPLETED (exit code 0),1,2,03:22:23,73.94,02:16:51,5.45,10.91,,,
72215,ihealth-cluster,fjmadariagal/fjmadariagal,CANCELLED (exit code 0),,,00:00:00,0.00,00:00:00,0.00 MB (estimated maximum),0.00,1,,
72216,ihealth-cluster,fjmadariagal/fjmadariagal,COMPLETED (exit code 0),1,2,03:31:23,74.97,02:20:59,1.25,2.49,,,
72217,ihealth-cluster,fjmadariagal/fjmadariagal,COMPLETED (exit code 0),1,2,00:00:05,0.29,00:14:15,221.49 MB,5.54,,,
72218,ihealth-cluster,fjmadariagal/fjmadariagal,COMPLETED (exit code 0),1,2,01:16:56,50.54,01:16:07,1.28,2.55,,,
72219,ihealth-cluster,fjmadariagal/fjmadariagal,FAILED (exit code 1),1,2,00:00:15,21.43,00:00:35,1.30,2.60,,,
72220,ihealth-cluster,fjmadariagal/fjmadariagal,COMPLETED (exit code 0),1,2,00:00:04,0.52,00:06:25,230.85 MB,5.77,,,
72221,ihealth-cluster,vruizval/vruizval,COMPLETED (exit code 0),1,12,00:49:59,5.21,01:20:01,29.97,99.91,,,
72222,ihealth-cluster,fjmadariagal/fjmadariagal,FAILED (exit code 137),1,2,00:00:07,0.37,00:15:45,238.13 MB,5.95,,,
72223,ihealth-cluster,fjmadariagal/fjmadariagal,COMPLETED (exit code 0),1,2,01:15:27,50.43,01:14:48,1.34,2.67,,,
72224,ihealth-cluster,fjmadariagal/fjmadariagal,COMPLETED (exit code 0),1,2,01:17:08,50.56,01:16:17,1.29,2.58,,,
72225,ihealth-cluster,fjmadariagal/fjmadariagal,COMPLETED (exit code 0),1,2,01:16:45,50.56,01:15:54,1.28,2.56,,,
72226,ihealth-cluster,fjmadariagal/fjmadariagal,CANCELLED (exit code 0),1,2,00:02:19,50.00,00:02:19,1.24,2.47,,,
72227,ihealth-cluster,bllancao/bllancao,COMPLETED (exit code 0),1,6,00:03:54,21.91,00:02:58,4.86,9.73,,,
72228,ihealth-cluster,fjmadariagal/fjmadariagal,FAILED (exit code 137),1,2,00:00:16,1.97,00:06:47,225.63 MB,5.64,,,
72229,ihealth-cluster,fjmadariagal/fjmadariagal,FAILED (exit code 137),1,2,00:00:06,0.34,00:14:49,248.11 MB,6.20,,,
72230,ihealth-cluster,fjmadariagal/fjmadariagal,COMPLETED (exit code 0),1,2,01:16:44,50.54,01:15:55,1.29,2.57,,,
72231,ihealth-cluster,fjmadariagal/fjmadariagal,COMPLETED (exit code 0),1,2,01:16:24,50.58,01:15:31,1.29,2.58,,,
72232,ihealth-cluster,vruizval/vruizval,FAILED (exit code 1),1,12,19:18:27,14.13,11:23:07,39.97,99.93,,,
72233,ihealth-cluster,bllancao/bllancao,COMPLETED (exit code 0),1,6,01:35:25,14.23,01:51:43,3.70,7.40,,,
72234,ihealth-cluster,cgvallea/cgvallea,CANCELLED (exit code 0),1,2,00:04:04,1.73,01:57:22,2.95,36.92,,,
72235,ihealth-cluster,cgvallea/cgvallea,CANCELLED (exit code 0),1,2,00:00:23,1.09,00:17:34,1.09,13.68,,,
72236,ihealth-cluster,fjmadariagal/fjmadariagal,FAILED (exit code 137),1,2,00:00:10,0.93,00:08:56,208.14 MB,5.20,,,
72237,ihealth-cluster,fjmadariagal/fjmadariagal,COMPLETED (exit code 0),1,2,00:37:39,50.54,00:37:15,1.28,2.56,,,
72238,ihealth-cluster,fjmadariagal/fjmadariagal,COMPLETED (exit code 0),1,2,00:37:03,50.52,00:36:40,1.26,2.52,,,
72239,ihealth-cluster,fjmadariagal/fjmadariagal,COMPLETED (exit code 0),1,2,00:32:26,50.62,00:32:02,1.26,2.52,,,
72240,ihealth-cluster,fjmadariagal/fjmadariagal,COMPLETED (exit code 0),1,2,00:35:09,48.46,00:36:16,8.78,17.56,,,
72241,ihealth-cluster,cgvallea/cgvallea,CANCELLED (exit code 0),1,2,00:00:32,1.80,00:14:51,1.69,21.15,,,
72242,ihealth-cluster,chriscidl/chriscidl,TIMEOUT (exit code 0),1,2,00:22:00,6.09,03:00:29,3.09,15.46,,,
72243,ihealth-cluster,pamessina/pamessina,FAILED (exit code 1),1,4,00:00:06,13.64,00:00:11,499.93 MB,0.76,,,
72244,ihealth-cluster,pamessina/pamessina,FAILED (exit code 1),1,4,00:00:06,18.75,00:00:08,82.01 MB,0.13,,,
72245,ihealth-cluster,pamessina/pamessina,FAILED (exit code 1),1,4,00:00:06,16.67,00:00:09,2.84 MB,0.00,,,
72246,ihealth-cluster,pamessina/pamessina,COMPLETED (exit code 0),1,4,00:06:15,57.87,00:02:42,28.48,44.50,,,
72247,ihealth-cluster,pamessina/pamessina,FAILED (exit code 1),1,8,00:00:08,14.29,00:00:07,26.59 MB,0.04,,,
72248,ihealth-cluster,pamessina/pamessina,CANCELLED (exit code 0),1,8,00:01:04,11.76,00:01:08,6.60,10.31,,,
72249,ihealth-cluster,pamessina/pamessina,COMPLETED (exit code 0),1,8,00:09:29,12.54,00:09:27,5.80,9.06,,,
72250,ihealth-cluster,pamessina/pamessina,CANCELLED (exit code 0),1,8,00:00:18,0.03,01:51:14,1.71,8.53,,,
72251,ihealth-cluster,bllancao/bllancao,CANCELLED (exit code 0),1,20,00:07:15,10.12,00:03:35,13.04,13.04,,,
72252,ihealth-cluster,bllancao/bllancao,CANCELLED (exit code 0),,,00:00:00,0.00,00:00:00,0.00 MB (estimated maximum),0.00,1,,
72253,ihealth-cluster,bllancao/bllancao,CANCELLED (exit code 0),,,00:00:00,0.00,00:00:00,0.00 MB (estimated maximum),0.00,1,,
72254,ihealth-cluster,pamessina/pamessina,COMPLETED (exit code 0),1,8,00:16:48,12.40,00:16:56,6.36,9.93,,,
72255,ihealth-cluster,bllancao/bllancao,CANCELLED (exit code 0),,,00:00:00,0.00,00:00:00,0.00 MB (estimated maximum),0.00,1,,
72256,ihealth-cluster,bllancao/bllancao,CANCELLED (exit code 0),,,00:00:00,0.00,00:00:00,0.00 MB (estimated maximum),0.00,1,,
72257,ihealth-cluster,nagarrido/nagarrido,CANCELLED (exit code 0),,,00:00:00,0.00,00:00:00,0.00 MB (estimated maximum),0.00,1,,
72258,ihealth-cluster,nagarrido/nagarrido,COMPLETED (exit code 0),1,20,6-19:02:40,42.43,19:12:45,65.00,81.26,,,
72259,ihealth-cluster,cgvallea/cgvallea,FAILED (exit code 1),1,4,00:01:05,40.62,00:00:40,1.75,43.77,,,
72260,ihealth-cluster,nagarrido/nagarrido,CANCELLED (exit code 0),,,00:00:00,0.00,00:00:00,0.00 MB (estimated maximum),0.00,1,,
72261,ihealth-cluster,nagarrido/nagarrido,CANCELLED (exit code 0),,,00:00:00,0.00,00:00:00,0.00 MB (estimated maximum),0.00,1,,
72262,ihealth-cluster,cgvallea/cgvallea,FAILED (exit code 1),1,20,00:00:48,14.12,00:00:17,428.73 MB,5.23,,,
72263,ihealth-cluster,nagarrido/nagarrido,COMPLETED (exit code 0),1,20,7-00:06:08,43.85,19:10:01,63.90,79.87,,,
72264,ihealth-cluster,cgvallea/cgvallea,FAILED (exit code 1),1,20,00:00:51,13.42,00:00:19,428.90 MB,5.24,,,
72265,ihealth-cluster,nagarrido/nagarrido,CANCELLED (exit code 0),,,00:00:00,0.00,00:00:00,0.00 MB (estimated maximum),0.00,1,,
72266,ihealth-cluster,cgvallea/cgvallea,FAILED (exit code 1),1,20,00:00:50,13.89,00:00:18,428.61 MB,5.23,,,
72267,ihealth-cluster,nagarrido/nagarrido,CANCELLED (exit code 0),,,00:00:00,0.00,00:00:00,0.00 MB (estimated maximum),0.00,1,,
72268,ihealth-cluster,cgvallea/cgvallea,FAILED (exit code 1),1,20,00:00:47,13.82,00:00:17,428.73 MB,5.23,,,
72269,ihealth-cluster,nagarrido/nagarrido,CANCELLED (exit code 0),,,00:00:00,0.00,00:00:00,0.00 MB (estimated maximum),0.00,1,,
72270,ihealth-cluster,nagarrido/nagarrido,CANCELLED (exit code 0),,,00:00:00,0.00,00:00:00,0.00 MB (estimated maximum),0.00,1,,
72271,ihealth-cluster,cgvallea/cgvallea,FAILED (exit code 1),1,20,00:00:48,13.33,00:00:18,429.19 MB,5.24,,,
72272,ihealth-cluster,cgvallea/cgvallea,FAILED (exit code 1),1,20,00:00:47,13.82,00:00:17,429.15 MB,5.24,,,
72273,ihealth-cluster,cgvallea/cgvallea,FAILED (exit code 1),1,20,00:00:47,13.82,00:00:17,428.93 MB,5.24,,,
72274,ihealth-cluster,cgvallea/cgvallea,FAILED (exit code 1),1,20,00:00:51,13.42,00:00:19,429.27 MB,5.24,,,
72275,ihealth-cluster,cgvallea/cgvallea,FAILED (exit code 1),1,20,00:00:47,13.82,00:00:17,428.63 MB,5.23,,,
72276,ihealth-cluster,cgvallea/cgvallea,FAILED (exit code 1),1,20,00:00:51,12.14,00:00:21,542.02 MB,6.62,,,
72277,ihealth-cluster,cgvallea/cgvallea,FAILED (exit code 1),1,20,00:00:48,14.12,00:00:17,428.59 MB,5.23,,,
72278,ihealth-cluster,cgvallea/cgvallea,FAILED (exit code 1),1,20,00:00:48,14.12,00:00:17,428.80 MB,5.23,,,
72279,ihealth-cluster,cgvallea/cgvallea,FAILED (exit code 1),1,20,00:00:51,15.00,00:00:17,428.69 MB,5.23,,,
72280,ihealth-cluster,cgvallea/cgvallea,FAILED (exit code 1),1,20,00:00:47,14.69,00:00:16,428.64 MB,5.23,,,
72281,ihealth-cluster,cgvallea/cgvallea,FAILED (exit code 1),1,20,00:00:49,14.41,00:00:17,428.84 MB,5.23,,,
72282,ihealth-cluster,cgvallea/cgvallea,FAILED (exit code 1),1,20,00:00:48,14.12,00:00:17,428.50 MB,5.23,,,
72283,ihealth-cluster,cgvallea/cgvallea,FAILED (exit code 1),1,20,00:00:47,14.69,00:00:16,428.86 MB,5.24,,,
72284,ihealth-cluster,cgvallea/cgvallea,FAILED (exit code 1),1,20,00:00:53,13.25,00:00:20,431.18 MB,5.26,,,
72285,ihealth-cluster,cgvallea/cgvallea,FAILED (exit code 1),1,20,00:00:44,20.00,00:00:11,155.87 MB,1.90,,,
72286,ihealth-cluster,cgvallea/cgvallea,FAILED (exit code 1),1,20,00:00:05,6.25,00:00:04,1.50 MB,0.02,,,
72287,ihealth-cluster,cgvallea/cgvallea,FAILED (exit code 1),1,20,00:00:47,18.08,00:00:13,280.53 MB,3.42,,,
72288,ihealth-cluster,cgvallea/cgvallea,FAILED (exit code 1),1,20,00:00:45,17.31,00:00:13,280.43 MB,3.42,,,
72289,ihealth-cluster,cgvallea/cgvallea,FAILED (exit code 1),1,20,00:00:44,18.33,00:00:12,280.82 MB,3.43,,,
72290,ihealth-cluster,cgvallea/cgvallea,FAILED (exit code 1),1,20,00:00:45,17.31,00:00:13,280.41 MB,3.42,,,
72291,ihealth-cluster,cgvallea/cgvallea,FAILED (exit code 1),1,20,00:00:45,18.75,00:00:12,280.25 MB,3.42,,,
72292,ihealth-cluster,cgvallea/cgvallea,FAILED (exit code 1),1,20,00:00:45,18.75,00:00:12,280.87 MB,3.43,,,
72293,ihealth-cluster,cgvallea/cgvallea,COMPLETED (exit code 0),1,20,03:54:16,61.38,00:19:05,7.24,90.49,,,
72294,ihealth-cluster,pamessina/pamessina,TIMEOUT (exit code 0),1,8,00:02:35,0.18,03:00:09,3.53,17.66,,,
72295,ihealth-cluster,cgvallea/cgvallea,CANCELLED (exit code 0),1,2,01:48:45,98.18,00:55:23,3.99,24.93,,,
72296,ihealth-cluster,cgvallea/cgvallea,CANCELLED (exit code 0),1,2,01:45:30,98.20,00:53:43,3.52,22.02,,,
72297,ihealth-cluster,cgvallea/cgvallea,FAILED (exit code 1),1,2,00:00:03,13.64,00:00:11,156.00 KB,0.00,,,
72298,ihealth-cluster,cgvallea/cgvallea,FAILED (exit code 1),1,2,00:00:03,18.75,00:00:08,152.00 KB,0.00,,,
72299,ihealth-cluster,cgvallea/cgvallea,CANCELLED (exit code 0),1,2,01:44:56,98.04,00:53:31,2.81,17.55,,,
72300,ihealth-cluster,cgvallea/cgvallea,CANCELLED (exit code 0),1,2,01:44:43,97.93,00:53:28,2.99,18.71,,,
72301,ihealth-cluster,cgvallea/cgvallea,CANCELLED (exit code 0),1,2,01:44:22,97.72,00:53:24,3.11,19.41,,,
72302,ihealth-cluster,cgvallea/cgvallea,CANCELLED (exit code 0),1,2,01:44:14,97.69,00:53:21,2.45,15.30,,,
72303,ihealth-cluster,cgvallea/cgvallea,CANCELLED (exit code 0),1,2,01:43:40,97.28,00:53:17,2.65,16.54,,,
72304,ihealth-cluster,cgvallea/cgvallea,CANCELLED (exit code 0),1,2,01:43:36,97.31,00:53:14,3.20,19.99,,,
72305,ihealth-cluster,cgvallea/cgvallea,CANCELLED (exit code 0),1,2,01:43:30,97.34,00:53:10,2.42,15.12,,,
72306,ihealth-cluster,cgvallea/cgvallea,CANCELLED (exit code 0),1,2,00:02:16,2.22,00:51:00,1.80,22.46,,,
72307,ihealth-cluster,cgvallea/cgvallea,COMPLETED (exit code 0),1,2,00:03:18,51.83,00:03:11,7.21,45.05,,,
72308,ihealth-cluster,cgvallea/cgvallea,TIMEOUT (exit code 0),1,2,00:01:23,0.38,03:00:15,1.02,12.73,,,
72309,ihealth-cluster,cgvallea/cgvallea,COMPLETED (exit code 0),1,10,03:48:20,74.25,00:30:45,6.20,38.74,,72309_10,
72310,ihealth-cluster,cgvallea/cgvallea,COMPLETED (exit code 0),1,10,06:15:14,74.90,00:50:06,12.85,80.28,,72309_1,
72311,ihealth-cluster,cgvallea/cgvallea,COMPLETED (exit code 0),1,10,05:44:49,74.96,00:46:00,8.84,55.27,,72309_2,
72312,ihealth-cluster,cgvallea/cgvallea,COMPLETED (exit code 0),1,10,00:03:13,11.35,00:02:50,6.03,37.70,,72309_3,
72313,ihealth-cluster,cgvallea/cgvallea,FAILED (exit code 1),1,10,00:00:04,8.00,00:00:05,412.00 KB,0.00,,72309_4,
72314,ihealth-cluster,cgvallea/cgvallea,FAILED (exit code 1),1,10,00:00:04,4.44,00:00:09,660.00 KB,0.00,,72309_5,
72315,ihealth-cluster,cgvallea/cgvallea,COMPLETED (exit code 0),1,10,03:28:23,73.25,00:28:27,5.88,36.77,,72309_6,
72316,ihealth-cluster,cgvallea/cgvallea,COMPLETED (exit code 0),1,10,04:03:25,74.36,00:32:44,6.77,42.32,,72309_7,
72317,ihealth-cluster,cgvallea/cgvallea,COMPLETED (exit code 0),1,10,04:42:40,73.87,00:38:16,7.77,48.53,,72309_8,
72318,ihealth-cluster,cgvallea/cgvallea,COMPLETED (exit code 0),1,10,03:24:31,74.46,00:27:28,5.65,35.34,,72309_9,
72319,ihealth-cluster,cgvallea/cgvallea,COMPLETED (exit code 0),1,20,05:02:33,62.25,00:24:18,8.77,54.83,,72319_16,
72320,ihealth-cluster,cgvallea/cgvallea,COMPLETED (exit code 0),1,20,04:16:47,61.28,00:20:57,7.05,44.09,,72319_11,
72321,ihealth-cluster,cgvallea/cgvallea,COMPLETED (exit code 0),1,20,03:25:07,62.35,00:16:27,5.46,34.13,,72319_12,
72322,ihealth-cluster,fjmadariagal/fjmadariagal,FAILED (exit code 137),1,2,00:00:12,0.59,00:16:49,256.67 MB,6.42,,,
72323,ihealth-cluster,fjmadariagal/fjmadariagal,COMPLETED (exit code 0),1,2,00:22:55,45.53,00:25:10,4.69,9.39,,,
72324,ihealth-cluster,fjmadariagal/fjmadariagal,COMPLETED (exit code 0),1,2,00:22:36,48.09,00:23:30,1.39,2.78,,,
72325,ihealth-cluster,cgvallea/cgvallea,COMPLETED (exit code 0),1,20,04:04:40,61.68,00:19:50,7.25,45.30,,72319_13,
72326,ihealth-cluster,cgvallea/cgvallea,COMPLETED (exit code 0),1,20,04:02:23,60.85,00:19:55,7.32,45.76,,72319_14,
72327,ihealth-cluster,fjmadariagal/fjmadariagal,COMPLETED (exit code 0),1,2,00:21:17,48.81,00:21:48,1.25,2.49,,,
72328,ihealth-cluster,fjmadariagal/fjmadariagal,COMPLETED (exit code 0),1,2,00:21:48,49.25,00:22:08,1.25,2.49,,,
72329,ihealth-cluster,vruizval/vruizval,CANCELLED (exit code 0),,,00:00:00,0.00,00:00:00,0.00 MB (estimated maximum),0.00,1,,
72330,ihealth-cluster,vruizval/vruizval,COMPLETED (exit code 0),1,12,00:00:03,8.33,00:00:03,816.00 KB,0.00,,,
72331,ihealth-cluster,cgvallea/cgvallea,COMPLETED (exit code 0),1,20,04:43:28,62.07,00:22:50,8.28,51.77,,72319_15,
72332,ihealth-cluster,vruizval/vruizval,COMPLETED (exit code 0),1,12,00:00:03,6.25,00:00:04,97.83 MB,0.19,,,
72333,ihealth-cluster,pamessina/pamessina,TIMEOUT (exit code 0),1,8,00:01:21,0.09,03:00:10,13.19,65.96,,,
72334,ihealth-cluster,vruizval/vruizval,COMPLETED (exit code 0),1,12,00:00:02,5.56,00:00:03,62.94 MB,0.12,,,
72335,ihealth-cluster,vruizval/vruizval,COMPLETED (exit code 0),1,12,00:05:01,5.51,00:07:35,10.88,21.75,,,
72336,ihealth-cluster,vruizval/vruizval,COMPLETED (exit code 0),1,12,00:00:03,6.25,00:00:04,1.79 MB,0.00,,,
72337,ihealth-cluster,vruizval/vruizval,FAILED (exit code 1),1,12,02:22:07,19.73,01:00:02,7.91,15.82,,,
72338,ihealth-cluster,vruizval/vruizval,COMPLETED (exit code 0),1,12,00:00:06,5.00,00:00:10,131.77 MB,0.26,,,
72339,ihealth-cluster,vruizval/vruizval,COMPLETED (exit code 0),1,12,00:34:37,5.37,00:53:41,49.97,99.95,,,
72340,ihealth-cluster,vruizval/vruizval,FAILED (exit code 1),1,12,00:00:07,2.78,00:00:21,90.32 MB,0.18,,,
72341,ihealth-cluster,vruizval/vruizval,FAILED (exit code 1),1,12,16:08:55,15.83,08:29:57,33.67,67.33,,,
72342,ihealth-cluster,cgvallea/cgvallea,CANCELLED (exit code 0),1,2,00:00:02,0.02,01:06:45,79.83 MB,0.97,,,
72343,ihealth-cluster,cgvallea/cgvallea,COMPLETED (exit code 0),1,20,03:05:21,61.85,00:14:59,5.51,34.46,,72343_900,
72344,ihealth-cluster,pamessina/pamessina,TIMEOUT (exit code 0),1,8,00:04:23,0.30,03:00:26,17.85,89.23,,,
72345,ihealth-cluster,fjmadariagal/fjmadariagal,TIMEOUT (exit code 0),1,2,00:00:07,0.10,01:00:22,414.78 MB,10.37,,,
72346,ihealth-cluster,fjmadariagal/fjmadariagal,FAILED (exit code 1),1,2,00:00:14,28.00,00:00:25,72.54 MB,0.14,,,
72347,ihealth-cluster,cgvallea/cgvallea,TIMEOUT (exit code 0),1,2,00:19:22,5.37,03:00:18,2.18,27.25,,,
72348,ihealth-cluster,fjmadariagal/fjmadariagal,FAILED (exit code 1),1,2,00:00:12,33.33,00:00:18,52.32 MB,0.10,,,
72349,ihealth-cluster,pamessina/pamessina,CANCELLED (exit code 0),1,8,00:28:38,12.51,00:28:37,36.70,57.34,,,
72350,ihealth-cluster,pamessina/pamessina,COMPLETED (exit code 0),1,8,00:01:53,11.58,00:02:02,16.85,26.33,,,
72351,ihealth-cluster,pamessina/pamessina,COMPLETED (exit code 0),1,8,00:01:50,12.61,00:01:49,14.99,23.42,,,
72352,ihealth-cluster,pamessina/pamessina,CANCELLED (exit code 0),1,8,00:00:03,0.04,00:14:55,150.81 MB,0.74,,,
72353,ihealth-cluster,pamessina/pamessina,TIMEOUT (exit code 0),1,8,00:00:34,0.04,03:00:22,2.33,11.67,,,
72354,ihealth-cluster,pamessina/pamessina,COMPLETED (exit code 0),1,8,00:01:32,11.86,00:01:37,14.72,23.00,,,
72355,ihealth-cluster,pamessina/pamessina,COMPLETED (exit code 0),1,8,00:27:34,12.84,00:26:50,20.13,31.45,,,
72356,ihealth-cluster,pamessina/pamessina,CANCELLED (exit code 0),1,8,00:05:36,12.03,00:05:49,18.67,29.17,,,
72357,ihealth-cluster,pamessina/pamessina,CANCELLED (exit code 0),1,8,00:12:00,12.55,00:11:57,29.55,46.18,,,
72358,ihealth-cluster,pamessina/pamessina,CANCELLED (exit code 0),1,8,00:00:18,12.50,00:00:18,4.07,6.36,,,
72359,ihealth-cluster,pamessina/pamessina,COMPLETED (exit code 0),1,8,00:00:11,13.75,00:00:10,1.49 MB,0.00,,,
72360,ihealth-cluster,pamessina/pamessina,TIMEOUT (exit code 0),1,8,00:05:01,0.35,03:00:18,3.56,17.80,,,
72361,ihealth-cluster,pamessina/pamessina,COMPLETED (exit code 0),1,8,00:00:11,13.75,00:00:10,7.14 MB,0.01,,,
72362,ihealth-cluster,pamessina/pamessina,COMPLETED (exit code 0),1,8,00:01:46,12.38,00:01:47,14.55,22.74,,,
72363,ihealth-cluster,pamessina/pamessina,COMPLETED (exit code 0),1,8,11:49:52,12.65,11:41:29,63.97,99.96,,,
72364,ihealth-cluster,pamessina/pamessina,COMPLETED (exit code 0),1,8,00:17:28,12.72,00:17:10,15.02,23.46,,,
72365,ihealth-cluster,pamessina/pamessina,CANCELLED (exit code 0),,,00:00:00,0.00,00:00:00,0.00 MB (estimated maximum),0.00,1,,
72366,ihealth-cluster,fjmadariagal/fjmadariagal,COMPLETED (exit code 0),1,2,00:00:52,1.31,00:33:08,768.59 MB,19.21,,,
72367,ihealth-cluster,pamessina/pamessina,CANCELLED (exit code 0),,,00:00:00,0.00,00:00:00,0.00 MB (estimated maximum),0.00,1,,
72368,ihealth-cluster,pamessina/pamessina,COMPLETED (exit code 0),1,8,00:03:33,13.05,00:03:24,10.70,16.71,,,
72369,ihealth-cluster,fjmadariagal/fjmadariagal,COMPLETED (exit code 0),1,2,02:30:50,98.91,01:16:15,6.48,12.96,,,
72370,ihealth-cluster,fjmadariagal/fjmadariagal,COMPLETED (exit code 0),1,2,02:29:37,99.30,01:15:20,2.03,4.06,,,
72371,ihealth-cluster,fjmadariagal/fjmadariagal,CANCELLED (exit code 0),,,00:00:00,0.00,00:00:00,0.00 MB (estimated maximum),0.00,1,,
72372,ihealth-cluster,fjmadariagal/fjmadariagal,COMPLETED (exit code 0),1,2,02:16:22,98.22,01:09:25,25.72,51.43,,,
72373,ihealth-cluster,fjmadariagal/fjmadariagal,COMPLETED (exit code 0),1,2,02:16:57,98.81,01:09:18,2.40,4.79,,,
72374,ihealth-cluster,pamessina/pamessina,TIMEOUT (exit code 0),1,8,00:03:24,0.24,03:00:22,3.96,19.80,,,
72375,ihealth-cluster,cgvallea/cgvallea,CANCELLED (exit code 0),1,2,00:11:16,5.17,01:48:58,1.46,18.25,,,
72376,ihealth-cluster,nagarrido/nagarrido,CANCELLED (exit code 0),,,00:00:00,0.00,00:00:00,0.00 MB (estimated maximum),0.00,1,,
72377,ihealth-cluster,vruizval/vruizval,COMPLETED (exit code 0),1,12,17:28:15,15.09,09:38:56,38.99,77.99,,,
72378,ihealth-cluster,vruizval/vruizval,COMPLETED (exit code 0),1,12,02:31:22,17.89,01:10:31,11.91,23.83,,,
72379,ihealth-cluster,bllancao/bllancao,COMPLETED (exit code 0),1,20,01:24:02,9.11,00:46:07,20.22,20.22,,,
72380,ihealth-cluster,bllancao/bllancao,CANCELLED (exit code 0),1,20,00:00:35,3.02,00:00:58,1.10,1.10,,,
72381,ihealth-cluster,dcampanini/dcampanini,FAILED (exit code 1),1,4,00:02:03,24.02,00:02:08,3.97,99.32,,,
72382,ihealth-cluster,dcampanini/dcampanini,FAILED (exit code 1),1,4,00:01:57,25.88,00:01:53,3.97,99.32,,,
72383,ihealth-cluster,dcampanini/dcampanini,FAILED (exit code 1),1,4,00:01:57,25.88,00:01:53,3.97,99.32,,,
72384,ihealth-cluster,dcampanini/dcampanini,FAILED (exit code 1),1,4,00:01:57,25.66,00:01:54,3.97,99.32,,,
72385,ihealth-cluster,dcampanini/dcampanini,COMPLETED (exit code 0),1,4,00:01:54,25.68,00:01:51,3.97,99.32,,,
72386,ihealth-cluster,dibarrera/dibarrera,CANCELLED (exit code 0),1,10,00:11:48,10.13,00:11:39,46.63,46.63,,,
72387,ihealth-cluster,dibarrera/dibarrera,CANCELLED (exit code 0),1,10,00:10:40,9.51,00:11:13,14.15,14.15,,,
72388,ihealth-cluster,dcampanini/dcampanini,COMPLETED (exit code 0),1,4,00:01:53,26.16,00:01:48,3.97,99.32,,,
72389,ihealth-cluster,dibarrera/dibarrera,CANCELLED (exit code 0),1,10,00:00:15,10.00,00:00:15,831.86 MB,0.81,,,
72390,ihealth-cluster,dcampanini/dcampanini,COMPLETED (exit code 0),1,4,00:01:49,25.00,00:01:49,3.97,99.32,,,
72391,ihealth-cluster,dcampanini/dcampanini,COMPLETED (exit code 0),1,4,00:01:50,26.19,00:01:45,3.94,98.49,,,
72392,ihealth-cluster,dcampanini/dcampanini,COMPLETED (exit code 0),1,4,00:01:50,26.44,00:01:44,3.97,99.32,,,
72393,ihealth-cluster,dcampanini/dcampanini,COMPLETED (exit code 0),1,4,00:01:50,28.65,00:01:36,3.97,99.32,,,
72394,ihealth-cluster,dcampanini/dcampanini,COMPLETED (exit code 0),1,4,00:02:10,29.02,00:01:52,2.68,67.00,,,
72395,ihealth-cluster,nagarrido/nagarrido,COMPLETED (exit code 0),1,20,00:00:16,5.00,00:00:16,787.41 MB,0.96,,,
72396,ihealth-cluster,nagarrido/nagarrido,COMPLETED (exit code 0),1,20,00:00:15,4.69,00:00:16,781.61 MB,0.95,,,
72397,ihealth-cluster,dibarrera/dibarrera,FAILED (exit code 1),1,10,00:04:14,11.55,00:03:40,1.88,1.88,,,
72398,ihealth-cluster,nagarrido/nagarrido,COMPLETED (exit code 0),1,20,6-22:51:07,42.79,19:29:48,66.09,82.61,,,
72399,ihealth-cluster,nagarrido/nagarrido,COMPLETED (exit code 0),1,20,7-03:30:50,43.24,19:50:01,65.61,82.02,,,
72400,ihealth-cluster,nagarrido/nagarrido,CANCELLED (exit code 0),,,00:00:00,0.00,00:00:00,0.00 MB (estimated maximum),0.00,1,,
72401,ihealth-cluster,nagarrido/nagarrido,CANCELLED (exit code 0),,,00:00:00,0.00,00:00:00,0.00 MB (estimated maximum),0.00,1,,
72402,ihealth-cluster,dibarrera/dibarrera,FAILED (exit code 1),1,10,00:03:01,11.31,00:02:40,1.46,1.46,,,
72403,ihealth-cluster,dcampanini/dcampanini,COMPLETED (exit code 0),1,4,00:01:44,27.08,00:01:36,1.33,33.33,,,
72404,ihealth-cluster,dcampanini/dcampanini,COMPLETED (exit code 0),1,4,00:01:51,26.94,00:01:43,3.97,99.31,,,
72405,ihealth-cluster,dcampanini/dcampanini,COMPLETED (exit code 0),1,4,00:02:09,28.04,00:01:55,3.97,99.32,,,
72406,ihealth-cluster,dcampanini/dcampanini,COMPLETED (exit code 0),1,4,00:02:01,26.77,00:01:53,3.97,99.32,,,
72407,ihealth-cluster,dibarrera/dibarrera,OUT_OF_MEMORY (exit code 0),1,10,00:04:03,11.25,00:03:36,88.86,88.86,,,
72408,ihealth-cluster,dibarrera/dibarrera,OUT_OF_MEMORY (exit code 0),1,10,00:03:47,11.07,00:03:25,65.92,65.92,,,
72409,ihealth-cluster,dibarrera/dibarrera,OUT_OF_MEMORY (exit code 0),1,10,00:03:52,11.26,00:03:26,58.25,58.25,,,
72410,ihealth-cluster,bllancao/bllancao,CANCELLED (exit code 0),1,20,00:02:48,14.00,00:01:00,4.28,4.28,,,
72411,ihealth-cluster,bllancao/bllancao,COMPLETED (exit code 0),1,6,01:55:10,14.77,02:09:59,45.50,90.99,,,
72412,ihealth-cluster,bllancao/bllancao,COMPLETED (exit code 0),1,20,00:42:05,9.08,00:23:10,18.28,18.28,,,
72413,ihealth-cluster,dcampanini/dcampanini,COMPLETED (exit code 0),1,4,00:01:44,27.08,00:01:36,1.50,37.40,,,
72414,ihealth-cluster,dcampanini/dcampanini,CANCELLED (exit code 0),,,00:00:00,0.00,00:00:00,0.00 MB (estimated maximum),0.00,1,,
72415,ihealth-cluster,dcampanini/dcampanini,COMPLETED (exit code 0),1,4,00:01:40,12.32,00:03:23,3.97,99.34,,,
72416,ihealth-cluster,dcampanini/dcampanini,COMPLETED (exit code 0),1,4,00:01:35,13.34,00:02:58,3.97,99.34,,,
72417,ihealth-cluster,dibarrera/dibarrera,TIMEOUT (exit code 0),1,10,05:00:34,10.01,05:00:10,3.91,3.91,,,
72418,ihealth-cluster,dcampanini/dcampanini,COMPLETED (exit code 0),1,4,08:07:16,25.16,08:04:12,15.97,99.83,,,
72419,ihealth-cluster,dibarrera/dibarrera,FAILED (exit code 1),1,10,00:02:49,11.19,00:02:31,1.70,1.70,,,
72420,ihealth-cluster,bllancao/bllancao,CANCELLED (exit code 0),1,6,00:05:17,14.88,00:05:55,3.65,7.31,,,
72421,ihealth-cluster,bllancao/bllancao,FAILED (exit code 1),1,6,00:00:01,8.33,00:00:02,2.77 MB,0.01,,,
72422,ihealth-cluster,bllancao/bllancao,FAILED (exit code 1),1,6,00:00:01,8.33,00:00:02,216.00 KB,0.00,,,
72423,ihealth-cluster,bllancao/bllancao,FAILED (exit code 1),1,6,00:00:12,22.22,00:00:09,16.30 MB,0.03,,,
72424,ihealth-cluster,bllancao/bllancao,FAILED (exit code 1),1,6,00:00:12,25.00,00:00:08,268.00 KB,0.00,,,
72425,ihealth-cluster,bllancao/bllancao,FAILED (exit code 1),1,6,00:00:12,22.22,00:00:09,424.00 KB,0.00,,,
72426,ihealth-cluster,bllancao/bllancao,FAILED (exit code 1),1,6,00:00:12,22.22,00:00:09,344.00 KB,0.00,,,
72427,ihealth-cluster,bllancao/bllancao,FAILED (exit code 1),1,6,00:00:16,24.24,00:00:11,2.63 MB,0.01,,,
72428,ihealth-cluster,bllancao/bllancao,FAILED (exit code 1),1,6,00:00:16,24.24,00:00:11,4.92 MB,0.01,,,
72429,ihealth-cluster,bllancao/bllancao,FAILED (exit code 1),1,6,00:00:17,23.61,00:00:12,5.86 MB,0.01,,,
72430,ihealth-cluster,bllancao/bllancao,FAILED (exit code 1),1,6,00:00:16,24.24,00:00:11,252.00 KB,0.00,,,
72431,ihealth-cluster,bllancao/bllancao,FAILED (exit code 1),1,6,00:00:16,24.24,00:00:11,324.00 KB,0.00,,,
72432,ihealth-cluster,bllancao/bllancao,FAILED (exit code 1),1,6,00:00:16,24.24,00:00:11,260.00 KB,0.00,,,
72433,ihealth-cluster,bllancao/bllancao,FAILED (exit code 1),1,6,00:00:23,25.56,00:00:15,5.21 MB,0.01,,,
72434,ihealth-cluster,bllancao/bllancao,FAILED (exit code 1),1,6,00:00:25,26.04,00:00:16,1.62 MB,0.00,,,
72435,ihealth-cluster,bllancao/bllancao,FAILED (exit code 1),1,6,00:00:17,21.79,00:00:13,992.00 KB,0.00,,,
72436,ihealth-cluster,bllancao/bllancao,FAILED (exit code 1),1,6,00:00:16,24.24,00:00:11,3.82 MB,0.01,,,
72437,ihealth-cluster,bllancao/bllancao,FAILED (exit code 1),1,6,00:00:16,24.24,00:00:11,276.00 KB,0.00,,,
72438,ihealth-cluster,bllancao/bllancao,FAILED (exit code 1),1,6,00:00:16,24.24,00:00:11,636.00 KB,0.00,,,
72439,ihealth-cluster,bllancao/bllancao,FAILED (exit code 1),1,6,00:00:16,24.24,00:00:11,112.00 KB,0.00,,,
72440,ihealth-cluster,bllancao/bllancao,FAILED (exit code 1),1,6,00:00:16,24.24,00:00:11,1.15 MB,0.00,,,
72441,ihealth-cluster,bllancao/bllancao,FAILED (exit code 1),1,6,00:00:17,21.79,00:00:13,168.00 KB,0.00,,,
72442,ihealth-cluster,bllancao/bllancao,FAILED (exit code 1),1,6,00:00:16,24.24,00:00:11,1.33 MB,0.00,,,
72443,ihealth-cluster,bllancao/bllancao,FAILED (exit code 1),1,6,00:00:16,24.24,00:00:11,1.57 MB,0.00,,,
72444,ihealth-cluster,bllancao/bllancao,FAILED (exit code 1),1,6,00:00:15,22.73,00:00:11,148.00 KB,0.00,,,
72445,ihealth-cluster,bllancao/bllancao,FAILED (exit code 1),1,6,00:00:16,24.24,00:00:11,152.00 KB,0.00,,,
72446,ihealth-cluster,bllancao/bllancao,FAILED (exit code 1),1,6,00:00:16,24.24,00:00:11,140.00 KB,0.00,,,
72447,ihealth-cluster,bllancao/bllancao,FAILED (exit code 1),1,6,00:00:16,24.24,00:00:11,208.00 KB,0.00,,,
72448,ihealth-cluster,bllancao/bllancao,FAILED (exit code 1),1,6,00:00:16,24.24,00:00:11,280.00 KB,0.00,,,
72449,ihealth-cluster,bllancao/bllancao,FAILED (exit code 1),1,6,00:00:23,22.55,00:00:17,3.25 MB,0.01,,,
72450,ihealth-cluster,bllancao/bllancao,FAILED (exit code 1),1,6,00:00:23,23.96,00:00:16,3.23 MB,0.01,,,
72451,ihealth-cluster,bllancao/bllancao,FAILED (exit code 1),1,6,00:00:23,23.96,00:00:16,6.79 MB,0.01,,,
72452,ihealth-cluster,bllancao/bllancao,FAILED (exit code 1),1,6,00:00:23,22.55,00:00:17,3.34 MB,0.01,,,
72453,ihealth-cluster,bllancao/bllancao,FAILED (exit code 1),1,6,00:00:24,22.22,00:00:18,4.23 MB,0.01,,,
72454,ihealth-cluster,bllancao/bllancao,FAILED (exit code 1),1,6,00:00:25,23.15,00:00:18,5.31 MB,0.01,,,
72455,ihealth-cluster,bllancao/bllancao,FAILED (exit code 1),1,6,00:00:16,24.24,00:00:11,1.39 MB,0.00,,,
72456,ihealth-cluster,bllancao/bllancao,FAILED (exit code 1),1,6,00:00:16,22.22,00:00:12,244.00 KB,0.00,,,
72457,ihealth-cluster,bllancao/bllancao,FAILED (exit code 1),1,6,00:00:16,24.24,00:00:11,240.00 KB,0.00,,,
72458,ihealth-cluster,bllancao/bllancao,FAILED (exit code 1),1,6,00:00:26,22.81,00:00:19,5.77 MB,0.01,,,
72459,ihealth-cluster,bllancao/bllancao,FAILED (exit code 1),1,6,00:00:26,22.81,00:00:19,5.85 MB,0.01,,,
72460,ihealth-cluster,bllancao/bllancao,FAILED (exit code 1),1,6,00:00:23,22.55,00:00:17,4.80 MB,0.01,,,
72461,ihealth-cluster,bllancao/bllancao,FAILED (exit code 1),1,6,00:00:55,20.83,00:00:44,2.27,4.53,,,
72462,ihealth-cluster,bllancao/bllancao,CANCELLED (exit code 0),1,6,00:03:56,20.07,00:03:16,2.47,4.95,,,
72463,ihealth-cluster,bllancao/bllancao,FAILED (exit code 1),1,6,00:10:16,20.05,00:08:32,2.86,5.72,,,
72464,ihealth-cluster,bllancao/bllancao,CANCELLED (exit code 0),1,6,00:02:06,17.50,00:02:00,1.80,3.60,,,
72465,ihealth-cluster,bllancao/bllancao,FAILED (exit code 1),1,6,00:10:21,20.02,00:08:37,2.90,5.80,,,
72466,ihealth-cluster,bllancao/bllancao,FAILED (exit code 1),1,6,00:10:20,19.99,00:08:37,2.78,5.56,,,
72467,ihealth-cluster,bllancao/bllancao,FAILED (exit code 1),1,6,00:00:24,20.00,00:00:20,268.00 KB,0.00,,,
72468,ihealth-cluster,bllancao/bllancao,FAILED (exit code 1),1,6,00:00:24,20.00,00:00:20,168.00 KB,0.00,,,
72469,ihealth-cluster,bllancao/bllancao,FAILED (exit code 1),1,6,00:00:25,20.83,00:00:20,120.00 KB,0.00,,,
72470,ihealth-cluster,bllancao/bllancao,FAILED (exit code 1),1,6,00:10:23,19.97,00:08:40,2.81,5.62,,,
72471,ihealth-cluster,bllancao/bllancao,CANCELLED (exit code 0),1,6,00:04:30,20.00,00:03:45,3.03,6.06,,,
72472,ihealth-cluster,bllancao/bllancao,FAILED (exit code 1),1,6,00:08:02,19.50,00:06:52,2.90,5.80,,,
72473,ihealth-cluster,bllancao/bllancao,CANCELLED (exit code 0),1,20,00:09:31,9.88,00:04:49,14.07,14.07,,,
72474,ihealth-cluster,bllancao/bllancao,CANCELLED (exit code 0),1,20,00:13:17,9.27,00:07:10,17.06,17.06,,,
72475,ihealth-cluster,bllancao/bllancao,COMPLETED (exit code 0),1,20,1-02:21:43,8.74,15:04:44,79.49,79.49,,,
72476,ihealth-cluster,nagarrido/nagarrido,COMPLETED (exit code 0),1,20,1-16:13:23,57.68,03:29:13,52.40,65.50,,,
72477,ihealth-cluster,nagarrido/nagarrido,COMPLETED (exit code 0),1,20,09:15:18,60.64,00:45:47,37.09,46.36,,,
72478,ihealth-cluster,nagarrido/nagarrido,COMPLETED (exit code 0),1,20,6-22:37:58,43.12,19:19:12,67.00,83.75,,,
72479,ihealth-cluster,nagarrido/nagarrido,COMPLETED (exit code 0),1,20,7-02:19:52,43.69,19:29:28,66.52,83.14,,,
72480,ihealth-cluster,nagarrido/nagarrido,COMPLETED (exit code 0),1,20,6-22:20:13,42.11,19:45:08,64.64,80.81,,,
72481,ihealth-cluster,nagarrido/nagarrido,CANCELLED (exit code 0),,,00:00:00,0.00,00:00:00,0.00 MB (estimated maximum),0.00,1,,
72482,ihealth-cluster,dibarrera/dibarrera,OUT_OF_MEMORY (exit code 0),1,10,00:02:56,10.35,00:02:50,77.56,77.56,,,
72483,ihealth-cluster,dibarrera/dibarrera,OUT_OF_MEMORY (exit code 0),1,10,00:02:46,10.31,00:02:41,93.16,93.16,,,
72484,ihealth-cluster,dibarrera/dibarrera,CANCELLED (exit code 0),1,10,00:20:31,22.46,00:09:08,58.80,58.80,,,
72485,ihealth-cluster,mgonzalez/mgonzalez,TIMEOUT (exit code 0),1,2,00:19:50,16.50,01:00:06,3.76,18.80,,,
72486,ihealth-cluster,dibarrera/dibarrera,CANCELLED (exit code 0),1,10,03:37:00,25.80,01:24:06,40.66,40.66,,,
72487,ihealth-cluster,mgonzalez/mgonzalez,TIMEOUT (exit code 0),1,2,00:17:57,14.92,01:00:10,2.23,11.15,,,
72488,ihealth-cluster,dibarrera/dibarrera,CANCELLED (exit code 0),1,10,00:50:49,27.52,00:18:28,10.20,10.20,,,
72489,ihealth-cluster,dibarrera/dibarrera,CANCELLED (exit code 0),1,10,00:16:16,24.46,00:06:39,10.37,10.37,,,
72490,ihealth-cluster,dibarrera/dibarrera,FAILED (exit code 1),1,10,06:14:56,30.18,02:04:15,10.19,10.19,,,
72491,ihealth-cluster,mgonzalez/mgonzalez,TIMEOUT (exit code 0),1,2,00:23:34,19.51,01:00:24,2.34,11.71,,,
72492,ihealth-cluster,dibarrera/dibarrera,TIMEOUT (exit code 0),1,10,13:33:20,27.11,05:00:03,35.23,35.23,,,
72493,ihealth-cluster,dibarrera/dibarrera,CANCELLED (exit code 0),,,00:00:00,0.00,00:00:00,0.00 MB (estimated maximum),0.00,1,,
72494,ihealth-cluster,dibarrera/dibarrera,CANCELLED (exit code 0),,,00:00:00,0.00,00:00:00,0.00 MB (estimated maximum),0.00,1,,
72495,ihealth-cluster,nagarrido/nagarrido,COMPLETED (exit code 0),1,20,09:16:23,60.41,00:46:03,36.51,45.64,,,
72496,ihealth-cluster,nagarrido/nagarrido,COMPLETED (exit code 0),1,20,00:00:12,5.00,00:00:12,4.18 MB,0.01,,,
72497,ihealth-cluster,dibarrera/dibarrera,COMPLETED (exit code 0),1,10,4-14:01:20,27.74,1-15:39:42,81.90,81.90,,,
72498,ihealth-cluster,dibarrera/dibarrera,FAILED (exit code 1),1,10,00:00:05,10.00,00:00:05,1.16 MB,0.00,,,
72499,ihealth-cluster,mgonzalez/mgonzalez,TIMEOUT (exit code 0),1,2,00:06:00,4.97,01:00:21,1.73,8.67,,,
72500,ihealth-cluster,chriscidl/chriscidl,CANCELLED (exit code 0),1,2,00:42:59,25.81,01:23:17,4.69,23.44,,,
72501,ihealth-cluster,fjmadariagal/fjmadariagal,FAILED (exit code 137),1,2,00:00:02,0.40,00:04:09,145.39 MB,3.63,,,
72502,ihealth-cluster,fjmadariagal/fjmadariagal,FAILED (exit code 255),1,2,00:27:32,94.83,00:14:31,17.66,35.31,,,
72503,ihealth-cluster,nagarrido/nagarrido,COMPLETED (exit code 0),1,20,7-02:22:47,43.08,19:46:29,63.91,79.89,,,
72504,ihealth-cluster,dibarrera/dibarrera,FAILED (exit code 1),1,10,00:00:09,11.25,00:00:08,1.53 MB,0.00,,,
72505,ihealth-cluster,chriscidl/chriscidl,CANCELLED (exit code 0),1,2,03:25:14,59.74,02:51:46,3.39,16.96,,,
72506,ihealth-cluster,dcampanini/dcampanini,COMPLETED (exit code 0),1,4,00:14:15,53.57,00:06:39,1.65,10.33,,,
72507,ihealth-cluster,dibarrera/dibarrera,FAILED (exit code 1),1,10,01:52:29,10.01,01:52:22,916.40 MB,0.89,,,
72508,ihealth-cluster,dcampanini/dcampanini,COMPLETED (exit code 0),1,4,00:13:48,53.91,00:06:24,952.87 MB,5.82,,,
72509,ihealth-cluster,dcampanini/dcampanini,COMPLETED (exit code 0),1,4,00:13:49,53.97,00:06:24,1.09,6.80,,,
72510,ihealth-cluster,dcampanini/dcampanini,COMPLETED (exit code 0),1,4,00:13:41,53.73,00:06:22,948.77 MB,5.79,,,
72511,ihealth-cluster,chriscidl/chriscidl,CANCELLED (exit code 0),1,2,01:44:13,44.82,01:56:16,3.51,17.53,,,
72512,ihealth-cluster,dcampanini/dcampanini,FAILED (exit code 1),1,4,00:00:05,25.00,00:00:05,232.00 KB,0.00,,,
72513,ihealth-cluster,dcampanini/dcampanini,FAILED (exit code 1),1,4,00:00:05,25.00,00:00:05,256.00 KB,0.00,,,
72514,ihealth-cluster,dcampanini/dcampanini,FAILED (exit code 1),1,4,00:00:06,25.00,00:00:06,196.00 KB,0.00,,,
72515,ihealth-cluster,dcampanini/dcampanini,FAILED (exit code 1),1,4,00:00:05,25.00,00:00:05,112.00 KB,0.00,,,
72516,ihealth-cluster,dcampanini/dcampanini,FAILED (exit code 1),1,4,00:00:16,44.44,00:00:09,172.00 KB,0.00,,,
72517,ihealth-cluster,chriscidl/chriscidl,TIMEOUT (exit code 0),1,2,01:44:38,29.04,03:00:08,3.24,16.22,,,
72518,ihealth-cluster,dcampanini/dcampanini,COMPLETED (exit code 0),1,4,01:10:04,54.85,00:31:56,1013.08 MB,6.18,,,
72519,ihealth-cluster,dcampanini/dcampanini,COMPLETED (exit code 0),1,4,00:15:26,56.74,00:06:48,934.69 MB,5.70,,,
72520,ihealth-cluster,fjmadariagal/fjmadariagal,FAILED (exit code 137),1,2,00:00:01,1.25,00:00:40,75.28 MB,1.88,,,
72521,ihealth-cluster,fjmadariagal/fjmadariagal,COMPLETED (exit code 0),1,2,02:24:40,99.38,01:12:47,5.29,10.57,,,
72522,ihealth-cluster,bllancao/bllancao,COMPLETED (exit code 0),1,6,01:42:48,14.43,01:58:44,26.61,53.23,,,
72523,ihealth-cluster,dcampanini/dcampanini,COMPLETED (exit code 0),1,4,00:15:22,56.91,00:06:45,950.04 MB,5.80,,,
72524,ihealth-cluster,dcampanini/dcampanini,COMPLETED (exit code 0),1,4,00:15:03,56.30,00:06:41,921.03 MB,5.62,,,
72525,ihealth-cluster,rmarcar/rmarcar,FAILED (exit code 1),1,16,18:30:02,19.60,05:54:03,28.52,44.56,,,
72526,ihealth-cluster,dcampanini/dcampanini,CANCELLED (exit code 0),1,4,00:00:00,0.00,00:00:44,8.00 KB,0.00,,,
72527,ihealth-cluster,dcampanini/dcampanini,CANCELLED (exit code 0),1,2,00:00:53,0.69,01:04:27,705.97 MB,6.89,,,
72528,ihealth-cluster,nagarrido/nagarrido,COMPLETED (exit code 0),1,20,00:00:11,4.58,00:00:12,512.33 MB,0.63,,,
72529,ihealth-cluster,nagarrido/nagarrido,COMPLETED (exit code 0),1,20,1-23:00:15,61.10,03:50:47,52.48,65.60,,,
72530,ihealth-cluster,bllancao/bllancao,CANCELLED (exit code 0),1,20,00:00:00,0.00,00:00:00,0.00 MB (estimated maximum),0.00,,,
72531,ihealth-cluster,bllancao/bllancao,COMPLETED (exit code 0),1,20,2-06:17:44,25.54,10:37:41,80.35,80.35,,,
72532,ihealth-cluster,nagarrido/nagarrido,COMPLETED (exit code 0),1,20,6-21:03:18,43.72,18:52:40,65.28,81.60,,,
72533,ihealth-cluster,dibarrera/dibarrera,COMPLETED (exit code 0),1,10,01:28:08,10.02,01:27:58,931.59 MB,0.91,,,
72534,ihealth-cluster,nagarrido/nagarrido,COMPLETED (exit code 0),1,20,7-02:33:23,45.59,18:42:21,65.59,81.99,,,
72535,ihealth-cluster,nagarrido/nagarrido,COMPLETED (exit code 0),1,20,7-02:05:07,43.62,19:29:46,66.09,82.62,,,
72536,ihealth-cluster,nagarrido/nagarrido,COMPLETED (exit code 0),1,20,7-05:36:12,45.20,19:12:18,65.95,82.44,,,
72537,ihealth-cluster,nagarrido/nagarrido,COMPLETED (exit code 0),1,20,6-16:19:33,43.16,18:34:32,64.76,80.95,,,
72538,ihealth-cluster,dibarrera/dibarrera,COMPLETED (exit code 0),1,10,01:28:00,10.02,01:27:51,673.55 MB,0.66,,,
72539,ihealth-cluster,dibarrera/dibarrera,COMPLETED (exit code 0),1,10,01:57:58,10.02,01:57:41,726.47 MB,0.71,,,
72540,ihealth-cluster,vruizval/vruizval,CANCELLED (exit code 0),,,00:00:00,0.00,00:00:00,0.00 MB (estimated maximum),0.00,1,,
72541,ihealth-cluster,vruizval/vruizval,FAILED (exit code 1),1,12,00:00:06,6.25,00:00:08,238.89 MB,0.47,,,
72542,ihealth-cluster,vruizval/vruizval,FAILED (exit code 1),1,12,00:00:06,6.25,00:00:08,210.62 MB,0.41,,,
72543,ihealth-cluster,vruizval/vruizval,FAILED (exit code 1),1,12,00:00:04,8.33,00:00:04,604.00 KB,0.00,,,
72544,ihealth-cluster,vruizval/vruizval,COMPLETED (exit code 0),1,12,02:35:41,15.10,01:25:56,13.40,26.81,,,
72545,ihealth-cluster,vruizval/vruizval,COMPLETED (exit code 0),1,12,03:09:49,20.40,01:17:32,13.67,27.34,,,
72546,ihealth-cluster,vruizval/vruizval,FAILED (exit code 1),1,12,00:47:05,15.23,00:25:46,7.24,14.49,,,
72547,ihealth-cluster,vruizval/vruizval,FAILED (exit code 1),1,12,00:00:07,8.33,00:00:07,1.34 MB,0.00,,,
72548,ihealth-cluster,vruizval/vruizval,FAILED (exit code 1),1,12,00:00:09,9.38,00:00:08,560.00 KB,0.00,,,
72549,ihealth-cluster,vruizval/vruizval,FAILED (exit code 1),1,12,00:00:08,9.52,00:00:07,616.00 KB,0.00,,,
72550,ihealth-cluster,vruizval/vruizval,FAILED (exit code 1),1,12,00:00:04,8.33,00:00:04,472.00 KB,0.00,,,
72551,ihealth-cluster,vruizval/vruizval,FAILED (exit code 139),1,12,00:10:11,11.57,00:07:20,6.37,12.75,,,
72552,ihealth-cluster,vruizval/vruizval,CANCELLED (exit code 0),,,00:00:00,0.00,00:00:00,0.00 MB (estimated maximum),0.00,1,,
72553,ihealth-cluster,vruizval/vruizval,COMPLETED (exit code 0),1,12,02:36:05,15.22,01:25:28,9.79,19.59,,,
72554,ihealth-cluster,vruizval/vruizval,COMPLETED (exit code 0),1,12,03:09:12,20.49,01:16:56,12.55,25.09,,,
72555,ihealth-cluster,vruizval/vruizval,FAILED (exit code 1),1,12,00:00:09,6.82,00:00:11,72.81 MB,0.14,,,
72556,ihealth-cluster,vruizval/vruizval,FAILED (exit code 1),1,12,00:00:08,9.52,00:00:07,608.00 KB,0.00,,,
72557,ihealth-cluster,vruizval/vruizval,COMPLETED (exit code 0),1,12,03:02:09,21.35,01:11:06,9.56,19.13,,,
72558,ihealth-cluster,vruizval/vruizval,FAILED (exit code 1),1,12,00:00:07,7.29,00:00:08,484.00 KB,0.00,,,
72559,ihealth-cluster,vruizval/vruizval,FAILED (exit code 1),1,12,00:00:09,9.38,00:00:08,880.00 KB,0.00,,,
72560,ihealth-cluster,bllancao/bllancao,COMPLETED (exit code 0),1,20,1-08:23:46,15.79,10:15:21,99.26,99.26,,,
72561,ihealth-cluster,rmarcar/rmarcar,COMPLETED (exit code 0),1,16,1-06:15:36,15.43,12:15:25,24.95,38.99,,,
72562,ihealth-cluster,rmarcar/rmarcar,COMPLETED (exit code 0),1,16,1-05:53:42,14.84,12:35:30,29.23,45.68,,,
72563,ihealth-cluster,rmarcar/rmarcar,COMPLETED (exit code 0),1,16,1-17:20:44,18.31,14:06:40,31.98,49.96,,,
72564,ihealth-cluster,jacastro/jacastro,TIMEOUT (exit code 0),1,2,00:00:00,0.00,00:02:03,0.00 MB (estimated maximum),0.00,,,
72565,ihealth-cluster,jacastro/jacastro,TIMEOUT (exit code 0),1,2,00:00:02,0.48,00:03:29,828.00 KB,0.04,,,
72566,ihealth-cluster,jacastro/jacastro,TIMEOUT (exit code 0),1,2,00:00:00,0.00,00:05:25,0.00 MB (estimated maximum),0.00,,,
72567,ihealth-cluster,jacastro/jacastro,TIMEOUT (exit code 0),1,2,00:00:04,0.55,00:06:05,168.20 MB,8.21,,,
72568,ihealth-cluster,jacastro/jacastro,TIMEOUT (exit code 0),1,2,00:00:00,0.00,00:12:20,2.65 MB,0.06,,,
72569,ihealth-cluster,vruizval/vruizval,FAILED (exit code 1),1,12,00:00:05,8.33,00:00:05,57.11 MB,0.11,,,
72570,ihealth-cluster,vruizval/vruizval,FAILED (exit code 1),1,12,00:00:08,6.06,00:00:11,3.45 MB,0.01,,,
72571,ihealth-cluster,vruizval/vruizval,FAILED (exit code 1),1,12,00:00:05,10.42,00:00:04,408.00 KB,0.00,,,
72572,ihealth-cluster,vruizval/vruizval,FAILED (exit code 1),1,12,00:00:08,9.52,00:00:07,49.91 MB,0.10,,,
72573,ihealth-cluster,vruizval/vruizval,FAILED (exit code 1),1,12,00:00:04,8.33,00:00:04,2.55 MB,0.00,,,
72574,ihealth-cluster,vruizval/vruizval,FAILED (exit code 1),1,12,00:00:08,9.52,00:00:07,9.00 MB,0.02,,,
72575,ihealth-cluster,vruizval/vruizval,COMPLETED (exit code 0),1,12,02:32:59,16.49,01:17:18,8.55,17.09,,,
72576,ihealth-cluster,vruizval/vruizval,FAILED (exit code 1),1,12,00:00:05,8.33,00:00:05,26.71 MB,0.05,,,
72577,ihealth-cluster,vruizval/vruizval,FAILED (exit code 1),1,12,00:00:05,10.42,00:00:04,440.00 KB,0.00,,,
72578,ihealth-cluster,vruizval/vruizval,FAILED (exit code 1),1,12,00:00:05,10.42,00:00:04,480.00 KB,0.00,,,
72579,ihealth-cluster,vruizval/vruizval,FAILED (exit code 1),1,12,01:17:06,16.60,00:38:42,9.21,18.42,,,
72580,ihealth-cluster,vruizval/vruizval,FAILED (exit code 1),1,12,00:12:35,14.23,00:07:22,7.85,15.70,,,
72581,ihealth-cluster,vruizval/vruizval,CANCELLED (exit code 0),1,12,01:20:16,16.93,00:39:30,9.10,18.21,,,
72582,ihealth-cluster,vruizval/vruizval,FAILED (exit code 1),1,12,00:00:08,9.52,00:00:07,344.00 KB,0.00,,,
72583,ihealth-cluster,vruizval/vruizval,FAILED (exit code 1),1,12,00:00:09,10.71,00:00:07,428.00 KB,0.00,,,
72584,ihealth-cluster,vruizval/vruizval,FAILED (exit code 1),1,12,00:00:09,9.38,00:00:08,440.00 KB,0.00,,,
72585,ihealth-cluster,vruizval/vruizval,CANCELLED (exit code 0),1,12,00:03:02,10.68,00:02:22,6.30,12.61,,,
72586,ihealth-cluster,vruizval/vruizval,CANCELLED (exit code 0),1,12,00:01:24,13.21,00:00:53,5.99,11.99,,,
72587,ihealth-cluster,vruizval/vruizval,CANCELLED (exit code 0),1,12,00:00:07,19.44,00:00:03,1.86,3.71,,,
72588,ihealth-cluster,vruizval/vruizval,CANCELLED (exit code 0),1,12,00:00:24,8.70,00:00:23,2.30,4.60,,,
72589,ihealth-cluster,vruizval/vruizval,CANCELLED (exit code 0),1,12,00:00:22,8.73,00:00:21,2.23,4.45,,,
72590,ihealth-cluster,vruizval/vruizval,COMPLETED (exit code 0),1,12,02:33:47,16.24,01:18:56,9.96,19.92,,,
72591,ihealth-cluster,vruizval/vruizval,COMPLETED (exit code 0),1,12,02:42:55,15.54,01:27:22,9.71,19.43,,,
72592,ihealth-cluster,vruizval/vruizval,COMPLETED (exit code 0),1,12,02:34:05,16.34,01:18:35,9.80,19.60,,,
72593,ihealth-cluster,bllancao/bllancao,COMPLETED (exit code 0),1,20,1-03:05:17,8.59,15:46:09,92.49,92.49,,,
72594,ihealth-cluster,rmarcar/rmarcar,COMPLETED (exit code 0),1,16,01:16:27,18.38,00:26:00,20.55,32.12,,,
72595,ihealth-cluster,rmarcar/rmarcar,TIMEOUT (exit code 0),1,16,6-06:57:43,13.10,3-00:00:23,32.39,50.61,,,
72596,ihealth-cluster,fjmadariagal/fjmadariagal,COMPLETED (exit code 0),1,2,00:00:01,0.15,00:05:37,104.25 MB,2.61,,,
72597,ihealth-cluster,fjmadariagal/fjmadariagal,COMPLETED (exit code 0),1,2,00:00:02,0.23,00:07:20,141.63 MB,3.54,,,
72598,ihealth-cluster,fjmadariagal/fjmadariagal,FAILED (exit code 1),,,00:00:00,0.00,00:00:00,0.00 MB (estimated maximum),0.00,1,,
72599,ihealth-cluster,fjmadariagal/fjmadariagal,COMPLETED (exit code 0),1,2,00:00:01,0.16,00:05:15,130.21 MB,3.26,,,
72600,ihealth-cluster,jacastro/jacastro,COMPLETED (exit code 0),1,2,00:00:03,0.30,00:08:23,83.62 MB,2.04,,,
72601,ihealth-cluster,vruizval/vruizval,COMPLETED (exit code 0),1,12,02:32:47,14.96,01:25:05,10.01,20.02,,,
72602,ihealth-cluster,vruizval/vruizval,COMPLETED (exit code 0),1,12,02:43:52,15.90,01:25:54,10.05,20.10,,,
72603,ihealth-cluster,vruizval/vruizval,COMPLETED (exit code 0),1,12,02:32:10,16.22,01:18:12,9.89,19.79,,,
72604,ihealth-cluster,mgonzalez/mgonzalez,TIMEOUT (exit code 0),1,2,00:38:55,32.41,01:00:02,3.72,18.61,,,
72605,ihealth-cluster,vruizval/vruizval,COMPLETED (exit code 0),1,12,02:34:42,14.98,01:26:03,11.57,23.15,,,
72606,ihealth-cluster,vruizval/vruizval,COMPLETED (exit code 0),1,12,02:31:37,15.10,01:23:41,7.80,15.59,,,
72607,ihealth-cluster,vruizval/vruizval,COMPLETED (exit code 0),1,12,02:30:10,15.23,01:22:10,7.23,14.46,,,
72608,ihealth-cluster,vruizval/vruizval,COMPLETED (exit code 0),1,12,02:35:06,15.32,01:24:21,8.19,16.38,,,
72609,ihealth-cluster,bllancao/bllancao,CANCELLED (exit code 0),1,6,00:55:11,14.19,01:04:49,3.75,7.50,,,
72610,ihealth-cluster,bllancao/bllancao,COMPLETED (exit code 0),1,6,01:33:21,14.16,01:49:51,3.75,7.51,,,
72611,ihealth-cluster,chriscidl/chriscidl,TIMEOUT (exit code 0),1,2,01:02:31,17.33,03:00:23,4.39,21.95,,,
72612,ihealth-cluster,nagarrido/nagarrido,COMPLETED (exit code 0),1,20,6-18:28:15,42.49,19:07:05,63.69,79.62,,,
72613,ihealth-cluster,vruizval/vruizval,COMPLETED (exit code 0),1,12,02:31:41,15.39,01:22:09,7.22,14.44,,,
72614,ihealth-cluster,vruizval/vruizval,COMPLETED (exit code 0),1,12,02:32:13,15.39,01:22:26,7.28,14.57,,,
72615,ihealth-cluster,vruizval/vruizval,COMPLETED (exit code 0),1,12,02:29:44,15.10,01:22:39,7.55,15.11,,,
72616,ihealth-cluster,cgvallea/cgvallea,FAILED (exit code 1),1,10,00:00:14,15.56,00:00:09,101.50 MB,1.24,,,
72617,ihealth-cluster,cgvallea/cgvallea,FAILED (exit code 1),1,10,02:32:19,61.79,00:24:39,1.96,24.44,,,
72618,ihealth-cluster,dibarrera/dibarrera,COMPLETED (exit code 0),1,10,10:51:38,10.00,10:51:55,1.41,1.41,,,
72619,ihealth-cluster,vruizval/vruizval,COMPLETED (exit code 0),1,12,02:34:50,15.41,01:23:43,7.96,15.92,,,
72620,ihealth-cluster,vruizval/vruizval,COMPLETED (exit code 0),1,12,02:33:32,15.23,01:24:01,7.69,15.38,,,
72621,ihealth-cluster,vruizval/vruizval,COMPLETED (exit code 0),1,12,02:25:47,14.28,01:25:04,8.51,17.02,,,
72622,ihealth-cluster,pamessina/pamessina,TIMEOUT (exit code 0),1,8,05:18:12,22.06,03:00:18,20.00,99.98,,,
72623,ihealth-cluster,cgvallea/cgvallea,CANCELLED (exit code 0),,,00:00:00,0.00,00:00:00,0.00 MB (estimated maximum),0.00,1,,
72624,ihealth-cluster,cgvallea/cgvallea,CANCELLED (exit code 0),1,2,00:05:36,88.89,00:03:09,1.10,13.71,,,
72625,ihealth-cluster,cgvallea/cgvallea,FAILED (exit code 1),1,2,00:00:13,72.22,00:00:09,132.00 KB,0.00,,,
72626,ihealth-cluster,cgvallea/cgvallea,CANCELLED (exit code 0),1,4,00:02:52,71.67,00:01:00,1.00,12.52,,,
72627,ihealth-cluster,cgvallea/cgvallea,CANCELLED (exit code 0),,,00:00:00,0.00,00:00:00,0.00 MB (estimated maximum),0.00,1,,
72628,ihealth-cluster,cgvallea/cgvallea,CANCELLED (exit code 0),,,00:00:00,0.00,00:00:00,0.00 MB (estimated maximum),0.00,1,,
72629,ihealth-cluster,cgvallea/cgvallea,CANCELLED (exit code 0),,,00:00:00,0.00,00:00:00,0.00 MB (estimated maximum),0.00,1,,
72630,ihealth-cluster,cgvallea/cgvallea,CANCELLED (exit code 0),,,00:00:00,0.00,00:00:00,0.00 MB (estimated maximum),0.00,1,,
72631,ihealth-cluster,cgvallea/cgvallea,CANCELLED (exit code 0),,,00:00:00,0.00,00:00:00,0.00 MB (estimated maximum),0.00,1,,
72632,ihealth-cluster,cgvallea/cgvallea,CANCELLED (exit code 0),,,00:00:00,0.00,00:00:00,0.00 MB (estimated maximum),0.00,1,,
72633,ihealth-cluster,cgvallea/cgvallea,CANCELLED (exit code 0),,,00:00:00,0.00,00:00:00,0.00 MB (estimated maximum),0.00,1,,
72634,ihealth-cluster,cgvallea/cgvallea,CANCELLED (exit code 0),,,00:00:00,0.00,00:00:00,0.00 MB (estimated maximum),0.00,1,,
72635,ihealth-cluster,cgvallea/cgvallea,CANCELLED (exit code 0),,,00:00:00,0.00,00:00:00,0.00 MB (estimated maximum),0.00,1,,
72636,ihealth-cluster,cgvallea/cgvallea,CANCELLED (exit code 0),1,2,00:09:47,85.82,00:05:42,1.59,79.30,,,
72637,ihealth-cluster,cgvallea/cgvallea,CANCELLED (exit code 0),1,2,00:09:48,85.96,00:05:42,1.64,82.04,,,
72638,ihealth-cluster,cgvallea/cgvallea,CANCELLED (exit code 0),,,00:00:00,0.00,00:00:00,0.00 MB (estimated maximum),0.00,1,,
72639,ihealth-cluster,cgvallea/cgvallea,CANCELLED (exit code 0),,,00:00:00,0.00,00:00:00,0.00 MB (estimated maximum),0.00,1,,
72640,ihealth-cluster,cgvallea/cgvallea,CANCELLED (exit code 0),,,00:00:00,0.00,00:00:00,0.00 MB (estimated maximum),0.00,1,,
72641,ihealth-cluster,cgvallea/cgvallea,CANCELLED (exit code 0),,,00:00:00,0.00,00:00:00,0.00 MB (estimated maximum),0.00,1,,
72642,ihealth-cluster,cgvallea/cgvallea,CANCELLED (exit code 0),,,00:00:00,0.00,00:00:00,0.00 MB (estimated maximum),0.00,1,,
72643,ihealth-cluster,cgvallea/cgvallea,CANCELLED (exit code 0),,,00:00:00,0.00,00:00:00,0.00 MB (estimated maximum),0.00,1,,
72644,ihealth-cluster,cgvallea/cgvallea,CANCELLED (exit code 0),,,00:00:00,0.00,00:00:00,0.00 MB (estimated maximum),0.00,1,,
72645,ihealth-cluster,cgvallea/cgvallea,CANCELLED (exit code 0),,,00:00:00,0.00,00:00:00,0.00 MB (estimated maximum),0.00,1,,
72646,ihealth-cluster,chriscidl/chriscidl,TIMEOUT (exit code 0),1,2,00:22:13,6.16,03:00:15,3.22,16.10,,,
72647,ihealth-cluster,cgvallea/cgvallea,CANCELLED (exit code 0),1,2,00:00:51,82.26,00:00:31,706.23 MB,68.97,,,
72648,ihealth-cluster,cgvallea/cgvallea,CANCELLED (exit code 0),1,2,00:00:46,82.14,00:00:28,676.91 MB,66.10,,,
72649,ihealth-cluster,cgvallea/cgvallea,CANCELLED (exit code 0),,,00:00:00,0.00,00:00:00,0.00 MB (estimated maximum),0.00,1,,
72650,ihealth-cluster,cgvallea/cgvallea,COMPLETED (exit code 0),1,4,00:00:12,37.50,00:00:08,204.00 KB,0.00,,,
72651,ihealth-cluster,cgvallea/cgvallea,CANCELLED (exit code 0),,,00:00:00,0.00,00:00:00,0.00 MB (estimated maximum),0.00,1,,
72652,ihealth-cluster,cgvallea/cgvallea,COMPLETED (exit code 0),1,2,00:04:53,85.67,00:02:51,1.15,28.87,,,
72653,ihealth-cluster,cgvallea/cgvallea,COMPLETED (exit code 0),1,2,00:05:17,85.68,00:03:05,1.18,29.47,,,
72654,ihealth-cluster,cgvallea/cgvallea,COMPLETED (exit code 0),1,2,00:01:13,82.95,00:00:44,705.09 MB,17.21,,,
72655,ihealth-cluster,cgvallea/cgvallea,COMPLETED (exit code 0),1,2,00:00:08,50.00,00:00:08,11.93 MB,0.29,,,
72656,ihealth-cluster,vruizval/vruizval,COMPLETED (exit code 0),1,12,02:32:02,15.22,01:23:15,8.55,17.11,,,
72657,ihealth-cluster,jaerrandonea/jaerrandonea,CANCELLED (exit code 0),1,20,01:29:14,13.28,00:33:36,12.15,12.15,,,
72658,ihealth-cluster,rmarcar/rmarcar,FAILED (exit code 127),1,16,00:00:00,0.00,00:00:01,456.00 KB,0.00,,,
72659,ihealth-cluster,rmarcar/rmarcar,FAILED (exit code 2),1,16,00:00:36,9.38,00:00:24,896.00 KB,0.00,,,
72660,ihealth-cluster,rmarcar/rmarcar,COMPLETED (exit code 0),1,16,00:00:36,9.38,00:00:24,1.11 MB,0.00,,,
72661,ihealth-cluster,pamessina/pamessina,CANCELLED (exit code 0),1,8,00:21:28,12.74,00:21:04,30.19,47.18,,,
72662,ihealth-cluster,rmarcar/rmarcar,COMPLETED (exit code 0),1,16,00:00:35,9.11,00:00:24,12.29 MB,0.02,,,
72663,ihealth-cluster,rmarcar/rmarcar,COMPLETED (exit code 0),1,16,00:00:41,8.84,00:00:29,25.03 MB,0.04,,,
72664,ihealth-cluster,rmarcar/rmarcar,COMPLETED (exit code 0),1,16,00:00:42,10.10,00:00:26,852.00 KB,0.00,,,
72665,ihealth-cluster,rmarcar/rmarcar,COMPLETED (exit code 0),1,16,00:00:20,8.33,00:00:15,632.00 KB,0.00,,,
72666,ihealth-cluster,rmarcar/rmarcar,COMPLETED (exit code 0),1,16,00:00:25,9.77,00:00:16,884.00 KB,0.00,,,
72667,ihealth-cluster,rmarcar/rmarcar,COMPLETED (exit code 0),1,16,00:00:25,9.77,00:00:16,856.00 KB,0.00,,,
72668,ihealth-cluster,rmarcar/rmarcar,COMPLETED (exit code 0),1,16,00:00:25,10.42,00:00:15,1.07 MB,0.00,,,
72669,ihealth-cluster,rmarcar/rmarcar,COMPLETED (exit code 0),1,16,00:00:25,9.77,00:00:16,732.00 KB,0.00,,,
72670,ihealth-cluster,pamessina/pamessina,TIMEOUT (exit code 0),1,8,00:00:35,0.04,03:00:25,1.37,6.84,,,
72671,ihealth-cluster,rmarcar/rmarcar,COMPLETED (exit code 0),1,16,00:00:24,10.00,00:00:15,916.00 KB,0.00,,,
72672,ihealth-cluster,mgonzalez/mgonzalez,TIMEOUT (exit code 0),1,2,00:16:09,13.38,01:00:20,2.25,11.24,,,
72673,ihealth-cluster,pamessina/pamessina,TIMEOUT (exit code 0),1,8,1-00:22:41,12.69,1-00:00:17,59.00,92.18,,,
72674,ihealth-cluster,rmarcar/rmarcar,COMPLETED (exit code 0),1,16,04:17:40,21.54,01:14:46,21.60,33.75,,,
72675,ihealth-cluster,pamessina/pamessina,TIMEOUT (exit code 0),1,8,1-00:26:27,12.73,1-00:00:24,44.03,68.79,,,
72676,ihealth-cluster,mgonzalez/mgonzalez,CANCELLED (exit code 0),1,2,00:18:21,28.84,00:31:49,2.30,11.52,,,
72677,ihealth-cluster,mgonzalez/mgonzalez,TIMEOUT (exit code 0),1,2,00:14:15,11.87,01:00:03,2.06,10.29,,,
72678,ihealth-cluster,rmarcar/rmarcar,COMPLETED (exit code 0),1,16,00:00:16,9.09,00:00:11,5.33 MB,0.01,,,
72679,ihealth-cluster,cgvallea/cgvallea,COMPLETED (exit code 0),1,2,00:04:32,87.74,00:02:35,1.08,27.12,,,
72680,ihealth-cluster,cgvallea/cgvallea,COMPLETED (exit code 0),1,2,00:03:32,87.60,00:02:01,1018.25 MB,24.86,,,
72681,ihealth-cluster,cgvallea/cgvallea,COMPLETED (exit code 0),1,2,00:03:01,87.02,00:01:44,918.02 MB,22.41,,,
72682,ihealth-cluster,cgvallea/cgvallea,COMPLETED (exit code 0),1,2,00:04:16,87.07,00:02:27,992.77 MB,24.24,,,
72683,ihealth-cluster,cgvallea/cgvallea,COMPLETED (exit code 0),1,2,00:05:02,88.30,00:02:51,1.13,28.32,,,
72684,ihealth-cluster,cgvallea/cgvallea,COMPLETED (exit code 0),1,2,00:04:32,87.74,00:02:35,1.06,26.47,,,
72685,ihealth-cluster,cgvallea/cgvallea,COMPLETED (exit code 0),1,2,00:04:02,87.68,00:02:18,1.03,25.81,,,
72686,ihealth-cluster,cgvallea/cgvallea,COMPLETED (exit code 0),1,2,00:04:00,87.59,00:02:17,898.74 MB,21.94,,,
72687,ihealth-cluster,cgvallea/cgvallea,COMPLETED (exit code 0),1,2,00:03:59,85.97,00:02:19,967.62 MB,23.62,,,
72688,ihealth-cluster,cgvallea/cgvallea,COMPLETED (exit code 0),1,2,00:04:01,86.69,00:02:19,1012.06 MB,24.71,,,
72689,ihealth-cluster,cgvallea/cgvallea,COMPLETED (exit code 0),1,2,00:00:02,33.33,00:00:03,122.40 MB,0.75,,,
72690,ihealth-cluster,cgvallea/cgvallea,COMPLETED (exit code 0),1,2,00:00:02,33.33,00:00:03,144.00 KB,0.00,,,
72691,ihealth-cluster,cgvallea/cgvallea,COMPLETED (exit code 0),1,2,00:00:02,33.33,00:00:03,148.00 KB,0.00,,,
72692,ihealth-cluster,cgvallea/cgvallea,FAILED (exit code 1),1,2,00:00:04,50.00,00:00:04,452.98 MB,2.76,,,
72693,ihealth-cluster,cgvallea/cgvallea,FAILED (exit code 1),1,2,00:00:06,50.00,00:00:06,397.80 MB,2.43,,,
72694,ihealth-cluster,cgvallea/cgvallea,FAILED (exit code 1),1,2,00:00:05,41.67,00:00:06,148.00 KB,0.00,,,
72695,ihealth-cluster,cgvallea/cgvallea,FAILED (exit code 1),1,2,00:00:05,41.67,00:00:06,148.00 KB,0.00,,,
72696,ihealth-cluster,cgvallea/cgvallea,COMPLETED (exit code 0),1,2,00:00:08,44.44,00:00:09,559.29 MB,3.41,,,
72697,ihealth-cluster,cgvallea/cgvallea,FAILED (exit code 1),1,2,00:01:00,90.91,00:00:33,620.67 MB,3.79,,,
72698,ihealth-cluster,cgvallea/cgvallea,FAILED (exit code 1),1,2,00:00:49,90.74,00:00:27,844.00 KB,0.01,,,
72699,ihealth-cluster,cgvallea/cgvallea,FAILED (exit code 1),1,2,00:01:38,94.23,00:00:52,578.83 MB,3.53,,,
72700,ihealth-cluster,cgvallea/cgvallea,FAILED (exit code 1),1,2,00:00:02,33.33,00:00:03,148.00 KB,0.00,,,
72701,ihealth-cluster,cgvallea/cgvallea,FAILED (exit code 1),1,2,00:00:02,33.33,00:00:03,144.00 KB,0.00,,,
72702,ihealth-cluster,cgvallea/cgvallea,FAILED (exit code 1),1,2,00:00:04,50.00,00:00:04,144.00 KB,0.00,,,
72703,ihealth-cluster,cgvallea/cgvallea,FAILED (exit code 1),1,2,00:00:28,82.35,00:00:17,13.14 MB,0.08,,,
72704,ihealth-cluster,cgvallea/cgvallea,FAILED (exit code 1),1,2,00:00:26,81.25,00:00:16,13.18 MB,0.08,,,
72705,ihealth-cluster,cgvallea/cgvallea,FAILED (exit code 1),1,2,00:00:30,83.33,00:00:18,13.20 MB,0.08,,,
72706,ihealth-cluster,cgvallea/cgvallea,FAILED (exit code 1),1,2,00:00:30,83.33,00:00:18,13.20 MB,0.08,,,
72707,ihealth-cluster,cgvallea/cgvallea,FAILED (exit code 1),1,2,00:00:30,83.33,00:00:18,13.20 MB,0.08,,,
72708,ihealth-cluster,cgvallea/cgvallea,FAILED (exit code 1),1,2,00:00:31,81.58,00:00:19,13.21 MB,0.08,,,
72709,ihealth-cluster,cgvallea/cgvallea,FAILED (exit code 1),1,2,00:00:35,87.50,00:00:20,13.19 MB,0.08,,,
72710,ihealth-cluster,cgvallea/cgvallea,FAILED (exit code 1),1,2,00:00:36,85.71,00:00:21,13.20 MB,0.08,,,
72711,ihealth-cluster,cgvallea/cgvallea,CANCELLED (exit code 0),1,2,00:02:59,91.33,00:01:38,405.29 MB,2.47,,,
72712,ihealth-cluster,cgvallea/cgvallea,CANCELLED (exit code 0),1,20,00:04:11,39.22,00:00:32,473.12 MB,2.89,,,
72713,ihealth-cluster,cgvallea/cgvallea,FAILED (exit code 1),1,20,00:01:19,32.92,00:00:12,75.99 MB,0.46,,,
72714,ihealth-cluster,cgvallea/cgvallea,FAILED (exit code 1),1,20,00:01:19,32.92,00:00:12,76.08 MB,0.46,,,
72715,ihealth-cluster,cgvallea/cgvallea,CANCELLED (exit code 0),1,20,00:11:49,39.83,00:01:29,1.75,10.97,,,
72716,ihealth-cluster,cgvallea/cgvallea,CANCELLED (exit code 0),1,4,00:02:14,72.83,00:00:46,1.24,7.73,,,
72717,ihealth-cluster,cgvallea/cgvallea,CANCELLED (exit code 0),1,4,00:01:20,71.43,00:00:28,1.16,7.27,,,
72718,ihealth-cluster,cgvallea/cgvallea,CANCELLED (exit code 0),1,4,00:01:13,73.00,00:00:25,1.04,6.49,,,
72719,ihealth-cluster,cgvallea/cgvallea,CANCELLED (exit code 0),1,4,00:01:13,73.00,00:00:25,1.16,7.27,,,
72720,ihealth-cluster,cgvallea/cgvallea,CANCELLED (exit code 0),1,4,00:01:01,69.32,00:00:22,1.11,6.97,,,
72721,ihealth-cluster,cgvallea/cgvallea,CANCELLED (exit code 0),1,4,00:00:57,64.77,00:00:22,1023.83 MB,6.25,,,
72722,ihealth-cluster,cgvallea/cgvallea,CANCELLED (exit code 0),,,00:00:00,0.00,00:00:00,0.00 MB (estimated maximum),0.00,1,,
72723,ihealth-cluster,cgvallea/cgvallea,CANCELLED (exit code 0),,,00:00:00,0.00,00:00:00,0.00 MB (estimated maximum),0.00,1,,
72724,ihealth-cluster,cgvallea/cgvallea,CANCELLED (exit code 0),,,00:00:00,0.00,00:00:00,0.00 MB (estimated maximum),0.00,1,,
72725,ihealth-cluster,cgvallea/cgvallea,CANCELLED (exit code 0),,,00:00:00,0.00,00:00:00,0.00 MB (estimated maximum),0.00,1,,
72726,ihealth-cluster,cgvallea/cgvallea,COMPLETED (exit code 0),1,4,00:29:30,75.26,00:09:48,2.76,68.95,,,
72727,ihealth-cluster,cgvallea/cgvallea,COMPLETED (exit code 0),1,4,00:29:34,76.60,00:09:39,2.89,72.30,,,
72728,ihealth-cluster,cgvallea/cgvallea,COMPLETED (exit code 0),1,4,00:29:12,76.71,00:09:31,2.77,69.31,,,
72729,ihealth-cluster,cgvallea/cgvallea,COMPLETED (exit code 0),1,4,00:29:33,76.82,00:09:37,2.96,74.08,,,
72730,ihealth-cluster,cgvallea/cgvallea,COMPLETED (exit code 0),1,4,00:29:04,75.17,00:09:40,2.77,69.13,,,
72731,ihealth-cluster,cgvallea/cgvallea,COMPLETED (exit code 0),1,4,00:25:23,66.45,00:09:33,2.64,66.11,,,
72732,ihealth-cluster,cgvallea/cgvallea,COMPLETED (exit code 0),1,4,00:00:11,22.92,00:00:12,5.25 MB,0.13,,,
72733,ihealth-cluster,cgvallea/cgvallea,COMPLETED (exit code 0),1,4,00:00:10,27.78,00:00:09,1.29 MB,0.03,,,
72734,ihealth-cluster,cgvallea/cgvallea,COMPLETED (exit code 0),1,4,00:00:09,28.12,00:00:08,468.00 KB,0.01,,,
72735,ihealth-cluster,cgvallea/cgvallea,COMPLETED (exit code 0),1,4,00:00:09,28.12,00:00:08,592.00 KB,0.01,,,
72736,ihealth-cluster,jaerrandonea/jaerrandonea,FAILED (exit code 1),1,20,00:58:01,12.82,00:22:38,11.39,11.39,,,
72737,ihealth-cluster,rmarcar/rmarcar,COMPLETED (exit code 0),1,16,00:03:26,13.55,00:01:35,2.99,4.68,,,
72738,ihealth-cluster,dibarrera/dibarrera,FAILED (exit code 1),1,10,00:02:44,11.47,00:02:23,54.32,54.32,,,
72739,ihealth-cluster,vruizval/vruizval,FAILED (exit code 1),1,12,00:00:05,6.94,00:00:06,318.59 MB,0.62,,,
72740,ihealth-cluster,vruizval/vruizval,FAILED (exit code 1),1,12,00:00:04,8.33,00:00:04,536.00 KB,0.00,,,
72741,ihealth-cluster,vruizval/vruizval,FAILED (exit code 1),1,12,00:00:10,8.33,00:00:10,167.17 MB,0.33,,,
72742,ihealth-cluster,vruizval/vruizval,FAILED (exit code 1),1,12,00:00:10,9.26,00:00:09,165.45 MB,0.32,,,
72743,ihealth-cluster,vruizval/vruizval,FAILED (exit code 1),1,12,07:03:09,43.71,01:20:40,11.34,22.68,,,
72744,ihealth-cluster,vruizval/vruizval,FAILED (exit code 1),1,12,04:12:55,81.85,00:25:45,14.74,29.48,,,
72745,ihealth-cluster,cgvallea/cgvallea,TIMEOUT (exit code 0),1,2,00:08:25,2.33,03:00:18,7.96,99.47,,,
72746,ihealth-cluster,vruizval/vruizval,COMPLETED (exit code 0),1,12,04:10:15,65.58,00:31:48,9.21,18.42,,,
72747,ihealth-cluster,vruizval/vruizval,COMPLETED (exit code 0),1,12,07:23:28,41.66,01:28:43,13.08,26.17,,,
72748,ihealth-cluster,pamessina/pamessina,TIMEOUT (exit code 0),1,8,00:02:38,0.18,03:00:11,4.03,20.13,,,
72749,ihealth-cluster,pamessina/pamessina,FAILED (exit code 1),1,8,00:00:01,12.50,00:00:01,364.00 KB,0.00,,,
72750,ihealth-cluster,pamessina/pamessina,COMPLETED (exit code 0),1,8,00:10:14,12.44,00:10:17,2.76,4.31,,,
72751,ihealth-cluster,pamessina/pamessina,COMPLETED (exit code 0),1,8,01:09:42,12.50,01:09:42,4.24,6.63,,,
72752,ihealth-cluster,pamessina/pamessina,TIMEOUT (exit code 0),1,8,00:02:38,0.18,03:00:29,3.96,19.78,,,
72753,ihealth-cluster,pamessina/pamessina,COMPLETED (exit code 0),1,8,00:09:57,12.54,00:09:55,2.64,4.12,,,
72754,ihealth-cluster,pamessina/pamessina,COMPLETED (exit code 0),1,8,00:10:05,12.52,00:10:04,2.52,3.93,,,
72755,ihealth-cluster,vruizval/vruizval,COMPLETED (exit code 0),1,12,16:08:23,77.96,01:43:31,13.96,27.92,,,
72756,ihealth-cluster,vruizval/vruizval,COMPLETED (exit code 0),1,12,05:00:26,67.60,00:37:02,9.86,19.71,,,
72757,ihealth-cluster,dibarrera/dibarrera,COMPLETED (exit code 0),1,10,06:04:29,10.00,06:04:19,1.10,1.10,,,
72758,ihealth-cluster,dcampanini/dcampanini,COMPLETED (exit code 0),1,4,00:13:01,52.35,00:06:13,1.41,8.83,,,
72759,ihealth-cluster,dcampanini/dcampanini,COMPLETED (exit code 0),1,4,00:12:55,52.65,00:06:08,939.86 MB,5.74,,,
72760,ihealth-cluster,dcampanini/dcampanini,FAILED (exit code 1),1,4,00:00:05,25.00,00:00:05,220.00 KB,0.00,,,
72761,ihealth-cluster,dcampanini/dcampanini,COMPLETED (exit code 0),1,4,01:04:55,53.21,00:30:30,996.79 MB,6.08,,,
72762,ihealth-cluster,dibarrera/dibarrera,FAILED (exit code 1),1,10,00:01:35,10.80,00:01:28,1.16,1.16,,,
72763,ihealth-cluster,dcampanini/dcampanini,COMPLETED (exit code 0),1,4,01:04:38,52.98,00:30:30,973.78 MB,5.94,,,
72764,ihealth-cluster,dibarrera/dibarrera,FAILED (exit code 1),1,10,00:01:38,10.89,00:01:30,1.12,1.12,,,
72765,ihealth-cluster,dibarrera/dibarrera,FAILED (exit code 1),1,10,00:00:10,11.11,00:00:09,792.00 KB,0.00,,,
72766,ihealth-cluster,dibarrera/dibarrera,FAILED (exit code 1),1,10,00:01:43,10.73,00:01:36,2.07,2.07,,,
72767,ihealth-cluster,dibarrera/dibarrera,FAILED (exit code 1),1,10,00:01:37,11.15,00:01:27,1.03,1.03,,,
72768,ihealth-cluster,dcampanini/dcampanini,COMPLETED (exit code 0),1,4,01:05:01,53.32,00:30:29,1.13,7.04,,,
72769,ihealth-cluster,dibarrera/dibarrera,OUT_OF_MEMORY (exit code 0),1,10,00:02:23,10.59,00:02:15,80.43,80.43,,,
72770,ihealth-cluster,dibarrera/dibarrera,CANCELLED (exit code 0),,,00:00:00,0.00,00:00:00,0.00 MB (estimated maximum),0.00,1,,
72771,ihealth-cluster,dibarrera/dibarrera,FAILED (exit code 1),1,10,00:01:39,11.00,00:01:30,1.02,1.02,,,
72772,ihealth-cluster,dcampanini/dcampanini,CANCELLED (exit code 0),1,2,00:00:03,1.25,00:02:00,129.26 MB,1.26,,,
72773,ihealth-cluster,jacastro/jacastro,TIMEOUT (exit code 0),1,2,00:00:00,0.00,00:08:16,0.00 MB (estimated maximum),0.00,,,
72774,ihealth-cluster,dibarrera/dibarrera,FAILED (exit code 1),1,10,00:02:03,11.60,00:01:46,13.98,13.98,,,
72775,ihealth-cluster,vruizval/vruizval,COMPLETED (exit code 0),1,12,02:16:29,31.23,00:36:25,7.30,14.60,,,
72776,ihealth-cluster,vruizval/vruizval,COMPLETED (exit code 0),1,12,02:21:29,24.09,00:48:57,8.24,16.49,,,
72777,ihealth-cluster,vruizval/vruizval,COMPLETED (exit code 0),1,12,02:27:14,21.14,00:58:02,8.81,17.63,,,
72778,ihealth-cluster,vruizval/vruizval,FAILED (exit code 1),1,12,00:15:44,11.48,00:11:25,7.96,15.93,,,
72779,ihealth-cluster,vruizval/vruizval,FAILED (exit code 139),1,12,00:09:59,9.11,00:09:08,7.08,14.16,,,
72780,ihealth-cluster,vruizval/vruizval,FAILED (exit code 134),1,12,00:03:12,8.99,00:02:58,6.83,13.65,,,
72781,ihealth-cluster,vruizval/vruizval,FAILED (exit code 134),1,12,00:03:59,8.85,00:03:45,8.71,17.42,,,
72782,ihealth-cluster,vruizval/vruizval,FAILED (exit code 134),1,12,00:03:57,9.14,00:03:36,8.46,16.92,,,
72783,ihealth-cluster,vruizval/vruizval,COMPLETED (exit code 0),1,12,03:27:43,11.59,02:29:22,9.10,18.21,,,
72784,ihealth-cluster,vruizval/vruizval,COMPLETED (exit code 0),1,12,05:12:07,8.85,04:53:46,10.46,20.92,,,
72785,ihealth-cluster,vruizval/vruizval,FAILED (exit code 134),1,12,00:03:12,9.36,00:02:51,6.65,13.31,,,
72786,ihealth-cluster,vruizval/vruizval,COMPLETED (exit code 0),1,12,07:46:44,7.65,08:28:37,10.38,20.75,,,
72787,ihealth-cluster,vruizval/vruizval,CANCELLED (exit code 0),,,00:00:00,0.00,00:00:00,0.00 MB (estimated maximum),0.00,1,,
72788,ihealth-cluster,vruizval/vruizval,CANCELLED (exit code 0),,,00:00:00,0.00,00:00:00,0.00 MB (estimated maximum),0.00,1,,
72789,ihealth-cluster,vruizval/vruizval,CANCELLED (exit code 0),,,00:00:00,0.00,00:00:00,0.00 MB (estimated maximum),0.00,1,,
72790,ihealth-cluster,vruizval/vruizval,COMPLETED (exit code 0),1,12,12:35:50,7.47,14:03:17,12.29,24.59,,,
72791,ihealth-cluster,bllancao/bllancao,COMPLETED (exit code 0),1,6,01:34:13,14.20,01:50:36,15.22,30.43,,,
72792,ihealth-cluster,cgvallea/cgvallea,TIMEOUT (exit code 0),1,8,00:03:01,0.21,03:00:05,833.47 MB,8.14,,,
72793,ihealth-cluster,dibarrera/dibarrera,COMPLETED (exit code 0),1,10,07:47:07,10.01,07:46:37,1.25,1.25,,,
72794,ihealth-cluster,bllancao/bllancao,COMPLETED (exit code 0),1,12,01:33:18,7.33,01:46:08,43.97,54.96,,,
72795,ihealth-cluster,chriscidl/chriscidl,TIMEOUT (exit code 0),1,2,00:41:49,11.59,03:00:25,4.13,20.64,,,
72796,ihealth-cluster,dibarrera/dibarrera,OUT_OF_MEMORY (exit code 0),1,10,00:02:14,10.39,00:02:09,94.41,94.41,,,
72797,ihealth-cluster,dibarrera/dibarrera,OUT_OF_MEMORY (exit code 0),1,10,00:02:20,10.37,00:02:15,83.98,83.98,,,
72798,ihealth-cluster,dibarrera/dibarrera,FAILED (exit code 1),1,10,00:01:52,11.91,00:01:34,2.47,2.47,,,
72799,ihealth-cluster,dibarrera/dibarrera,FAILED (exit code 1),1,10,00:01:57,11.94,00:01:38,3.44,3.44,,,
72800,ihealth-cluster,dibarrera/dibarrera,FAILED (exit code 1),1,10,00:01:56,11.96,00:01:37,7.55,7.55,,,
72801,ihealth-cluster,dibarrera/dibarrera,FAILED (exit code 1),1,10,00:01:57,11.82,00:01:39,7.36,7.36,,,
72802,ihealth-cluster,vruizval/vruizval,FAILED (exit code 1),1,12,00:00:05,6.94,00:00:06,225.30 MB,0.44,,,
72803,ihealth-cluster,vruizval/vruizval,COMPLETED (exit code 0),1,12,05:32:44,27.17,01:42:04,8.97,17.94,,,
72804,ihealth-cluster,vruizval/vruizval,COMPLETED (exit code 0),1,12,02:31:36,15.09,01:23:44,8.16,16.31,,,
72805,ihealth-cluster,vruizval/vruizval,COMPLETED (exit code 0),1,12,02:31:33,15.01,01:24:09,7.83,15.67,,,
72806,ihealth-cluster,vruizval/vruizval,COMPLETED (exit code 0),1,12,03:51:59,64.51,00:29:58,10.40,20.81,,,
72807,ihealth-cluster,vruizval/vruizval,COMPLETED (exit code 0),1,12,03:52:25,64.45,00:30:03,10.53,21.06,,,
72808,ihealth-cluster,vruizval/vruizval,COMPLETED (exit code 0),1,12,03:53:52,64.28,00:30:19,10.42,20.83,,,
72809,ihealth-cluster,dibarrera/dibarrera,FAILED (exit code 1),1,10,00:01:54,12.00,00:01:35,4.32,4.32,,,
72810,ihealth-cluster,dibarrera/dibarrera,FAILED (exit code 1),1,10,00:01:57,12.06,00:01:37,9.78,9.78,,,
72811,ihealth-cluster,jebisbal/jebisbal,TIMEOUT (exit code 0),1,8,24-00:02:48,100.00,3-00:00:24,27.48,68.71,,,
72812,ihealth-cluster,jebisbal/jebisbal,TIMEOUT (exit code 0),1,8,23-23:50:24,99.96,3-00:00:21,27.41,68.53,,,
72813,ihealth-cluster,jebisbal/jebisbal,TIMEOUT (exit code 0),1,8,23-22:04:26,99.66,3-00:00:18,26.85,67.12,,,
72814,ihealth-cluster,vruizval/vruizval,COMPLETED (exit code 0),1,12,02:43:46,15.83,01:26:14,7.73,15.47,,,
72815,ihealth-cluster,chriscidl/chriscidl,CANCELLED (exit code 0),1,2,00:28:57,8.19,02:56:49,4.14,20.68,,,
72816,ihealth-cluster,rmarcar/rmarcar,FAILED (exit code 1),1,16,1-21:42:54,12.74,22:25:39,36.95,57.74,,,
72817,ihealth-cluster,dcampanini/dcampanini,FAILED (exit code 127),1,10,00:00:01,10.00,00:00:01,552.00 KB,0.00,,,
72818,ihealth-cluster,dcampanini/dcampanini,COMPLETED (exit code 0),1,10,00:10:58,17.14,00:06:24,12.16,40.52,,,
72819,ihealth-cluster,dcampanini/dcampanini,CANCELLED (exit code 0),1,10,02:17:28,65.51,00:20:59,1.16,3.85,,,
72820,ihealth-cluster,dcampanini/dcampanini,COMPLETED (exit code 0),1,10,00:04:10,10.00,00:04:10,975.91 MB,3.18,,,
72821,ihealth-cluster,chriscidl/chriscidl,TIMEOUT (exit code 0),1,2,00:18:05,5.02,03:00:07,3.88,19.38,,,
72822,ihealth-cluster,dcampanini/dcampanini,COMPLETED (exit code 0),1,10,6-11:29:57,61.48,1-01:17:37,1.81,6.03,,,
72823,ihealth-cluster,vruizval/vruizval,COMPLETED (exit code 0),1,12,04:14:37,65.52,00:32:23,9.38,18.76,,,
72824,ihealth-cluster,vruizval/vruizval,COMPLETED (exit code 0),1,12,04:18:57,65.86,00:32:46,9.19,18.38,,,
72825,ihealth-cluster,rmarcar/rmarcar,FAILED (exit code 1),1,16,1-10:19:16,11.36,18:53:05,32.31,50.49,,,
72826,ihealth-cluster,vruizval/vruizval,COMPLETED (exit code 0),1,12,02:36:12,15.42,01:24:26,8.83,17.65,,,
72827,ihealth-cluster,pamessina/pamessina,TIMEOUT (exit code 0),1,8,00:00:19,0.02,03:00:17,374.32 MB,1.83,,,
72828,ihealth-cluster,vruizval/vruizval,COMPLETED (exit code 0),1,12,00:04:22,8.88,00:04:06,2.44,4.87,,,
72829,ihealth-cluster,dibarrera/dibarrera,COMPLETED (exit code 0),1,10,04:13:12,10.01,04:13:02,1.28,1.28,,,
72830,ihealth-cluster,jaerrandonea/jaerrandonea,CANCELLED (exit code 0),1,20,01:37:00,13.29,00:36:30,4.90,4.90,,,
72831,ihealth-cluster,maparegal/maparegal,FAILED (exit code 1),1,20,00:00:10,6.25,00:00:08,636.46 MB,0.78,,,
72833,ihealth-cluster,cgvallea/cgvallea,CANCELLED (exit code 0),1,4,00:00:00,0.00,00:00:00,0.00 MB (estimated maximum),0.00,,72832_0,
72834,ihealth-cluster,cgvallea/cgvallea,CANCELLED (exit code 0),1,4,00:00:00,0.00,00:00:00,16.00 KB,0.00,,72832_1,
72835,ihealth-cluster,cgvallea/cgvallea,CANCELLED (exit code 0),1,4,00:00:00,0.00,00:00:00,16.00 KB,0.00,,72832_2,
72836,ihealth-cluster,cgvallea/cgvallea,CANCELLED (exit code 0),1,4,00:00:02,0.00,00:00:00,213.31 MB,5.21,,72832_3,
72837,ihealth-cluster,cgvallea/cgvallea,CANCELLED (exit code 0),1,4,00:00:00,0.00,00:00:00,0.00 MB (estimated maximum),0.00,,72832_4,
72838,ihealth-cluster,cgvallea/cgvallea,CANCELLED (exit code 0),1,4,00:00:00,0.00,00:00:00,0.00 MB (estimated maximum),0.00,,72832_5,
72839,ihealth-cluster,cgvallea/cgvallea,FAILED (exit code 1),1,4,00:00:33,35.87,00:00:23,29.78 MB,0.73,,72839_9,
72840,ihealth-cluster,cgvallea/cgvallea,FAILED (exit code 1),1,4,00:00:33,33.00,00:00:25,45.01 MB,1.10,,72839_0,
72841,ihealth-cluster,cgvallea/cgvallea,FAILED (exit code 1),1,4,00:00:34,34.00,00:00:25,85.08 MB,2.08,,72839_1,
72842,ihealth-cluster,cgvallea/cgvallea,FAILED (exit code 1),1,4,00:00:35,35.00,00:00:25,80.11 MB,1.96,,72839_2,
72843,ihealth-cluster,cgvallea/cgvallea,FAILED (exit code 1),1,4,00:00:34,32.69,00:00:26,46.82 MB,1.14,,72839_3,
72844,ihealth-cluster,cgvallea/cgvallea,FAILED (exit code 1),1,4,00:00:32,33.33,00:00:24,15.36 MB,0.37,,72839_4,
72845,ihealth-cluster,cgvallea/cgvallea,FAILED (exit code 1),1,4,00:00:33,33.00,00:00:25,30.51 MB,0.74,,72839_5,
72846,ihealth-cluster,cgvallea/cgvallea,FAILED (exit code 1),1,4,00:00:32,34.78,00:00:23,30.46 MB,0.74,,72839_6,
72847,ihealth-cluster,cgvallea/cgvallea,FAILED (exit code 1),1,4,00:00:33,35.87,00:00:23,30.42 MB,0.74,,72839_7,
72848,ihealth-cluster,cgvallea/cgvallea,FAILED (exit code 1),1,4,00:00:32,34.78,00:00:23,30.61 MB,0.75,,72839_8,
72850,ihealth-cluster,cgvallea/cgvallea,CANCELLED (exit code 0),1,2,00:00:02,0.00,00:00:00,20.00 KB,0.00,,72849_0,
72851,ihealth-cluster,cgvallea/cgvallea,CANCELLED (exit code 0),1,2,00:00:00,0.00,00:00:00,0.00 MB (estimated maximum),0.00,,72849_1,
72852,ihealth-cluster,cgvallea/cgvallea,CANCELLED (exit code 0),1,2,00:00:00,0.00,00:00:00,0.00 MB (estimated maximum),0.00,,72849_2,
72853,ihealth-cluster,cgvallea/cgvallea,CANCELLED (exit code 0),1,2,00:00:00,0.00,00:00:00,0.00 MB (estimated maximum),0.00,,72849_3,
72854,ihealth-cluster,cgvallea/cgvallea,CANCELLED (exit code 0),1,2,00:00:00,0.00,00:00:00,0.00 MB (estimated maximum),0.00,,72849_4,
72855,ihealth-cluster,cgvallea/cgvallea,CANCELLED (exit code 0),1,2,00:00:00,0.00,00:00:00,0.00 MB (estimated maximum),0.00,,72849_5,
72856,ihealth-cluster,cgvallea/cgvallea,FAILED (exit code 1),1,2,00:00:28,53.85,00:00:26,1.53 MB,0.07,,72856_9,
72857,ihealth-cluster,cgvallea/cgvallea,FAILED (exit code 1),1,2,00:00:30,53.57,00:00:28,2.27 MB,0.11,,72856_0,
72858,ihealth-cluster,cgvallea/cgvallea,FAILED (exit code 1),1,2,00:00:29,58.00,00:00:25,564.00 KB,0.03,,72856_1,
72859,ihealth-cluster,cgvallea/cgvallea,FAILED (exit code 1),1,2,00:00:29,53.70,00:00:27,612.00 KB,0.03,,72856_2,
72860,ihealth-cluster,cgvallea/cgvallea,FAILED (exit code 1),1,2,00:00:33,55.00,00:00:30,77.59 MB,3.79,,72856_3,
72861,ihealth-cluster,cgvallea/cgvallea,FAILED (exit code 1),1,2,00:00:28,58.33,00:00:24,1.74 MB,0.08,,72856_4,
72862,ihealth-cluster,cgvallea/cgvallea,FAILED (exit code 1),1,2,00:00:29,53.70,00:00:27,1.79 MB,0.09,,72856_5,
72863,ihealth-cluster,cgvallea/cgvallea,FAILED (exit code 1),1,2,00:00:28,60.87,00:00:23,1.10 MB,0.05,,72856_6,
72864,ihealth-cluster,cgvallea/cgvallea,FAILED (exit code 1),1,2,00:00:27,54.00,00:00:25,2.55 MB,0.12,,72856_7,
72865,ihealth-cluster,cgvallea/cgvallea,FAILED (exit code 1),1,2,00:00:28,58.33,00:00:24,1.39 MB,0.07,,72856_8,
72866,ihealth-cluster,cgvallea/cgvallea,FAILED (exit code 1),1,2,00:00:03,75.00,00:00:02,18.55 MB,0.91,,,
72867,ihealth-cluster,cgvallea/cgvallea,FAILED (exit code 1),1,2,00:00:02,50.00,00:00:02,128.00 KB,0.00,,,
72868,ihealth-cluster,cgvallea/cgvallea,FAILED (exit code 1),1,2,00:00:03,75.00,00:00:02,18.43 MB,0.45,,,
72869,ihealth-cluster,cgvallea/cgvallea,FAILED (exit code 1),1,2,00:00:31,55.36,00:00:28,69.27 MB,3.38,,72869_9,
72870,ihealth-cluster,cgvallea/cgvallea,FAILED (exit code 1),1,2,00:00:35,58.33,00:00:30,237.06 MB,11.58,,72869_0,
72871,ihealth-cluster,cgvallea/cgvallea,FAILED (exit code 1),1,2,00:00:35,58.33,00:00:30,169.81 MB,8.29,,72869_1,
72872,ihealth-cluster,cgvallea/cgvallea,FAILED (exit code 1),1,2,00:00:36,56.25,00:00:32,275.21 MB,13.44,,72869_2,
72873,ihealth-cluster,cgvallea/cgvallea,FAILED (exit code 1),1,2,00:00:36,56.25,00:00:32,282.70 MB,13.80,,72869_3,
72874,ihealth-cluster,cgvallea/cgvallea,FAILED (exit code 1),1,2,00:00:33,55.00,00:00:30,247.27 MB,12.07,,72869_4,
72875,ihealth-cluster,cgvallea/cgvallea,FAILED (exit code 1),1,2,00:00:35,56.45,00:00:31,267.63 MB,13.07,,72869_5,
72876,ihealth-cluster,cgvallea/cgvallea,FAILED (exit code 1),1,2,00:00:32,59.26,00:00:27,67.55 MB,3.30,,72869_6,
72877,ihealth-cluster,cgvallea/cgvallea,FAILED (exit code 1),1,2,00:00:32,55.17,00:00:29,85.14 MB,4.16,,72869_7,
72878,ihealth-cluster,cgvallea/cgvallea,FAILED (exit code 1),1,2,00:00:32,59.26,00:00:27,73.56 MB,3.59,,72869_8,
72879,ihealth-cluster,cgvallea/cgvallea,CANCELLED (exit code 0),1,2,01:19:28,71.21,00:55:48,933.56 MB,45.58,,72879_9,
72880,ihealth-cluster,cgvallea/cgvallea,CANCELLED (exit code 0),1,2,00:59:24,73.48,00:40:25,791.75 MB,38.66,,72879_0,
72881,ihealth-cluster,cgvallea/cgvallea,CANCELLED (exit code 0),1,2,00:58:58,72.95,00:40:25,792.70 MB,38.71,,72879_1,
72882,ihealth-cluster,cgvallea/cgvallea,CANCELLED (exit code 0),1,2,00:58:56,72.91,00:40:25,788.78 MB,38.51,,72879_2,
72883,ihealth-cluster,cgvallea/cgvallea,CANCELLED (exit code 0),1,2,01:19:11,70.95,00:55:48,966.31 MB,47.18,,72879_3,
72884,ihealth-cluster,cgvallea/cgvallea,CANCELLED (exit code 0),1,2,01:19:12,70.97,00:55:48,968.26 MB,47.28,,72879_4,
72885,ihealth-cluster,cgvallea/cgvallea,CANCELLED (exit code 0),1,2,01:19:17,71.04,00:55:48,974.37 MB,47.58,,72879_5,
72886,ihealth-cluster,cgvallea/cgvallea,CANCELLED (exit code 0),1,2,01:19:32,71.27,00:55:48,927.46 MB,45.29,,72879_6,
72887,ihealth-cluster,cgvallea/cgvallea,CANCELLED (exit code 0),1,2,01:19:31,71.25,00:55:48,923.24 MB,45.08,,72879_7,
72888,ihealth-cluster,cgvallea/cgvallea,CANCELLED (exit code 0),1,2,01:19:30,71.24,00:55:48,926.57 MB,45.24,,72879_8,
72889,ihealth-cluster,jaerrandonea/jaerrandonea,COMPLETED (exit code 0),1,20,02:07:43,13.16,00:48:31,6.72,6.72,,,
72890,ihealth-cluster,rmarcar/rmarcar,COMPLETED (exit code 0),1,16,00:00:29,7.88,00:00:23,59.50 MB,0.09,,,
72891,ihealth-cluster,rmarcar/rmarcar,CANCELLED (exit code 0),1,16,10:08:17,12.15,05:13:00,32.00,50.00,,,
72892,ihealth-cluster,rmarcar/rmarcar,COMPLETED (exit code 0),1,16,21:25:19,13.46,09:56:38,32.86,51.35,,,
72893,ihealth-cluster,rmarcar/rmarcar,CANCELLED (exit code 0),,,00:00:00,0.00,00:00:00,0.00 MB (estimated maximum),0.00,1,,
72894,ihealth-cluster,rmarcar/rmarcar,COMPLETED (exit code 0),1,16,02:04:48,19.92,00:39:09,19.23,30.05,,,
72895,ihealth-cluster,maparegal/maparegal,FAILED (exit code 1),1,20,00:08:03,33.54,00:01:12,20.46,25.57,,,
72896,ihealth-cluster,cgvallea/cgvallea,CANCELLED (exit code 0),1,2,00:00:10,62.50,00:00:08,399.08 MB,19.49,,72896_7,
72897,ihealth-cluster,cgvallea/cgvallea,CANCELLED (exit code 0),1,2,00:00:10,55.56,00:00:09,433.89 MB,21.19,,72896_0,
72898,ihealth-cluster,cgvallea/cgvallea,CANCELLED (exit code 0),1,2,00:00:10,55.56,00:00:09,395.45 MB,19.31,,72896_1,
72899,ihealth-cluster,cgvallea/cgvallea,CANCELLED (exit code 0),1,2,00:00:10,55.56,00:00:09,412.42 MB,20.14,,72896_2,
72900,ihealth-cluster,cgvallea/cgvallea,CANCELLED (exit code 0),1,2,00:00:10,55.56,00:00:09,406.84 MB,19.87,,72896_3,
72901,ihealth-cluster,cgvallea/cgvallea,CANCELLED (exit code 0),1,2,00:00:10,62.50,00:00:08,397.08 MB,19.39,,72896_4,
72902,ihealth-cluster,cgvallea/cgvallea,CANCELLED (exit code 0),1,2,00:00:10,62.50,00:00:08,399.35 MB,19.50,,72896_5,
72903,ihealth-cluster,cgvallea/cgvallea,CANCELLED (exit code 0),1,2,00:00:10,62.50,00:00:08,398.08 MB,19.44,,72896_6,
72904,ihealth-cluster,cgvallea/cgvallea,FAILED (exit code 1),1,2,00:00:33,56.90,00:00:29,134.08 MB,6.55,,72904_7,
72905,ihealth-cluster,cgvallea/cgvallea,FAILED (exit code 1),1,2,00:00:41,56.94,00:00:36,505.06 MB,24.66,,72904_0,
72906,ihealth-cluster,cgvallea/cgvallea,FAILED (exit code 1),1,2,00:00:41,55.41,00:00:37,496.77 MB,24.26,,72904_1,
72907,ihealth-cluster,cgvallea/cgvallea,FAILED (exit code 1),1,2,00:00:34,56.67,00:00:30,280.01 MB,13.67,,72904_2,
72908,ihealth-cluster,cgvallea/cgvallea,FAILED (exit code 1),1,2,00:00:33,56.90,00:00:29,129.30 MB,6.31,,72904_3,
72909,ihealth-cluster,cgvallea/cgvallea,FAILED (exit code 1),1,2,00:00:34,56.67,00:00:30,273.98 MB,13.38,,72904_4,
72910,ihealth-cluster,cgvallea/cgvallea,FAILED (exit code 1),1,2,00:00:33,56.90,00:00:29,132.59 MB,6.47,,72904_5,
72911,ihealth-cluster,cgvallea/cgvallea,FAILED (exit code 1),1,2,00:00:34,56.67,00:00:30,279.70 MB,13.66,,72904_6,
72912,ihealth-cluster,cgvallea/cgvallea,FAILED (exit code 1),1,2,00:13:16,69.58,00:09:32,444.49 MB,21.70,,72912_7,
72913,ihealth-cluster,cgvallea/cgvallea,FAILED (exit code 1),1,2,00:19:31,69.70,00:14:00,509.21 MB,24.86,,72912_0,
72914,ihealth-cluster,cgvallea/cgvallea,FAILED (exit code 1),1,2,00:19:50,69.84,00:14:12,511.55 MB,24.98,,72912_1,
72915,ihealth-cluster,cgvallea/cgvallea,FAILED (exit code 1),1,2,00:19:24,69.87,00:13:53,452.45 MB,22.09,,72912_2,
72916,ihealth-cluster,cgvallea/cgvallea,FAILED (exit code 1),1,2,00:13:10,69.79,00:09:26,415.44 MB,20.29,,72912_3,
72917,ihealth-cluster,cgvallea/cgvallea,FAILED (exit code 1),1,2,00:25:43,69.95,00:18:23,518.93 MB,25.34,,72912_4,
72918,ihealth-cluster,cgvallea/cgvallea,FAILED (exit code 1),1,2,00:13:01,69.61,00:09:21,447.75 MB,21.86,,72912_5,
72919,ihealth-cluster,cgvallea/cgvallea,FAILED (exit code 1),1,2,00:13:07,69.65,00:09:25,446.16 MB,21.79,,72912_6,
72920,ihealth-cluster,cgvallea/cgvallea,COMPLETED (exit code 0),1,4,00:14:53,75.17,00:04:57,2.08,51.91,,,
72921,ihealth-cluster,cgvallea/cgvallea,COMPLETED (exit code 0),1,4,00:12:21,75.61,00:04:05,1.91,47.86,,,
72922,ihealth-cluster,cgvallea/cgvallea,COMPLETED (exit code 0),1,4,00:12:41,74.90,00:04:14,1.84,45.89,,,
72923,ihealth-cluster,cgvallea/cgvallea,COMPLETED (exit code 0),1,4,00:11:33,75.66,00:03:49,1.51,37.83,,,
72924,ihealth-cluster,cgvallea/cgvallea,COMPLETED (exit code 0),1,4,00:11:52,75.74,00:03:55,1.63,40.64,,,
72925,ihealth-cluster,cgvallea/cgvallea,COMPLETED (exit code 0),1,4,00:12:07,76.37,00:03:58,1.57,39.31,,,
72926,ihealth-cluster,cgvallea/cgvallea,FAILED (exit code 1),1,4,00:00:12,25.00,00:00:12,8.89 MB,0.22,,,
72927,ihealth-cluster,cgvallea/cgvallea,FAILED (exit code 1),1,4,00:00:11,27.50,00:00:10,320.00 KB,0.01,,,
72928,ihealth-cluster,cgvallea/cgvallea,FAILED (exit code 1),1,4,00:00:11,27.50,00:00:10,296.00 KB,0.01,,,
72929,ihealth-cluster,cgvallea/cgvallea,COMPLETED (exit code 0),1,4,00:00:15,25.00,00:00:15,1.84 MB,0.05,,,
72930,ihealth-cluster,cgvallea/cgvallea,FAILED (exit code 1),1,2,01:06:34,69.92,00:47:36,857.73 MB,41.88,,72930_7,
72931,ihealth-cluster,cgvallea/cgvallea,FAILED (exit code 1),1,2,01:06:00,70.01,00:47:08,860.67 MB,42.02,,72930_0,
72932,ihealth-cluster,cgvallea/cgvallea,FAILED (exit code 1),1,2,01:06:37,69.90,00:47:39,857.93 MB,41.89,,72930_1,
72933,ihealth-cluster,cgvallea/cgvallea,FAILED (exit code 1),1,2,01:19:48,69.94,00:57:03,933.39 MB,45.58,,72930_2,
72934,ihealth-cluster,cgvallea/cgvallea,FAILED (exit code 1),1,2,00:52:59,70.08,00:37:48,725.68 MB,35.43,,72930_3,
72935,ihealth-cluster,cgvallea/cgvallea,FAILED (exit code 1),1,2,00:53:35,70.10,00:38:13,725.15 MB,35.41,,72930_4,
72936,ihealth-cluster,cgvallea/cgvallea,FAILED (exit code 1),1,2,00:53:36,70.10,00:38:14,724.78 MB,35.39,,72930_5,
72937,ihealth-cluster,cgvallea/cgvallea,FAILED (exit code 1),1,2,01:06:42,69.84,00:47:45,865.18 MB,42.25,,72930_6,
72938,ihealth-cluster,cgvallea/cgvallea,COMPLETED (exit code 0),1,4,00:00:16,23.53,00:00:17,19.49 MB,0.48,,,
72939,ihealth-cluster,cgvallea/cgvallea,FAILED (exit code 1),1,4,00:00:03,25.00,00:00:03,308.00 KB,0.01,,,
72940,ihealth-cluster,cgvallea/cgvallea,COMPLETED (exit code 0),1,4,00:00:47,32.64,00:00:36,632.85 MB,15.45,,,
72941,ihealth-cluster,cgvallea/cgvallea,COMPLETED (exit code 0),1,4,00:00:15,25.00,00:00:15,296.00 KB,0.01,,,
72942,ihealth-cluster,cgvallea/cgvallea,CANCELLED (exit code 0),1,4,00:01:00,25.00,00:01:00,603.27 MB,14.73,,,
72943,ihealth-cluster,cgvallea/cgvallea,COMPLETED (exit code 0),1,4,00:00:16,25.00,00:00:16,344.00 KB,0.01,,,
72944,ihealth-cluster,cgvallea/cgvallea,COMPLETED (exit code 0),1,4,00:00:19,27.94,00:00:17,568.00 KB,0.01,,,
72945,ihealth-cluster,cgvallea/cgvallea,COMPLETED (exit code 0),1,4,00:00:18,25.00,00:00:18,292.00 KB,0.01,,,
72946,ihealth-cluster,cgvallea/cgvallea,COMPLETED (exit code 0),1,4,00:00:18,26.47,00:00:17,536.00 KB,0.01,,,
72947,ihealth-cluster,cgvallea/cgvallea,COMPLETED (exit code 0),1,4,00:00:17,28.33,00:00:15,600.00 KB,0.01,,,
72948,ihealth-cluster,cgvallea/cgvallea,COMPLETED (exit code 0),1,4,00:00:18,26.47,00:00:17,1.43 MB,0.03,,,
72949,ihealth-cluster,cgvallea/cgvallea,FAILED (exit code 1),1,4,00:00:03,25.00,00:00:03,1.64 MB,0.04,,,
72950,ihealth-cluster,cgvallea/cgvallea,FAILED (exit code 1),1,4,00:00:03,25.00,00:00:03,4.62 MB,0.11,,,
72951,ihealth-cluster,cgvallea/cgvallea,FAILED (exit code 1),1,4,00:00:03,25.00,00:00:03,288.00 KB,0.01,,,
72952,ihealth-cluster,cgvallea/cgvallea,FAILED (exit code 1),1,4,00:00:03,25.00,00:00:03,3.86 MB,0.09,,,
72953,ihealth-cluster,cgvallea/cgvallea,FAILED (exit code 1),1,4,00:00:03,25.00,00:00:03,2.54 MB,0.06,,,
72954,ihealth-cluster,cgvallea/cgvallea,FAILED (exit code 1),1,4,00:00:03,25.00,00:00:03,228.00 KB,0.01,,,
72955,ihealth-cluster,cgvallea/cgvallea,FAILED (exit code 1),1,4,00:00:04,20.00,00:00:05,68.41 MB,1.67,,,
72956,ihealth-cluster,cgvallea/cgvallea,FAILED (exit code 1),1,4,00:00:03,18.75,00:00:04,2.57 MB,0.06,,,
72957,ihealth-cluster,cgvallea/cgvallea,FAILED (exit code 1),1,4,00:00:03,18.75,00:00:04,544.00 KB,0.01,,,
72958,ihealth-cluster,cgvallea/cgvallea,FAILED (exit code 1),1,4,00:00:03,25.00,00:00:03,1.64 MB,0.04,,,
72959,ihealth-cluster,cgvallea/cgvallea,FAILED (exit code 1),1,4,00:00:03,25.00,00:00:03,188.00 KB,0.00,,,
72960,ihealth-cluster,cgvallea/cgvallea,COMPLETED (exit code 0),1,4,00:00:17,26.56,00:00:16,1.17 MB,0.03,,,
72961,ihealth-cluster,cgvallea/cgvallea,COMPLETED (exit code 0),1,4,00:00:18,26.47,00:00:17,364.00 KB,0.01,,,
72962,ihealth-cluster,cgvallea/cgvallea,COMPLETED (exit code 0),1,4,00:00:17,26.56,00:00:16,1.12 MB,0.03,,,
72963,ihealth-cluster,cgvallea/cgvallea,COMPLETED (exit code 0),1,4,00:00:17,26.56,00:00:16,332.00 KB,0.01,,,
72964,ihealth-cluster,cgvallea/cgvallea,COMPLETED (exit code 0),1,4,00:00:16,26.67,00:00:15,380.00 KB,0.01,,,
72965,ihealth-cluster,cgvallea/cgvallea,COMPLETED (exit code 0),1,4,00:00:16,26.67,00:00:15,760.00 KB,0.02,,,
72966,ihealth-cluster,cgvallea/cgvallea,COMPLETED (exit code 0),1,4,00:00:16,26.67,00:00:15,448.00 KB,0.01,,,
72967,ihealth-cluster,cgvallea/cgvallea,COMPLETED (exit code 0),1,4,00:00:17,26.56,00:00:16,584.00 KB,0.01,,,
72968,ihealth-cluster,cgvallea/cgvallea,COMPLETED (exit code 0),1,4,00:00:17,26.56,00:00:16,368.00 KB,0.01,,,
72969,ihealth-cluster,cgvallea/cgvallea,COMPLETED (exit code 0),1,4,00:00:17,26.56,00:00:16,740.00 KB,0.02,,,
72970,ihealth-cluster,cgvallea/cgvallea,COMPLETED (exit code 0),1,4,00:00:17,26.56,00:00:16,400.00 KB,0.01,,,
72971,ihealth-cluster,cgvallea/cgvallea,COMPLETED (exit code 0),1,4,00:00:17,26.56,00:00:16,436.00 KB,0.01,,,
72972,ihealth-cluster,cgvallea/cgvallea,COMPLETED (exit code 0),1,4,00:00:16,26.67,00:00:15,324.00 KB,0.01,,,
72973,ihealth-cluster,cgvallea/cgvallea,COMPLETED (exit code 0),1,4,00:00:17,26.56,00:00:16,2.02 MB,0.05,,,
72974,ihealth-cluster,cgvallea/cgvallea,COMPLETED (exit code 0),1,4,00:00:18,28.12,00:00:16,6.71 MB,0.16,,,
72975,ihealth-cluster,cgvallea/cgvallea,COMPLETED (exit code 0),1,4,00:00:17,26.56,00:00:16,280.00 KB,0.01,,,
72976,ihealth-cluster,cgvallea/cgvallea,COMPLETED (exit code 0),1,4,00:00:16,26.67,00:00:15,372.00 KB,0.01,,,
72977,ihealth-cluster,cgvallea/cgvallea,COMPLETED (exit code 0),1,4,00:00:17,26.56,00:00:16,216.00 KB,0.01,,,
72978,ihealth-cluster,cgvallea/cgvallea,COMPLETED (exit code 0),1,4,00:00:18,26.47,00:00:17,468.00 KB,0.01,,,
72979,ihealth-cluster,cgvallea/cgvallea,COMPLETED (exit code 0),1,4,00:00:17,26.56,00:00:16,2.86 MB,0.07,,,
72980,ihealth-cluster,cgvallea/cgvallea,COMPLETED (exit code 0),1,4,00:00:17,26.56,00:00:16,460.00 KB,0.01,,,
72981,ihealth-cluster,cgvallea/cgvallea,COMPLETED (exit code 0),1,4,00:00:16,28.57,00:00:14,452.00 KB,0.01,,,
72982,ihealth-cluster,cgvallea/cgvallea,COMPLETED (exit code 0),1,4,00:00:17,28.33,00:00:15,348.00 KB,0.01,,,
72983,ihealth-cluster,cgvallea/cgvallea,COMPLETED (exit code 0),1,4,00:00:17,28.33,00:00:15,1.59 MB,0.04,,,
72984,ihealth-cluster,cgvallea/cgvallea,COMPLETED (exit code 0),1,4,00:00:17,28.33,00:00:15,256.00 KB,0.01,,,
72985,ihealth-cluster,cgvallea/cgvallea,COMPLETED (exit code 0),1,4,00:00:16,28.57,00:00:14,380.00 KB,0.01,,,
72986,ihealth-cluster,cgvallea/cgvallea,COMPLETED (exit code 0),1,4,00:00:17,26.56,00:00:16,432.00 KB,0.01,,,
72987,ihealth-cluster,cgvallea/cgvallea,COMPLETED (exit code 0),1,4,00:00:16,26.67,00:00:15,468.00 KB,0.01,,,
72988,ihealth-cluster,cgvallea/cgvallea,COMPLETED (exit code 0),1,4,00:00:20,26.32,00:00:19,484.00 KB,0.01,,,
72989,ihealth-cluster,cgvallea/cgvallea,COMPLETED (exit code 0),1,4,00:00:20,26.32,00:00:19,200.00 KB,0.00,,,
72990,ihealth-cluster,cgvallea/cgvallea,COMPLETED (exit code 0),1,4,00:00:21,26.25,00:00:20,212.00 KB,0.01,,,
72991,ihealth-cluster,cgvallea/cgvallea,COMPLETED (exit code 0),1,4,00:00:20,26.32,00:00:19,320.00 KB,0.01,,,
72992,ihealth-cluster,cgvallea/cgvallea,COMPLETED (exit code 0),1,4,00:00:22,27.50,00:00:20,312.00 KB,0.01,,,
72993,ihealth-cluster,cgvallea/cgvallea,COMPLETED (exit code 0),1,4,00:00:21,26.25,00:00:20,176.00 KB,0.00,,,
72994,ihealth-cluster,cgvallea/cgvallea,COMPLETED (exit code 0),1,4,00:00:20,27.78,00:00:18,432.00 KB,0.01,,,
72995,ihealth-cluster,cgvallea/cgvallea,FAILED (exit code 1),1,4,00:00:19,26.39,00:00:18,448.00 KB,0.01,,,
72996,ihealth-cluster,cgvallea/cgvallea,FAILED (exit code 1),1,4,00:00:19,26.39,00:00:18,424.00 KB,0.01,,,
72997,ihealth-cluster,cgvallea/cgvallea,COMPLETED (exit code 0),1,4,00:00:19,26.39,00:00:18,448.00 KB,0.01,,,
72998,ihealth-cluster,cgvallea/cgvallea,COMPLETED (exit code 0),1,4,00:00:20,26.32,00:00:19,432.00 KB,0.01,,,
72999,ihealth-cluster,cgvallea/cgvallea,COMPLETED (exit code 0),1,4,00:00:20,26.32,00:00:19,476.00 KB,0.01,,,
73000,ihealth-cluster,cgvallea/cgvallea,COMPLETED (exit code 0),1,4,00:00:21,26.25,00:00:20,268.00 KB,0.01,,,
73001,ihealth-cluster,cgvallea/cgvallea,COMPLETED (exit code 0),1,4,00:00:22,26.19,00:00:21,248.00 KB,0.01,,,
73002,ihealth-cluster,cgvallea/cgvallea,COMPLETED (exit code 0),1,4,00:00:20,26.32,00:00:19,284.00 KB,0.01,,,
73003,ihealth-cluster,cgvallea/cgvallea,COMPLETED (exit code 0),1,4,00:00:20,27.78,00:00:18,492.00 KB,0.01,,,
73004,ihealth-cluster,cgvallea/cgvallea,COMPLETED (exit code 0),1,4,00:00:20,26.32,00:00:19,432.00 KB,0.01,,,
73005,ihealth-cluster,cgvallea/cgvallea,COMPLETED (exit code 0),1,4,00:00:16,26.67,00:00:15,512.00 KB,0.01,,,
73006,ihealth-cluster,maparegal/maparegal,FAILED (exit code 1),1,20,05:59:40,72.66,00:24:45,55.37,69.21,,,
73007,ihealth-cluster,cgvallea/cgvallea,COMPLETED (exit code 0),1,4,00:00:17,26.56,00:00:16,13.42 MB,0.33,,,
73008,ihealth-cluster,cgvallea/cgvallea,COMPLETED (exit code 0),1,4,00:00:17,23.61,00:00:18,7.59 MB,0.19,,,
73009,ihealth-cluster,cgvallea/cgvallea,COMPLETED (exit code 0),1,4,00:00:17,26.56,00:00:16,352.00 KB,0.01,,,
73010,ihealth-cluster,cgvallea/cgvallea,COMPLETED (exit code 0),1,4,00:00:18,26.47,00:00:17,2.43 MB,0.06,,,
73011,ihealth-cluster,cgvallea/cgvallea,COMPLETED (exit code 0),1,4,00:00:19,26.39,00:00:18,30.96 MB,0.76,,,
73012,ihealth-cluster,cgvallea/cgvallea,COMPLETED (exit code 0),1,4,00:00:17,26.56,00:00:16,4.27 MB,0.10,,,
73013,ihealth-cluster,cgvallea/cgvallea,FAILED (exit code 1),1,4,00:00:03,18.75,00:00:04,3.02 MB,0.07,,,
73014,ihealth-cluster,cgvallea/cgvallea,COMPLETED (exit code 0),1,4,00:00:18,26.47,00:00:17,1.13 MB,0.03,,,
73015,ihealth-cluster,cgvallea/cgvallea,COMPLETED (exit code 0),1,4,00:00:20,23.81,00:00:21,25.53 MB,0.62,,,
73016,ihealth-cluster,cgvallea/cgvallea,COMPLETED (exit code 0),1,4,00:00:19,26.39,00:00:18,1.71 MB,0.04,,,
73017,ihealth-cluster,cgvallea/cgvallea,COMPLETED (exit code 0),1,4,00:00:20,27.78,00:00:18,556.00 KB,0.01,,,
73018,ihealth-cluster,cgvallea/cgvallea,COMPLETED (exit code 0),1,4,00:00:19,26.39,00:00:18,860.00 KB,0.02,,,
73019,ihealth-cluster,cgvallea/cgvallea,COMPLETED (exit code 0),1,4,00:00:19,26.39,00:00:18,448.00 KB,0.01,,,
73020,ihealth-cluster,cgvallea/cgvallea,COMPLETED (exit code 0),1,4,00:00:19,27.94,00:00:17,480.00 KB,0.01,,,
73021,ihealth-cluster,cgvallea/cgvallea,COMPLETED (exit code 0),1,4,00:00:18,26.47,00:00:17,1.08 MB,0.03,,,
73022,ihealth-cluster,cgvallea/cgvallea,COMPLETED (exit code 0),1,4,00:00:23,27.38,00:00:21,6.62 MB,0.16,,,
73023,ihealth-cluster,cgvallea/cgvallea,COMPLETED (exit code 0),1,4,00:00:24,26.09,00:00:23,812.00 KB,0.02,,,
73024,ihealth-cluster,cgvallea/cgvallea,CANCELLED (exit code 0),1,4,00:01:21,75.00,00:00:27,889.15 MB,21.71,,,
73025,ihealth-cluster,cgvallea/cgvallea,CANCELLED (exit code 0),1,4,00:01:06,75.00,00:00:22,832.20 MB,20.32,,,
73026,ihealth-cluster,cgvallea/cgvallea,CANCELLED (exit code 0),1,4,00:00:58,72.50,00:00:20,892.87 MB,21.80,,,
73027,ihealth-cluster,cgvallea/cgvallea,CANCELLED (exit code 0),,,00:00:00,0.00,00:00:00,0.00 MB (estimated maximum),0.00,1,,
73028,ihealth-cluster,cgvallea/cgvallea,CANCELLED (exit code 0),,,00:00:00,0.00,00:00:00,0.00 MB (estimated maximum),0.00,1,,
73029,ihealth-cluster,cgvallea/cgvallea,CANCELLED (exit code 0),,,00:00:00,0.00,00:00:00,0.00 MB (estimated maximum),0.00,1,,
73030,ihealth-cluster,cgvallea/cgvallea,CANCELLED (exit code 0),,,00:00:00,0.00,00:00:00,0.00 MB (estimated maximum),0.00,1,,
73031,ihealth-cluster,cgvallea/cgvallea,CANCELLED (exit code 0),,,00:00:00,0.00,00:00:00,0.00 MB (estimated maximum),0.00,1,,
73032,ihealth-cluster,cgvallea/cgvallea,CANCELLED (exit code 0),,,00:00:00,0.00,00:00:00,0.00 MB (estimated maximum),0.00,1,,
73033,ihealth-cluster,cgvallea/cgvallea,CANCELLED (exit code 0),,,00:00:00,0.00,00:00:00,0.00 MB (estimated maximum),0.00,1,,
73034,ihealth-cluster,cgvallea/cgvallea,COMPLETED (exit code 0),1,4,00:03:09,71.59,00:01:06,1.12,27.95,,,
73035,ihealth-cluster,cgvallea/cgvallea,COMPLETED (exit code 0),1,4,00:03:06,73.81,00:01:03,997.53 MB,24.35,,,
73036,ihealth-cluster,cgvallea/cgvallea,COMPLETED (exit code 0),1,4,00:03:30,70.95,00:01:14,895.39 MB,21.86,,,
73037,ihealth-cluster,cgvallea/cgvallea,COMPLETED (exit code 0),1,4,00:02:34,68.75,00:00:56,728.50 MB,17.79,,,
73038,ihealth-cluster,cgvallea/cgvallea,COMPLETED (exit code 0),1,4,00:02:41,70.61,00:00:57,762.48 MB,18.62,,,
73039,ihealth-cluster,cgvallea/cgvallea,COMPLETED (exit code 0),1,4,00:03:47,74.67,00:01:16,1.11,27.83,,,
73040,ihealth-cluster,cgvallea/cgvallea,COMPLETED (exit code 0),1,4,00:03:10,73.08,00:01:05,863.00 MB,21.07,,,
73041,ihealth-cluster,cgvallea/cgvallea,COMPLETED (exit code 0),1,4,00:03:13,73.11,00:01:06,873.19 MB,21.32,,,
73042,ihealth-cluster,cgvallea/cgvallea,COMPLETED (exit code 0),1,4,00:03:19,73.16,00:01:08,1.17,29.16,,,
73043,ihealth-cluster,cgvallea/cgvallea,COMPLETED (exit code 0),1,4,00:02:01,60.50,00:00:50,881.43 MB,21.52,,,
73044,ihealth-cluster,cgvallea/cgvallea,FAILED (exit code 1),1,4,00:00:03,25.00,00:00:03,2.02 MB,0.05,,,
73045,ihealth-cluster,dibarrera/dibarrera,COMPLETED (exit code 0),1,10,07:18:51,10.01,07:18:30,1.36,1.36,,,
73046,ihealth-cluster,cgvallea/cgvallea,COMPLETED (exit code 0),1,4,00:00:12,27.27,00:00:11,3.02 MB,0.07,,,
73047,ihealth-cluster,cgvallea/cgvallea,COMPLETED (exit code 0),1,4,00:00:10,27.78,00:00:09,3.70 MB,0.09,,,
73048,ihealth-cluster,cgvallea/cgvallea,COMPLETED (exit code 0),1,4,00:00:12,27.27,00:00:11,1.41 MB,0.03,,,
73049,ihealth-cluster,cgvallea/cgvallea,COMPLETED (exit code 0),1,4,00:00:28,25.93,00:00:27,536.00 KB,0.01,,,
73050,ihealth-cluster,cgvallea/cgvallea,CANCELLED (exit code 0),1,4,00:01:12,81.82,00:00:22,879.64 MB,21.48,,,
73051,ihealth-cluster,cgvallea/cgvallea,CANCELLED (exit code 0),1,4,00:01:00,78.95,00:00:19,698.25 MB,17.05,,,
73052,ihealth-cluster,cgvallea/cgvallea,CANCELLED (exit code 0),1,4,00:00:52,81.25,00:00:16,720.42 MB,17.59,,,
73053,ihealth-cluster,cgvallea/cgvallea,CANCELLED (exit code 0),,,00:00:00,0.00,00:00:00,0.00 MB (estimated maximum),0.00,1,,
73054,ihealth-cluster,cgvallea/cgvallea,CANCELLED (exit code 0),,,00:00:00,0.00,00:00:00,0.00 MB (estimated maximum),0.00,1,,
73055,ihealth-cluster,cgvallea/cgvallea,CANCELLED (exit code 0),,,00:00:00,0.00,00:00:00,0.00 MB (estimated maximum),0.00,1,,
73056,ihealth-cluster,cgvallea/cgvallea,CANCELLED (exit code 0),,,00:00:00,0.00,00:00:00,0.00 MB (estimated maximum),0.00,1,,
73057,ihealth-cluster,cgvallea/cgvallea,CANCELLED (exit code 0),,,00:00:00,0.00,00:00:00,0.00 MB (estimated maximum),0.00,1,,
73058,ihealth-cluster,cgvallea/cgvallea,CANCELLED (exit code 0),,,00:00:00,0.00,00:00:00,0.00 MB (estimated maximum),0.00,1,,
73059,ihealth-cluster,cgvallea/cgvallea,CANCELLED (exit code 0),,,00:00:00,0.00,00:00:00,0.00 MB (estimated maximum),0.00,1,,
73060,ihealth-cluster,cgvallea/cgvallea,COMPLETED (exit code 0),1,4,00:06:46,81.85,00:02:04,949.05 MB,23.17,,,
73061,ihealth-cluster,cgvallea/cgvallea,COMPLETED (exit code 0),1,4,00:06:05,78.66,00:01:56,981.10 MB,23.95,,,
73062,ihealth-cluster,cgvallea/cgvallea,COMPLETED (exit code 0),1,4,00:06:16,80.34,00:01:57,949.95 MB,23.19,,,
73063,ihealth-cluster,cgvallea/cgvallea,COMPLETED (exit code 0),1,4,00:05:52,78.57,00:01:52,878.26 MB,21.44,,,
73064,ihealth-cluster,cgvallea/cgvallea,COMPLETED (exit code 0),1,4,00:04:39,78.37,00:01:29,874.69 MB,21.35,,,
73065,ihealth-cluster,cgvallea/cgvallea,COMPLETED (exit code 0),1,4,00:05:25,75.23,00:01:48,899.38 MB,21.96,,,
73066,ihealth-cluster,cgvallea/cgvallea,COMPLETED (exit code 0),1,4,00:04:06,82.00,00:01:15,1019.64 MB,24.89,,,
73067,ihealth-cluster,cgvallea/cgvallea,COMPLETED (exit code 0),1,4,00:02:54,87.00,00:00:50,848.47 MB,20.71,,,
73068,ihealth-cluster,cgvallea/cgvallea,COMPLETED (exit code 0),1,4,00:03:59,80.74,00:01:14,1.02,25.54,,,
73069,ihealth-cluster,cgvallea/cgvallea,COMPLETED (exit code 0),1,4,00:03:26,79.23,00:01:05,1.04,25.90,,,
73070,ihealth-cluster,cgvallea/cgvallea,CANCELLED (exit code 0),1,4,00:17:34,91.49,00:04:48,1.29,32.19,,,
73071,ihealth-cluster,cgvallea/cgvallea,CANCELLED (exit code 0),1,4,00:17:13,90.61,00:04:45,1.19,29.77,,,
73072,ihealth-cluster,cgvallea/cgvallea,CANCELLED (exit code 0),1,4,00:17:12,90.53,00:04:45,1.20,30.05,,,
73073,ihealth-cluster,cgvallea/cgvallea,CANCELLED (exit code 0),1,4,00:17:09,90.58,00:04:44,1.31,32.78,,,
73074,ihealth-cluster,cgvallea/cgvallea,CANCELLED (exit code 0),1,4,00:17:09,90.58,00:04:44,1.39,34.86,,,
73075,ihealth-cluster,cgvallea/cgvallea,CANCELLED (exit code 0),1,4,00:15:27,81.60,00:04:44,1.32,32.92,,,
73076,ihealth-cluster,cgvallea/cgvallea,CANCELLED (exit code 0),1,4,00:08:34,95.90,00:02:14,1.00,25.05,,,
73077,ihealth-cluster,cgvallea/cgvallea,CANCELLED (exit code 0),1,4,00:08:08,97.60,00:02:05,995.50 MB,24.30,,,
73078,ihealth-cluster,cgvallea/cgvallea,CANCELLED (exit code 0),1,4,00:07:42,92.40,00:02:05,889.68 MB,21.72,,,
73079,ihealth-cluster,cgvallea/cgvallea,CANCELLED (exit code 0),1,4,00:07:42,92.40,00:02:05,914.59 MB,22.33,,,
73080,ihealth-cluster,cgvallea/cgvallea,CANCELLED (exit code 0),1,4,06:47:25,88.16,01:55:32,2.69,67.14,,,
73081,ihealth-cluster,cgvallea/cgvallea,CANCELLED (exit code 0),1,4,06:53:15,89.58,01:55:20,3.14,78.41,,,
73082,ihealth-cluster,cgvallea/cgvallea,COMPLETED (exit code 0),1,4,00:33:18,77.68,00:10:43,3.03,75.66,,,
73083,ihealth-cluster,cgvallea/cgvallea,CANCELLED (exit code 0),1,4,07:04:12,92.16,01:55:04,1.69,42.25,,,
73084,ihealth-cluster,cgvallea/cgvallea,FAILED (exit code 1),1,20,00:00:05,8.33,00:00:03,844.00 KB,0.01,,73084_20,
73085,ihealth-cluster,cgvallea/cgvallea,FAILED (exit code 1),1,20,00:00:05,8.33,00:00:03,86.05 MB,0.53,,73084_17,
73086,ihealth-cluster,cgvallea/cgvallea,FAILED (exit code 1),1,20,00:00:06,15.00,00:00:02,804.00 KB,0.00,,73084_18,
73087,ihealth-cluster,cgvallea/cgvallea,FAILED (exit code 1),1,20,00:00:05,12.50,00:00:02,860.00 KB,0.01,,73084_19,
73088,ihealth-cluster,maparegal/maparegal,COMPLETED (exit code 0),1,20,23:46:16,79.90,01:29:15,55.95,69.94,,,
73089,ihealth-cluster,cgvallea/cgvallea,CANCELLED (exit code 0),1,2,00:00:21,52.50,00:00:20,478.54 MB,23.37,,73089_5,
73090,ihealth-cluster,cgvallea/cgvallea,CANCELLED (exit code 0),1,2,00:00:22,52.38,00:00:21,445.93 MB,21.77,,73089_0,
73091,ihealth-cluster,cgvallea/cgvallea,CANCELLED (exit code 0),1,2,00:00:22,55.00,00:00:20,454.33 MB,22.18,,73089_1,
73092,ihealth-cluster,cgvallea/cgvallea,CANCELLED (exit code 0),1,2,00:00:22,55.00,00:00:20,465.00 MB,22.70,,73089_2,
73093,ihealth-cluster,cgvallea/cgvallea,CANCELLED (exit code 0),1,2,00:00:21,52.50,00:00:20,448.11 MB,21.88,,73089_3,
73094,ihealth-cluster,cgvallea/cgvallea,CANCELLED (exit code 0),1,2,00:00:22,55.00,00:00:20,331.97 MB,16.21,,73089_4,
73095,ihealth-cluster,cgvallea/cgvallea,CANCELLED (exit code 0),1,2,00:02:01,56.54,00:01:47,830.85 MB,40.57,,73095_5,
73096,ihealth-cluster,cgvallea/cgvallea,CANCELLED (exit code 0),1,2,00:02:01,56.54,00:01:47,869.35 MB,42.45,,73095_0,
73097,ihealth-cluster,cgvallea/cgvallea,CANCELLED (exit code 0),1,2,00:02:02,57.01,00:01:47,824.06 MB,40.24,,73095_1,
73098,ihealth-cluster,cgvallea/cgvallea,CANCELLED (exit code 0),1,2,00:02:02,57.01,00:01:47,853.32 MB,41.67,,73095_2,
73099,ihealth-cluster,cgvallea/cgvallea,CANCELLED (exit code 0),1,2,00:02:03,57.48,00:01:47,792.96 MB,38.72,,73095_3,
73100,ihealth-cluster,cgvallea/cgvallea,CANCELLED (exit code 0),1,2,00:02:03,57.48,00:01:47,796.67 MB,38.90,,73095_4,
73101,ihealth-cluster,cgvallea/cgvallea,FAILED (exit code 1),1,2,00:14:47,67.40,00:10:58,796.25 MB,38.88,,73101_5,
73102,ihealth-cluster,cgvallea/cgvallea,FAILED (exit code 1),1,2,00:15:44,67.91,00:11:35,794.18 MB,38.78,,73101_0,
73103,ihealth-cluster,cgvallea/cgvallea,FAILED (exit code 1),1,2,00:02:38,56.43,00:02:20,868.18 MB,42.39,,73101_1,
73104,ihealth-cluster,cgvallea/cgvallea,FAILED (exit code 1),1,2,00:02:25,56.64,00:02:08,700.13 MB,34.19,,73101_2,
73105,ihealth-cluster,cgvallea/cgvallea,FAILED (exit code 1),1,2,00:14:28,67.29,00:10:45,809.41 MB,39.52,,73101_3,
73106,ihealth-cluster,cgvallea/cgvallea,FAILED (exit code 1),1,2,00:15:28,68.14,00:11:21,723.89 MB,35.35,,73101_4,
73107,ihealth-cluster,cgvallea/cgvallea,FAILED (exit code 1),1,20,00:00:05,8.33,00:00:03,3.22 MB,0.02,,,
73108,ihealth-cluster,cgvallea/cgvallea,FAILED (exit code 1),1,20,00:00:05,8.33,00:00:03,1.98 MB,0.01,,,
73109,ihealth-cluster,cgvallea/cgvallea,FAILED (exit code 1),1,20,00:00:05,8.33,00:00:03,1.09 MB,0.01,,,
73110,ihealth-cluster,cgvallea/cgvallea,FAILED (exit code 1),1,20,00:00:05,8.33,00:00:03,760.00 KB,0.00,,,
73111,ihealth-cluster,cgvallea/cgvallea,FAILED (exit code 1),1,20,00:00:05,6.25,00:00:04,8.62 MB,0.05,,,
73112,ihealth-cluster,cgvallea/cgvallea,FAILED (exit code 1),1,20,00:00:05,8.33,00:00:03,14.86 MB,0.09,,,
73113,ihealth-cluster,cgvallea/cgvallea,FAILED (exit code 1),1,20,00:01:06,25.38,00:00:13,368.32 MB,2.25,,,
73114,ihealth-cluster,cgvallea/cgvallea,FAILED (exit code 1),1,20,00:00:53,26.50,00:00:10,277.67 MB,1.69,,,
73115,ihealth-cluster,cgvallea/cgvallea,FAILED (exit code 1),1,20,00:00:05,12.50,00:00:02,5.09 MB,0.03,,73115_20,
73116,ihealth-cluster,cgvallea/cgvallea,FAILED (exit code 1),1,20,00:01:06,20.62,00:00:16,367.04 MB,2.24,,73115_17,
73117,ihealth-cluster,cgvallea/cgvallea,FAILED (exit code 1),1,20,00:01:01,21.79,00:00:14,278.12 MB,1.70,,73115_18,
73118,ihealth-cluster,cgvallea/cgvallea,FAILED (exit code 1),1,20,00:00:05,8.33,00:00:03,988.00 KB,0.01,,73115_19,
73119,ihealth-cluster,cgvallea/cgvallea,FAILED (exit code 1),1,20,00:00:04,6.67,00:00:03,624.00 KB,0.00,,,
73120,ihealth-cluster,cgvallea/cgvallea,FAILED (exit code 1),1,20,00:00:04,6.67,00:00:03,1020.00 KB,0.01,,,
73121,ihealth-cluster,cgvallea/cgvallea,FAILED (exit code 1),1,2,00:00:50,56.82,00:00:44,119.69 MB,5.84,,73121_5,
73122,ihealth-cluster,cgvallea/cgvallea,FAILED (exit code 1),1,2,00:00:50,54.35,00:00:46,82.43 MB,4.03,,73121_0,
73123,ihealth-cluster,cgvallea/cgvallea,FAILED (exit code 1),1,2,00:00:51,55.43,00:00:46,170.05 MB,8.30,,73121_1,
73124,ihealth-cluster,cgvallea/cgvallea,FAILED (exit code 1),1,2,00:00:49,54.44,00:00:45,83.05 MB,4.06,,73121_2,
73125,ihealth-cluster,cgvallea/cgvallea,FAILED (exit code 1),1,2,00:00:50,55.56,00:00:45,74.32 MB,3.63,,73121_3,
73126,ihealth-cluster,cgvallea/cgvallea,FAILED (exit code 1),1,2,00:00:49,55.68,00:00:44,129.33 MB,6.31,,73121_4,
73127,ihealth-cluster,cgvallea/cgvallea,FAILED (exit code 1),1,2,00:00:37,54.41,00:00:34,180.26 MB,8.80,,73127_5,
73128,ihealth-cluster,cgvallea/cgvallea,FAILED (exit code 1),1,2,00:00:37,52.86,00:00:35,186.92 MB,9.13,,73127_0,
73129,ihealth-cluster,cgvallea/cgvallea,FAILED (exit code 1),1,2,00:00:38,54.29,00:00:35,131.55 MB,6.42,,73127_1,
73130,ihealth-cluster,cgvallea/cgvallea,FAILED (exit code 1),1,2,00:00:38,54.29,00:00:35,131.53 MB,6.42,,73127_2,
73131,ihealth-cluster,cgvallea/cgvallea,FAILED (exit code 1),1,2,00:00:38,54.29,00:00:35,131.63 MB,6.43,,73127_3,
73132,ihealth-cluster,cgvallea/cgvallea,FAILED (exit code 1),1,2,00:00:37,54.41,00:00:34,180.15 MB,8.80,,73127_4,
73133,ihealth-cluster,cgvallea/cgvallea,FAILED (exit code 1),1,2,00:00:39,54.17,00:00:36,183.08 MB,8.94,,73133_5,
73134,ihealth-cluster,cgvallea/cgvallea,FAILED (exit code 1),1,2,00:00:38,54.29,00:00:35,63.78 MB,3.11,,73133_0,
73135,ihealth-cluster,cgvallea/cgvallea,FAILED (exit code 1),1,2,00:00:39,52.70,00:00:37,183.11 MB,8.94,,73133_1,
73136,ihealth-cluster,cgvallea/cgvallea,FAILED (exit code 1),1,2,00:00:39,52.70,00:00:37,183.64 MB,8.97,,73133_2,
73137,ihealth-cluster,cgvallea/cgvallea,FAILED (exit code 1),1,2,00:00:39,52.70,00:00:37,182.91 MB,8.93,,73133_3,
73138,ihealth-cluster,cgvallea/cgvallea,FAILED (exit code 1),1,2,00:00:39,54.17,00:00:36,183.89 MB,8.98,,73133_4,
73139,ihealth-cluster,cgvallea/cgvallea,FAILED (exit code 1),1,20,00:00:10,10.00,00:00:05,1.37 MB,0.01,,,
73140,ihealth-cluster,cgvallea/cgvallea,FAILED (exit code 1),1,2,00:14:11,69.30,00:10:14,488.51 MB,23.85,,73140_5,
73141,ihealth-cluster,cgvallea/cgvallea,FAILED (exit code 1),1,2,00:00:42,55.26,00:00:38,242.19 MB,11.83,,73140_0,
73142,ihealth-cluster,cgvallea/cgvallea,FAILED (exit code 1),1,2,00:00:36,54.55,00:00:33,211.75 MB,10.34,,73140_1,
73143,ihealth-cluster,cgvallea/cgvallea,FAILED (exit code 1),1,2,00:00:36,54.55,00:00:33,212.92 MB,10.40,,73140_2,
73144,ihealth-cluster,cgvallea/cgvallea,FAILED (exit code 1),1,2,00:14:07,69.31,00:10:11,469.52 MB,22.93,,73140_3,
73145,ihealth-cluster,cgvallea/cgvallea,FAILED (exit code 1),1,2,00:00:36,54.55,00:00:33,219.06 MB,10.70,,73140_4,
73146,ihealth-cluster,cgvallea/cgvallea,FAILED (exit code 1),1,20,00:00:05,8.33,00:00:03,1016.00 KB,0.01,,,
73147,ihealth-cluster,cgvallea/cgvallea,FAILED (exit code 1),1,20,00:00:06,10.00,00:00:03,1.07 MB,0.01,,,
73148,ihealth-cluster,cgvallea/cgvallea,FAILED (exit code 1),1,2,00:00:35,56.45,00:00:31,135.27 MB,6.60,,73148_5,
73149,ihealth-cluster,cgvallea/cgvallea,FAILED (exit code 1),1,2,00:00:35,54.69,00:00:32,176.39 MB,8.61,,73148_0,
73150,ihealth-cluster,cgvallea/cgvallea,FAILED (exit code 1),1,2,00:00:35,56.45,00:00:31,164.11 MB,8.01,,73148_1,
73151,ihealth-cluster,cgvallea/cgvallea,FAILED (exit code 1),1,2,00:00:35,56.45,00:00:31,181.99 MB,8.89,,73148_2,
73152,ihealth-cluster,cgvallea/cgvallea,FAILED (exit code 1),1,2,00:00:35,56.45,00:00:31,179.54 MB,8.77,,73148_3,
73153,ihealth-cluster,cgvallea/cgvallea,FAILED (exit code 1),1,2,00:13:16,68.98,00:09:37,446.46 MB,21.80,,73148_4,
73154,ihealth-cluster,cgvallea/cgvallea,FAILED (exit code 1),1,20,00:00:06,10.00,00:00:03,784.00 KB,0.00,,,
73155,ihealth-cluster,cgvallea/cgvallea,FAILED (exit code 1),1,20,00:00:06,10.00,00:00:03,1.00 MB,0.01,,,
73156,ihealth-cluster,cgvallea/cgvallea,CANCELLED (exit code 0),1,2,00:12:23,71.03,00:08:43,453.99 MB,22.17,,73156_5,
73157,ihealth-cluster,cgvallea/cgvallea,CANCELLED (exit code 0),1,2,00:12:25,71.22,00:08:43,391.99 MB,19.14,,73156_0,
73158,ihealth-cluster,cgvallea/cgvallea,CANCELLED (exit code 0),1,2,00:12:24,71.13,00:08:43,453.20 MB,22.13,,73156_1,
73159,ihealth-cluster,cgvallea/cgvallea,CANCELLED (exit code 0),1,2,00:12:24,71.13,00:08:43,453.33 MB,22.14,,73156_2,
73160,ihealth-cluster,cgvallea/cgvallea,CANCELLED (exit code 0),1,2,00:12:24,71.13,00:08:43,454.07 MB,22.17,,73156_3,
73161,ihealth-cluster,cgvallea/cgvallea,CANCELLED (exit code 0),1,2,00:12:26,71.32,00:08:43,457.04 MB,22.32,,73156_4,
73162,ihealth-cluster,cgvallea/cgvallea,FAILED (exit code 1),1,20,00:00:56,23.33,00:00:12,303.70 MB,1.85,,,
73163,ihealth-cluster,cgvallea/cgvallea,FAILED (exit code 1),1,20,00:00:05,12.50,00:00:02,1.72 MB,0.01,,,
73164,ihealth-cluster,cgvallea/cgvallea,CANCELLED (exit code 0),1,2,00:00:13,50.00,00:00:13,394.23 MB,19.25,,73164_4,
73165,ihealth-cluster,cgvallea/cgvallea,CANCELLED (exit code 0),1,2,00:00:15,57.69,00:00:13,391.36 MB,19.11,,73164_0,
73166,ihealth-cluster,cgvallea/cgvallea,CANCELLED (exit code 0),1,2,00:00:16,61.54,00:00:13,392.87 MB,19.18,,73164_1,
73167,ihealth-cluster,cgvallea/cgvallea,CANCELLED (exit code 0),1,2,00:00:15,57.69,00:00:13,383.47 MB,18.72,,73164_2,
73168,ihealth-cluster,cgvallea/cgvallea,CANCELLED (exit code 0),1,2,00:00:14,53.85,00:00:13,401.92 MB,19.62,,73164_3,
73169,ihealth-cluster,cgvallea/cgvallea,FAILED (exit code 1),1,2,00:00:20,58.82,00:00:17,64.59 MB,3.15,,73169_9,
73170,ihealth-cluster,cgvallea/cgvallea,FAILED (exit code 1),1,2,00:00:25,56.82,00:00:22,92.71 MB,4.53,,73169_0,
73171,ihealth-cluster,cgvallea/cgvallea,FAILED (exit code 1),1,2,00:00:25,56.82,00:00:22,92.55 MB,4.52,,73169_1,
73172,ihealth-cluster,cgvallea/cgvallea,FAILED (exit code 1),1,2,00:00:26,59.09,00:00:22,92.93 MB,4.54,,73169_2,
73173,ihealth-cluster,cgvallea/cgvallea,FAILED (exit code 1),1,2,00:00:26,59.09,00:00:22,92.82 MB,4.53,,73169_3,
73174,ihealth-cluster,cgvallea/cgvallea,FAILED (exit code 1),1,2,00:00:26,59.09,00:00:22,92.31 MB,4.51,,73169_4,
73175,ihealth-cluster,cgvallea/cgvallea,FAILED (exit code 1),1,2,00:00:20,55.56,00:00:18,63.16 MB,3.08,,73169_5,
73176,ihealth-cluster,cgvallea/cgvallea,CANCELLED (exit code 0),1,2,00:01:01,67.78,00:00:45,313.83 MB,15.32,,73169_6,
73177,ihealth-cluster,cgvallea/cgvallea,FAILED (exit code 1),1,2,00:00:20,55.56,00:00:18,64.44 MB,3.15,,73169_7,
73178,ihealth-cluster,cgvallea/cgvallea,FAILED (exit code 1),1,2,00:00:20,58.82,00:00:17,64.64 MB,3.16,,73169_8,
73179,ihealth-cluster,cgvallea/cgvallea,FAILED (exit code 1),1,4,00:00:24,30.00,00:00:20,64.80 MB,3.16,,73179_9,
73180,ihealth-cluster,cgvallea/cgvallea,FAILED (exit code 1),1,4,00:00:26,30.95,00:00:21,92.61 MB,4.52,,73179_0,
73181,ihealth-cluster,cgvallea/cgvallea,FAILED (exit code 1),1,4,00:00:26,30.95,00:00:21,92.76 MB,4.53,,73179_1,
73182,ihealth-cluster,cgvallea/cgvallea,FAILED (exit code 1),1,4,00:00:26,30.95,00:00:21,93.18 MB,4.55,,73179_2,
73183,ihealth-cluster,cgvallea/cgvallea,FAILED (exit code 1),1,4,00:00:26,30.95,00:00:21,93.02 MB,4.54,,73179_3,
73184,ihealth-cluster,cgvallea/cgvallea,FAILED (exit code 1),1,4,00:00:26,30.95,00:00:21,92.35 MB,4.51,,73179_4,
73185,ihealth-cluster,cgvallea/cgvallea,FAILED (exit code 1),1,4,00:00:25,29.76,00:00:21,63.24 MB,3.09,,73179_5,
73186,ihealth-cluster,cgvallea/cgvallea,FAILED (exit code 1),1,4,00:14:50,64.68,00:05:44,383.58 MB,18.73,,73179_6,
73187,ihealth-cluster,cgvallea/cgvallea,FAILED (exit code 1),1,4,00:00:24,28.57,00:00:21,64.47 MB,3.15,,73179_7,
73188,ihealth-cluster,cgvallea/cgvallea,FAILED (exit code 1),1,4,00:00:24,30.00,00:00:20,64.73 MB,3.16,,73179_8,
73189,ihealth-cluster,cgvallea/cgvallea,FAILED (exit code 1),1,20,00:00:51,25.50,00:00:10,277.57 MB,1.69,,,
73190,ihealth-cluster,cgvallea/cgvallea,FAILED (exit code 1),1,4,00:41:40,67.93,00:15:20,643.81 MB,31.44,,73190_9,
73191,ihealth-cluster,cgvallea/cgvallea,FAILED (exit code 1),1,4,00:45:53,67.54,00:16:59,712.16 MB,34.77,,73190_0,
73192,ihealth-cluster,cgvallea/cgvallea,FAILED (exit code 1),1,4,00:48:48,68.28,00:17:52,739.51 MB,36.11,,73190_1,
73193,ihealth-cluster,cgvallea/cgvallea,FAILED (exit code 1),1,4,00:49:02,68.23,00:17:58,739.00 MB,36.08,,73190_2,
73194,ihealth-cluster,cgvallea/cgvallea,FAILED (exit code 1),1,4,00:48:40,68.22,00:17:50,741.58 MB,36.21,,73190_3,
73195,ihealth-cluster,cgvallea/cgvallea,FAILED (exit code 1),1,4,00:47:56,67.45,00:17:46,741.07 MB,36.19,,73190_4,
73196,ihealth-cluster,cgvallea/cgvallea,FAILED (exit code 1),1,4,00:51:20,68.14,00:18:50,733.14 MB,35.80,,73190_5,
73197,ihealth-cluster,cgvallea/cgvallea,FAILED (exit code 1),1,4,01:01:12,68.25,00:22:25,789.65 MB,38.56,,73190_6,
73198,ihealth-cluster,cgvallea/cgvallea,FAILED (exit code 1),1,4,01:01:42,68.25,00:22:36,793.78 MB,38.76,,73190_7,
73199,ihealth-cluster,cgvallea/cgvallea,FAILED (exit code 1),1,4,00:42:27,68.10,00:15:35,659.35 MB,32.19,,73190_8,
73200,ihealth-cluster,cgvallea/cgvallea,FAILED (exit code 1),1,20,00:01:07,27.92,00:00:12,406.46 MB,2.48,,,
73201,ihealth-cluster,rmarcar/rmarcar,COMPLETED (exit code 0),1,16,00:02:30,15.62,00:01:00,2.57,4.02,,,
73202,ihealth-cluster,rmarcar/rmarcar,COMPLETED (exit code 0),1,16,00:02:31,24.84,00:00:38,2.60,4.07,,,
73203,ihealth-cluster,rmarcar/rmarcar,COMPLETED (exit code 0),1,16,00:02:33,29.88,00:00:32,2.31,3.61,,,
73204,ihealth-cluster,rmarcar/rmarcar,COMPLETED (exit code 0),1,16,00:02:32,29.69,00:00:32,2.56,4.00,,,
73205,ihealth-cluster,rmarcar/rmarcar,COMPLETED (exit code 0),1,16,10:52:42,13.10,05:11:29,35.89,56.08,,,
73206,ihealth-cluster,rmarcar/rmarcar,COMPLETED (exit code 0),1,16,2-10:24:40,10.90,1-09:29:18,33.96,53.06,,,
73207,ihealth-cluster,maparegal/maparegal,COMPLETED (exit code 0),1,20,24-14:34:46,80.72,1-12:34:47,80.00,100.00,,,
73208,ihealth-cluster,rmarcar/rmarcar,CANCELLED (exit code 0),1,16,00:03:00,2.98,00:06:17,4.33,6.76,,,
73209,ihealth-cluster,rmarcar/rmarcar,CANCELLED (exit code 0),1,16,00:01:35,5.35,00:01:51,4.26,6.66,,,
73210,ihealth-cluster,rmarcar/rmarcar,COMPLETED (exit code 0),1,16,00:51:31,21.66,00:14:52,17.64,27.55,,,
73211,ihealth-cluster,rmarcar/rmarcar,COMPLETED (exit code 0),1,16,00:02:30,30.24,00:00:31,3.00,4.69,,,
73212,ihealth-cluster,rmarcar/rmarcar,COMPLETED (exit code 0),1,16,00:02:21,31.47,00:00:28,6.21 MB,0.01,,,
73213,ihealth-cluster,rmarcar/rmarcar,FAILED (exit code 1),1,16,00:00:16,4.00,00:00:25,290.92 MB,0.36,,,
73214,ihealth-cluster,rmarcar/rmarcar,FAILED (exit code 1),1,4,00:00:15,22.06,00:00:17,254.21 MB,0.31,,,
73215,ihealth-cluster,rmarcar/rmarcar,COMPLETED (exit code 0),1,16,00:53:25,17.24,00:19:22,15.65,24.45,,,
73216,ihealth-cluster,rmarcar/rmarcar,COMPLETED (exit code 0),1,16,00:00:07,6.25,00:00:07,5.29 MB,0.01,,,
73217,ihealth-cluster,rmarcar/rmarcar,COMPLETED (exit code 0),1,16,00:01:37,18.37,00:00:33,2.59,4.04,,,
73218,ihealth-cluster,fjmadariagal/fjmadariagal,TIMEOUT (exit code 0),1,2,00:04:44,3.92,01:00:25,3.88,99.30,,,
73219,ihealth-cluster,maparegal/maparegal,COMPLETED (exit code 0),1,20,3-19:18:05,80.50,05:40:15,60.76,75.95,,,
73220,ihealth-cluster,cgvallea/cgvallea,CANCELLED (exit code 0),1,2,00:02:21,2.04,00:57:40,3.36,42.05,,,
73221,ihealth-cluster,dibarrera/dibarrera,COMPLETED (exit code 0),1,10,14:37:55,10.00,14:38:05,1.82,1.82,,,
73222,ihealth-cluster,cgvallea/cgvallea,CANCELLED (exit code 0),1,20,01:51:11,69.78,00:07:58,3.22,20.14,,,
73224,ihealth-cluster,cgvallea/cgvallea,CANCELLED (exit code 0),1,20,01:45:09,71.86,00:07:19,2.75,17.19,,73223_17,
73225,ihealth-cluster,cgvallea/cgvallea,COMPLETED (exit code 0),1,10,04:56:37,79.88,00:37:08,9.02,56.39,,73225_21,
73226,ihealth-cluster,cgvallea/cgvallea,COMPLETED (exit code 0),1,10,06:27:39,81.47,00:47:35,8.01,50.05,,73225_17,
73227,ihealth-cluster,cgvallea/cgvallea,COMPLETED (exit code 0),1,10,03:47:45,80.48,00:28:18,6.31,39.41,,73225_18,
73228,ihealth-cluster,cgvallea/cgvallea,COMPLETED (exit code 0),1,10,04:07:14,79.62,00:31:03,7.62,47.62,,73225_19,
73229,ihealth-cluster,cgvallea/cgvallea,COMPLETED (exit code 0),1,10,03:47:05,78.76,00:28:50,6.30,39.37,,73225_20,
73230,ihealth-cluster,cgvallea/cgvallea,CANCELLED (exit code 0),1,2,00:07:59,2.69,02:28:10,4.74,59.21,,,
73231,ihealth-cluster,pamessina/pamessina,TIMEOUT (exit code 0),1,8,00:00:05,0.01,03:00:19,199.52 MB,0.97,,,
73232,ihealth-cluster,cgvallea/cgvallea,CANCELLED (exit code 0),1,8,00:01:51,0.42,00:55:27,1.16,11.62,,,
73233,ihealth-cluster,maparegal/maparegal,COMPLETED (exit code 0),1,2,00:19:28,74.21,00:13:07,33.78,51.97,,,
73234,ihealth-cluster,cgvallea/cgvallea,CANCELLED (exit code 0),1,2,00:08:39,14.74,00:29:21,5.66,70.79,,,
73235,ihealth-cluster,cgvallea/cgvallea,FAILED (exit code 1),1,4,00:00:03,25.00,00:00:03,312.00 KB,0.01,,,
73236,ihealth-cluster,cgvallea/cgvallea,CANCELLED (exit code 0),1,4,00:05:06,75.74,00:01:41,1.31,32.69,,,
73237,ihealth-cluster,cgvallea/cgvallea,CANCELLED (exit code 0),1,4,00:03:45,73.05,00:01:17,1.15,28.68,,,
73238,ihealth-cluster,cgvallea/cgvallea,CANCELLED (exit code 0),1,4,00:02:36,76.47,00:00:51,1.03,25.78,,,
73239,ihealth-cluster,cgvallea/cgvallea,COMPLETED (exit code 0),1,4,00:18:08,75.35,00:06:01,2.26,56.58,,,
73240,ihealth-cluster,cgvallea/cgvallea,COMPLETED (exit code 0),1,4,00:17:41,74.93,00:05:54,2.36,59.12,,,
73241,ihealth-cluster,cgvallea/cgvallea,COMPLETED (exit code 0),1,4,00:17:22,75.95,00:05:43,2.19,54.77,,,
73242,ihealth-cluster,cgvallea/cgvallea,COMPLETED (exit code 0),1,4,00:17:11,74.71,00:05:45,2.04,50.94,,,
73243,ihealth-cluster,cgvallea/cgvallea,COMPLETED (exit code 0),1,4,00:18:03,76.27,00:05:55,2.33,58.21,,,
73244,ihealth-cluster,cgvallea/cgvallea,COMPLETED (exit code 0),1,4,00:17:35,76.23,00:05:46,2.38,59.53,,,
73245,ihealth-cluster,cgvallea/cgvallea,COMPLETED (exit code 0),1,4,00:18:06,76.26,00:05:56,2.03,50.75,,,
73246,ihealth-cluster,cgvallea/cgvallea,COMPLETED (exit code 0),1,4,00:17:59,76.42,00:05:53,2.38,59.44,,,
73247,ihealth-cluster,cgvallea/cgvallea,COMPLETED (exit code 0),1,4,00:17:34,76.38,00:05:45,2.15,53.66,,,
73248,ihealth-cluster,cgvallea/cgvallea,COMPLETED (exit code 0),1,4,00:17:07,76.19,00:05:37,2.29,57.30,,,
73249,ihealth-cluster,cgvallea/cgvallea,CANCELLED (exit code 0),1,20,00:05:11,1.19,00:21:51,17.71,88.55,,,
73250,ihealth-cluster,cgvallea/cgvallea,FAILED (exit code 127),1,4,00:00:00,0.00,00:00:00,144.00 KB,0.00,,73250_10,
73251,ihealth-cluster,cgvallea/cgvallea,FAILED (exit code 127),1,4,00:00:00,0.00,00:00:01,180.00 KB,0.00,,73250_1,
73252,ihealth-cluster,cgvallea/cgvallea,FAILED (exit code 127),1,4,00:00:00,0.00,00:00:00,156.00 KB,0.00,,73250_2,
73253,ihealth-cluster,cgvallea/cgvallea,FAILED (exit code 127),1,4,00:00:00,0.00,00:00:00,120.00 KB,0.00,,73250_3,
73254,ihealth-cluster,cgvallea/cgvallea,FAILED (exit code 127),1,4,00:00:00,0.00,00:00:00,252.00 KB,0.00,,73250_4,
73255,ihealth-cluster,cgvallea/cgvallea,FAILED (exit code 127),1,4,00:00:00,0.00,00:00:00,100.00 KB,0.00,,73250_5,
73256,ihealth-cluster,cgvallea/cgvallea,FAILED (exit code 127),1,4,00:00:00,0.00,00:00:00,304.00 KB,0.00,,73250_6,
73257,ihealth-cluster,cgvallea/cgvallea,FAILED (exit code 127),1,4,00:00:00,0.00,00:00:00,148.00 KB,0.00,,73250_7,
73258,ihealth-cluster,cgvallea/cgvallea,FAILED (exit code 127),1,4,00:00:00,0.00,00:00:00,168.00 KB,0.00,,73250_8,
73259,ihealth-cluster,cgvallea/cgvallea,FAILED (exit code 127),1,4,00:00:00,0.00,00:00:00,236.00 KB,0.00,,73250_9,
73260,ihealth-cluster,cgvallea/cgvallea,FAILED (exit code 127),1,4,00:00:00,0.00,00:00:01,88.00 KB,0.00,,73260_10,
73261,ihealth-cluster,cgvallea/cgvallea,FAILED (exit code 127),1,4,00:00:00,0.00,00:00:01,252.00 KB,0.00,,73260_1,
73262,ihealth-cluster,cgvallea/cgvallea,FAILED (exit code 127),1,4,00:00:00,0.00,00:00:01,128.00 KB,0.00,,73260_2,
73263,ihealth-cluster,cgvallea/cgvallea,FAILED (exit code 127),1,4,00:00:00,0.00,00:00:01,156.00 KB,0.00,,73260_3,
73264,ihealth-cluster,cgvallea/cgvallea,FAILED (exit code 127),1,4,00:00:00,0.00,00:00:01,256.00 KB,0.00,,73260_4,
73265,ihealth-cluster,cgvallea/cgvallea,FAILED (exit code 127),1,4,00:00:00,0.00,00:00:01,152.00 KB,0.00,,73260_5,
73266,ihealth-cluster,cgvallea/cgvallea,FAILED (exit code 127),1,4,00:00:00,0.00,00:00:01,212.00 KB,0.00,,73260_6,
73267,ihealth-cluster,cgvallea/cgvallea,FAILED (exit code 127),1,4,00:00:00,0.00,00:00:01,216.00 KB,0.00,,73260_7,
73268,ihealth-cluster,cgvallea/cgvallea,FAILED (exit code 127),1,4,00:00:00,0.00,00:00:01,128.00 KB,0.00,,73260_8,
73269,ihealth-cluster,cgvallea/cgvallea,FAILED (exit code 127),1,4,00:00:00,0.00,00:00:01,100.00 KB,0.00,,73260_9,
73270,ihealth-cluster,cgvallea/cgvallea,CANCELLED (exit code 0),1,4,00:00:41,78.85,00:00:13,966.70 MB,5.90,,73270_10,
73271,ihealth-cluster,cgvallea/cgvallea,CANCELLED (exit code 0),1,4,00:00:40,71.43,00:00:14,988.88 MB,6.04,,73270_1,
73272,ihealth-cluster,cgvallea/cgvallea,CANCELLED (exit code 0),1,4,00:00:41,78.85,00:00:13,921.24 MB,5.62,,73270_2,
73273,ihealth-cluster,cgvallea/cgvallea,CANCELLED (exit code 0),1,4,00:00:41,78.85,00:00:13,984.72 MB,6.01,,73270_3,
73274,ihealth-cluster,cgvallea/cgvallea,CANCELLED (exit code 0),1,4,00:00:40,76.92,00:00:13,1.01,6.32,,73270_4,
73275,ihealth-cluster,cgvallea/cgvallea,CANCELLED (exit code 0),1,4,00:00:40,76.92,00:00:13,914.54 MB,5.58,,73270_5,
73276,ihealth-cluster,cgvallea/cgvallea,CANCELLED (exit code 0),1,4,00:00:40,76.92,00:00:13,904.26 MB,5.52,,73270_6,
73277,ihealth-cluster,cgvallea/cgvallea,CANCELLED (exit code 0),1,4,00:00:40,76.92,00:00:13,861.18 MB,5.26,,73270_7,
73278,ihealth-cluster,cgvallea/cgvallea,CANCELLED (exit code 0),1,4,00:00:40,76.92,00:00:13,849.61 MB,5.19,,73270_8,
73279,ihealth-cluster,cgvallea/cgvallea,CANCELLED (exit code 0),1,4,00:00:40,76.92,00:00:13,864.53 MB,5.28,,73270_9,
73280,ihealth-cluster,cgvallea/cgvallea,CANCELLED (exit code 0),1,4,00:15:18,78.33,00:04:53,2.12,13.25,,,
73281,ihealth-cluster,cgvallea/cgvallea,FAILED (exit code 1),1,20,00:00:04,10.00,00:00:02,1016.00 KB,0.01,,,
73282,ihealth-cluster,cgvallea/cgvallea,CANCELLED (exit code 0),1,20,00:01:22,34.17,00:00:12,1.17,7.33,,,
73283,ihealth-cluster,cgvallea/cgvallea,FAILED (exit code 1),1,20,00:00:05,8.33,00:00:03,972.00 KB,0.01,,,
73284,ihealth-cluster,cgvallea/cgvallea,CANCELLED (exit code 0),1,20,00:01:38,35.00,00:00:14,907.38 MB,5.54,,,
73285,ihealth-cluster,cgvallea/cgvallea,COMPLETED (exit code 0),1,20,01:16:06,39.29,00:09:41,2.90,2.90,,,
73286,ihealth-cluster,dibarrera/dibarrera,COMPLETED (exit code 0),1,10,21:44:36,27.39,07:56:20,14.33,14.33,,,
73287,ihealth-cluster,pamessina/pamessina,TIMEOUT (exit code 0),1,8,00:00:25,0.03,03:00:16,876.71 MB,4.28,,,
73289,ihealth-cluster,cgvallea/cgvallea,CANCELLED (exit code 0),1,10,00:01:11,44.38,00:00:16,886.65 MB,0.87,,73288_0,
73290,ihealth-cluster,cgvallea/cgvallea,CANCELLED (exit code 0),1,10,00:01:09,46.00,00:00:15,1.15,1.15,,73288_1,
73291,ihealth-cluster,cgvallea/cgvallea,FAILED (exit code 1),1,10,00:00:04,20.00,00:00:02,500.00 KB,0.00,,73291_9,
73292,ihealth-cluster,cgvallea/cgvallea,COMPLETED (exit code 0),1,10,01:03:21,53.76,00:11:47,2.83,28.31,,73291_0,
73293,ihealth-cluster,cgvallea/cgvallea,COMPLETED (exit code 0),1,10,00:59:03,53.60,00:11:01,2.85,28.53,,73291_1,
73294,ihealth-cluster,cgvallea/cgvallea,COMPLETED (exit code 0),1,10,00:57:51,53.24,00:10:52,3.09,30.91,,73291_2,
73295,ihealth-cluster,cgvallea/cgvallea,COMPLETED (exit code 0),1,10,01:01:21,53.66,00:11:26,3.02,30.22,,73291_3,
73296,ihealth-cluster,cgvallea/cgvallea,COMPLETED (exit code 0),1,10,00:57:51,53.81,00:10:45,3.05,30.53,,73291_4,
73297,ihealth-cluster,cgvallea/cgvallea,COMPLETED (exit code 0),1,10,00:59:08,54.00,00:10:57,3.08,30.83,,73291_5,
73298,ihealth-cluster,cgvallea/cgvallea,COMPLETED (exit code 0),1,10,01:01:01,53.37,00:11:26,3.10,31.01,,73291_6,
73299,ihealth-cluster,cgvallea/cgvallea,COMPLETED (exit code 0),1,10,01:03:28,53.48,00:11:52,3.06,30.61,,73291_7,
73300,ihealth-cluster,maparegal/maparegal,COMPLETED (exit code 0),1,2,02:21:53,74.82,01:34:49,65.00,99.99,,,
73301,ihealth-cluster,cgvallea/cgvallea,COMPLETED (exit code 0),1,10,00:56:52,54.07,00:10:31,3.04,30.41,,73291_8,
73302,ihealth-cluster,pamessina/pamessina,CANCELLED (exit code 0),1,8,00:00:01,0.00,01:17:49,72.13 MB,0.35,,,
73303,ihealth-cluster,fjmadariagal/fjmadariagal,TIMEOUT (exit code 0),1,2,00:00:07,0.10,01:00:16,642.24 MB,16.06,,,
73304,ihealth-cluster,pamessina/pamessina,TIMEOUT (exit code 0),1,8,00:02:28,0.17,03:00:26,10.31,51.57,,,
73305,ihealth-cluster,maparegal/maparegal,CANCELLED (exit code 0),,,00:00:00,0.00,00:00:00,0.00 MB (estimated maximum),0.00,1,,
73306,ihealth-cluster,pamessina/pamessina,TIMEOUT (exit code 0),1,8,00:00:04,0.00,03:00:25,144.29 MB,0.70,,,
73307,ihealth-cluster,fjmadariagal/fjmadariagal,TIMEOUT (exit code 0),1,2,00:00:46,0.64,01:00:14,3.88,99.29,,,
73308,ihealth-cluster,pamessina/pamessina,CANCELLED (exit code 0),1,8,00:00:21,0.02,02:57:20,595.02 MB,2.91,,,
73309,ihealth-cluster,maparegal/maparegal,CANCELLED (exit code 0),1,2,01:10:32,67.73,00:52:04,66.97,99.96,,,
73310,ihealth-cluster,maparegal/maparegal,COMPLETED (exit code 0),1,2,01:21:21,67.08,01:00:38,66.67,99.51,,,
73311,ihealth-cluster,cgvallea/cgvallea,TIMEOUT (exit code 0),1,8,00:02:15,0.16,03:00:23,1.82,18.18,,,
73312,ihealth-cluster,pamessina/pamessina,TIMEOUT (exit code 0),1,8,00:00:07,0.01,03:00:12,148.81 MB,0.73,,,
73313,ihealth-cluster,pamessina/pamessina,COMPLETED (exit code 0),1,8,00:02:37,22.05,00:01:29,22.50,35.16,,,
73314,ihealth-cluster,dibarrera/dibarrera,OUT_OF_MEMORY (exit code 0),1,10,00:02:21,10.29,00:02:17,81.70,81.70,,,
73315,ihealth-cluster,dibarrera/dibarrera,OUT_OF_MEMORY (exit code 0),1,10,1-01:22:14,27.00,09:23:43,93.02,93.02,,,
73316,ihealth-cluster,pamessina/pamessina,COMPLETED (exit code 0),1,8,00:01:31,13.70,00:01:23,14.02,21.91,,,
73317,ihealth-cluster,pamessina/pamessina,COMPLETED (exit code 0),1,8,00:03:05,22.02,00:01:45,28.82,45.03,,,
73318,ihealth-cluster,pamessina/pamessina,COMPLETED (exit code 0),1,8,00:13:44,24.24,00:07:05,33.89,52.96,,,
73319,ihealth-cluster,pamessina/pamessina,TIMEOUT (exit code 0),1,8,00:00:01,0.00,03:00:27,70.87 MB,0.35,,,
73320,ihealth-cluster,pamessina/pamessina,COMPLETED (exit code 0),1,8,00:05:51,23.34,00:03:08,33.76,52.75,,,
73321,ihealth-cluster,pamessina/pamessina,TIMEOUT (exit code 0),1,8,00:00:03,0.00,03:00:18,190.61 MB,0.93,,,
73322,ihealth-cluster,pamessina/pamessina,COMPLETED (exit code 0),1,8,00:05:56,23.67,00:03:08,33.64,52.56,,,
73323,ihealth-cluster,pamessina/pamessina,COMPLETED (exit code 0),1,8,00:05:56,23.67,00:03:08,33.56,52.44,,,
73324,ihealth-cluster,pamessina/pamessina,COMPLETED (exit code 0),1,8,00:15:37,24.45,00:07:59,34.12,53.32,,,
73325,ihealth-cluster,cgrivera/cgrivera,FAILED (exit code 1),1,2,00:00:09,30.00,00:00:15,794.05 MB,3.88,,,
73326,ihealth-cluster,cgrivera/cgrivera,FAILED (exit code 1),1,2,00:00:07,38.89,00:00:09,208.00 KB,0.00,,,
73327,ihealth-cluster,cgrivera/cgrivera,COMPLETED (exit code 0),1,2,00:00:54,77.14,00:00:35,2.57,12.86,,,
73328,ihealth-cluster,pamessina/pamessina,TIMEOUT (exit code 0),1,8,00:00:08,0.01,03:00:21,233.30 MB,1.14,,,
73329,ihealth-cluster,pamessina/pamessina,COMPLETED (exit code 0),1,8,00:02:10,23.55,00:01:09,27.31,42.67,,,
73330,ihealth-cluster,pamessina/pamessina,COMPLETED (exit code 0),1,8,00:09:47,23.59,00:05:11,34.09,53.26,,,
73331,ihealth-cluster,pamessina/pamessina,CANCELLED (exit code 0),1,8,00:19:35,24.77,00:09:53,44.71,69.86,,,
73332,ihealth-cluster,cgvallea/cgvallea,TIMEOUT (exit code 0),1,8,00:01:03,0.07,03:00:05,902.05 MB,8.81,,,
73333,ihealth-cluster,mgonzalez/mgonzalez,FAILED (exit code 1),1,2,1-04:06:40,40.84,1-10:25:09,29.97,99.91,,,
73334,ihealth-cluster,maparegal/maparegal,COMPLETED (exit code 0),1,2,02:21:55,74.29,01:35:31,65.00,99.99,,,
73335,ihealth-cluster,dibarrera/dibarrera,COMPLETED (exit code 0),1,10,19:53:40,33.56,05:55:38,53.40,53.40,,,
73336,ihealth-cluster,pamessina/pamessina,TIMEOUT (exit code 0),1,8,00:00:05,0.01,03:00:05,169.79 MB,0.83,,,
73337,ihealth-cluster,pamessina/pamessina,TIMEOUT (exit code 0),1,8,00:00:01,0.00,03:00:27,66.41 MB,0.32,,,
73338,ihealth-cluster,pamessina/pamessina,TIMEOUT (exit code 0),1,8,00:00:06,0.01,03:00:13,193.08 MB,0.94,,,
73339,ihealth-cluster,pamessina/pamessina,TIMEOUT (exit code 0),1,8,00:00:07,0.01,03:00:05,186.52 MB,0.91,,,
73340,ihealth-cluster,pamessina/pamessina,CANCELLED (exit code 0),1,8,00:17:49,24.61,00:09:03,59.10,92.34,,,
73341,ihealth-cluster,pamessina/pamessina,CANCELLED (exit code 0),1,8,00:53:11,24.90,00:26:42,63.00,98.43,,,
73342,ihealth-cluster,pamessina/pamessina,TIMEOUT (exit code 0),1,8,00:00:06,0.01,03:00:23,185.20 MB,0.90,,,
73343,ihealth-cluster,pamessina/pamessina,CANCELLED (exit code 0),1,8,00:01:45,0.14,02:35:11,2.57,12.85,,,
73344,ihealth-cluster,pamessina/pamessina,TIMEOUT (exit code 0),1,8,00:01:17,0.09,03:00:04,3.29,16.44,,,
73345,ihealth-cluster,pamessina/pamessina,CANCELLED (exit code 0),1,8,00:09:33,24.36,00:04:54,50.07,78.23,,,
73346,ihealth-cluster,pamessina/pamessina,CANCELLED (exit code 0),1,8,00:09:23,24.27,00:04:50,51.27,80.11,,,
73347,ihealth-cluster,pamessina/pamessina,CANCELLED (exit code 0),1,8,00:03:08,0.92,00:42:40,1.37,6.85,,,
73348,ihealth-cluster,pamessina/pamessina,TIMEOUT (exit code 0),1,8,00:02:57,0.20,03:00:22,3.51,17.53,,,
73349,ihealth-cluster,pamessina/pamessina,CANCELLED (exit code 0),1,8,00:13:43,24.44,00:07:01,58.78,91.84,,,
73350,ihealth-cluster,pamessina/pamessina,TIMEOUT (exit code 0),1,8,00:03:12,0.22,03:00:15,13.45,67.23,,,
73351,ihealth-cluster,pamessina/pamessina,COMPLETED (exit code 0),1,8,00:03:16,22.69,00:01:48,32.99,51.54,,,
73352,ihealth-cluster,pamessina/pamessina,CANCELLED (exit code 0),1,8,00:18:54,24.74,00:09:33,58.53,91.45,,,
73353,ihealth-cluster,fjmadariagal/fjmadariagal,TIMEOUT (exit code 0),1,2,00:00:06,0.08,01:00:21,480.46 MB,12.01,,,
73354,ihealth-cluster,pamessina/pamessina,TIMEOUT (exit code 0),1,8,00:01:12,0.08,03:00:10,1.01,5.05,,,
73355,ihealth-cluster,pamessina/pamessina,COMPLETED (exit code 0),1,8,00:00:16,18.18,00:00:11,15.34 MB,0.02,,,
73356,ihealth-cluster,pamessina/pamessina,COMPLETED (exit code 0),1,8,00:11:05,24.23,00:05:43,42.33,66.14,,,
73357,ihealth-cluster,pamessina/pamessina,CANCELLED (exit code 0),1,8,00:19:14,24.74,00:09:43,59.45,92.89,,,
73358,ihealth-cluster,pamessina/pamessina,CANCELLED (exit code 0),1,8,00:27:27,24.83,00:13:49,59.60,93.13,,,
73359,ihealth-cluster,pamessina/pamessina,TIMEOUT (exit code 0),1,8,00:00:08,0.01,03:00:23,269.89 MB,1.32,,,
73360,ihealth-cluster,jacastro/jacastro,TIMEOUT (exit code 0),1,2,00:00:03,0.39,00:06:23,110.71 MB,2.70,,,
73361,ihealth-cluster,jacastro/jacastro,COMPLETED (exit code 0),1,2,00:00:01,0.20,00:04:04,2.02 MB,0.05,,,
73362,ihealth-cluster,pamessina/pamessina,TIMEOUT (exit code 0),1,8,00:00:03,0.00,03:00:15,140.57 MB,0.69,,,
73363,ihealth-cluster,pamessina/pamessina,COMPLETED (exit code 0),1,8,00:09:23,23.46,00:05:00,34.25,53.52,,,
73364,ihealth-cluster,pamessina/pamessina,CANCELLED (exit code 0),1,8,00:19:09,24.72,00:09:41,59.33,92.71,,,
73365,ihealth-cluster,pamessina/pamessina,TIMEOUT (exit code 0),1,8,00:01:03,0.07,03:00:22,897.20 MB,4.38,,,
73366,ihealth-cluster,fjmadariagal/fjmadariagal,COMPLETED (exit code 0),1,2,00:00:02,0.13,00:12:23,128.29 MB,3.21,,,
73367,ihealth-cluster,fjmadariagal/fjmadariagal,COMPLETED (exit code 0),1,2,00:00:02,0.16,00:10:11,130.45 MB,3.26,,,
73368,ihealth-cluster,fjmadariagal/fjmadariagal,COMPLETED (exit code 0),1,2,00:00:02,0.16,00:10:12,169.89 MB,4.25,,,
73369,ihealth-cluster,pamessina/pamessina,TIMEOUT (exit code 0),1,8,00:00:54,0.06,03:00:00,946.78 MB,4.62,,,
73370,ihealth-cluster,pamessina/pamessina,COMPLETED (exit code 0),1,8,00:01:05,22.57,00:00:36,17.35,27.10,,,
73371,ihealth-cluster,pamessina/pamessina,CANCELLED (exit code 0),1,8,00:26:52,24.78,00:13:33,60.99,95.29,,,
73372,ihealth-cluster,jacastro/jacastro,TIMEOUT (exit code 0),1,2,00:00:05,0.65,00:06:26,220.55 MB,5.38,,,
73373,ihealth-cluster,jacastro/jacastro,TIMEOUT (exit code 0),1,2,00:00:03,0.04,01:00:08,78.42 MB,0.38,,,
73374,ihealth-cluster,jacastro/jacastro,TIMEOUT (exit code 0),1,2,00:00:03,0.04,01:00:28,78.43 MB,0.38,,,
73375,ihealth-cluster,fjmadariagal/fjmadariagal,TIMEOUT (exit code 0),1,2,00:00:01,0.01,01:00:11,67.21 MB,1.68,,,
73376,ihealth-cluster,fjmadariagal/fjmadariagal,TIMEOUT (exit code 0),1,2,00:00:02,0.03,01:00:02,122.33 MB,3.06,,,
73377,ihealth-cluster,fjmadariagal/fjmadariagal,CANCELLED (exit code 0),,,00:00:00,0.00,00:00:00,0.00 MB (estimated maximum),0.00,1,,
73378,ihealth-cluster,fjmadariagal/fjmadariagal,TIMEOUT (exit code 0),1,2,00:00:55,0.76,01:00:10,2.58,66.11,,,
73379,ihealth-cluster,vruizval/vruizval,COMPLETED (exit code 0),1,12,00:02:07,23.52,00:00:45,3.69,7.39,,,
73380,ihealth-cluster,vruizval/vruizval,FAILED (exit code 1),1,12,00:00:08,9.52,00:00:07,163.12 MB,0.32,,,
73381,ihealth-cluster,vruizval/vruizval,COMPLETED (exit code 0),1,12,00:02:25,30.21,00:00:40,3.58,7.16,,,
73382,ihealth-cluster,vruizval/vruizval,FAILED (exit code 1),1,12,00:00:07,9.72,00:00:06,255.10 MB,0.50,,,
73383,ihealth-cluster,vruizval/vruizval,FAILED (exit code 1),1,12,00:00:05,8.33,00:00:05,162.62 MB,0.32,,,
73384,ihealth-cluster,vruizval/vruizval,COMPLETED (exit code 0),1,12,13:28:26,77.23,01:27:14,38.81,77.61,,,
73385,ihealth-cluster,pamessina/pamessina,TIMEOUT (exit code 0),1,8,00:02:05,0.14,03:00:21,1.13,5.64,,,
73386,ihealth-cluster,vruizval/vruizval,FAILED (exit code 1),1,12,00:00:04,8.33,00:00:04,1.40 MB,0.00,,,
73387,ihealth-cluster,jacastro/jacastro,CANCELLED (exit code 0),1,2,00:00:02,0.40,00:04:13,78.90 MB,0.39,,,
73388,ihealth-cluster,pamessina/pamessina,CANCELLED (exit code 0),1,8,00:10:09,24.40,00:05:12,35.05,54.76,,,
73389,ihealth-cluster,pamessina/pamessina,COMPLETED (exit code 0),1,8,00:10:16,23.99,00:05:21,34.93,54.58,,,
73390,ihealth-cluster,pamessina/pamessina,CANCELLED (exit code 0),1,8,00:12:44,24.49,00:06:30,51.47,80.42,,,
73391,ihealth-cluster,pamessina/pamessina,TIMEOUT (exit code 0),1,8,00:05:27,0.38,03:00:06,1.26,6.30,,,
73392,ihealth-cluster,pamessina/pamessina,CANCELLED (exit code 0),1,8,00:15:44,24.58,00:08:00,52.22,81.60,,,
73393,ihealth-cluster,jacastro/jacastro,CANCELLED (exit code 0),1,2,00:00:08,0.24,00:27:48,543.36 MB,13.27,,,
73394,ihealth-cluster,jacastro/jacastro,COMPLETED (exit code 0),1,2,00:00:02,33.33,00:00:03,16.23 MB,0.79,,,
73395,ihealth-cluster,jacastro/jacastro,CANCELLED (exit code 0),1,4,00:00:07,0.09,00:33:16,308.79 MB,15.08,,,
73396,ihealth-cluster,jacastro/jacastro,COMPLETED (exit code 0),1,2,00:00:03,37.50,00:00:04,49.25 MB,2.40,,,
73397,ihealth-cluster,jacastro/jacastro,CANCELLED (exit code 0),1,4,00:00:02,0.24,00:03:26,66.43 MB,3.24,,,
73398,ihealth-cluster,chriscidl/chriscidl,TIMEOUT (exit code 0),1,2,00:00:47,0.22,03:00:23,3.10,15.52,,,
73399,ihealth-cluster,vruizval/vruizval,COMPLETED (exit code 0),1,12,03:18:32,70.15,00:23:35,10.11,20.23,,,
73400,ihealth-cluster,vruizval/vruizval,FAILED (exit code 1),1,12,00:00:04,8.33,00:00:04,167.61 MB,0.33,,,
73401,ihealth-cluster,vruizval/vruizval,COMPLETED (exit code 0),1,12,03:23:50,62.33,00:27:15,8.51,17.01,,,
73402,ihealth-cluster,mgonzalez/mgonzalez,CANCELLED (exit code 0),1,2,16:45:00,39.98,20:56:52,29.97,99.90,,,
73403,ihealth-cluster,mgonzalez/mgonzalez,CANCELLED (exit code 0),1,2,16:46:21,40.02,20:57:14,29.97,99.91,,,
73404,ihealth-cluster,mgonzalez/mgonzalez,CANCELLED (exit code 0),1,2,16:44:33,39.99,20:55:52,29.97,99.89,,,
73405,ihealth-cluster,jacastro/jacastro,TIMEOUT (exit code 0),1,4,00:06:54,1.43,02:00:20,1.80,45.00,,,
73406,ihealth-cluster,cgvallea/cgvallea,FAILED (exit code 1),1,4,00:00:03,25.00,00:00:03,2.98 MB,0.07,,73406_9,
73407,ihealth-cluster,cgvallea/cgvallea,FAILED (exit code 1),1,4,00:00:03,18.75,00:00:04,2.37 MB,0.06,,73406_0,
73408,ihealth-cluster,cgvallea/cgvallea,FAILED (exit code 1),1,4,00:00:03,18.75,00:00:04,1.86 MB,0.05,,73406_1,
73409,ihealth-cluster,cgvallea/cgvallea,FAILED (exit code 1),1,4,00:00:03,18.75,00:00:04,2.23 MB,0.05,,73406_2,
73410,ihealth-cluster,cgvallea/cgvallea,FAILED (exit code 1),1,4,00:00:03,18.75,00:00:04,2.98 MB,0.07,,73406_3,
73411,ihealth-cluster,cgvallea/cgvallea,FAILED (exit code 1),1,4,00:00:03,18.75,00:00:04,1.73 MB,0.04,,73406_4,
73412,ihealth-cluster,cgvallea/cgvallea,FAILED (exit code 1),1,4,00:00:03,18.75,00:00:04,2.04 MB,0.05,,73406_5,
73413,ihealth-cluster,cgvallea/cgvallea,FAILED (exit code 1),1,4,00:00:03,18.75,00:00:04,2.11 MB,0.05,,73406_6,
73414,ihealth-cluster,cgvallea/cgvallea,FAILED (exit code 1),1,4,00:00:03,18.75,00:00:04,2.91 MB,0.07,,73406_7,
73415,ihealth-cluster,cgvallea/cgvallea,FAILED (exit code 1),1,4,00:00:03,18.75,00:00:04,1.56 MB,0.04,,73406_8,
73416,ihealth-cluster,cgvallea/cgvallea,FAILED (exit code 1),1,4,00:00:03,25.00,00:00:03,204.00 KB,0.00,,73416_9,
73417,ihealth-cluster,cgvallea/cgvallea,FAILED (exit code 1),1,4,00:00:03,25.00,00:00:03,288.00 KB,0.01,,73416_0,
73418,ihealth-cluster,cgvallea/cgvallea,FAILED (exit code 1),1,4,00:00:03,25.00,00:00:03,404.00 KB,0.01,,73416_1,
73419,ihealth-cluster,cgvallea/cgvallea,FAILED (exit code 1),1,4,00:00:03,25.00,00:00:03,268.00 KB,0.01,,73416_2,
73420,ihealth-cluster,cgvallea/cgvallea,FAILED (exit code 1),1,4,00:00:03,25.00,00:00:03,284.00 KB,0.01,,73416_3,
73421,ihealth-cluster,cgvallea/cgvallea,FAILED (exit code 1),1,4,00:00:03,25.00,00:00:03,200.00 KB,0.00,,73416_4,
73422,ihealth-cluster,cgvallea/cgvallea,FAILED (exit code 1),1,4,00:00:03,25.00,00:00:03,292.00 KB,0.01,,73416_5,
73423,ihealth-cluster,cgvallea/cgvallea,FAILED (exit code 1),1,4,00:00:03,25.00,00:00:03,412.00 KB,0.01,,73416_6,
73424,ihealth-cluster,cgvallea/cgvallea,FAILED (exit code 1),1,4,00:00:03,25.00,00:00:03,340.00 KB,0.01,,73416_7,
73425,ihealth-cluster,cgvallea/cgvallea,FAILED (exit code 1),1,4,00:00:03,25.00,00:00:03,240.00 KB,0.01,,73416_8,
73426,ihealth-cluster,cgvallea/cgvallea,FAILED (exit code 1),1,4,00:00:03,25.00,00:00:03,256.00 KB,0.01,,,
73427,ihealth-cluster,cgvallea/cgvallea,FAILED (exit code 1),1,4,00:00:03,37.50,00:00:02,308.00 KB,0.01,,,
73428,ihealth-cluster,cgvallea/cgvallea,COMPLETED (exit code 0),1,4,00:00:12,25.00,00:00:12,17.62 MB,0.43,,,
73429,ihealth-cluster,cgvallea/cgvallea,FAILED (exit code 2),1,4,00:00:03,37.50,00:00:02,372.00 KB,0.01,,73429_9,
73430,ihealth-cluster,cgvallea/cgvallea,FAILED (exit code 1),1,4,00:00:05,31.25,00:00:04,2.36 MB,0.06,,73429_0,
73431,ihealth-cluster,cgvallea/cgvallea,COMPLETED (exit code 0),1,4,00:00:12,27.27,00:00:11,216.00 KB,0.01,,73429_1,
73432,ihealth-cluster,cgvallea/cgvallea,COMPLETED (exit code 0),1,4,00:00:12,25.00,00:00:12,15.84 MB,0.39,,73429_2,
73433,ihealth-cluster,cgvallea/cgvallea,FAILED (exit code 1),1,4,00:00:09,28.12,00:00:08,10.13 MB,0.25,,73429_3,
73434,ihealth-cluster,cgvallea/cgvallea,FAILED (exit code 1),1,4,00:00:08,25.00,00:00:08,6.89 MB,0.17,,73429_4,
73435,ihealth-cluster,cgvallea/cgvallea,COMPLETED (exit code 0),1,4,00:00:12,25.00,00:00:12,15.07 MB,0.37,,73429_5,
73436,ihealth-cluster,cgvallea/cgvallea,FAILED (exit code 2),1,4,00:00:03,25.00,00:00:03,192.00 KB,0.00,,73429_6,
73437,ihealth-cluster,cgvallea/cgvallea,FAILED (exit code 2),1,4,00:00:03,37.50,00:00:02,184.00 KB,0.00,,73429_7,
73438,ihealth-cluster,cgvallea/cgvallea,FAILED (exit code 2),1,4,00:00:03,25.00,00:00:03,168.00 KB,0.00,,73429_8,
73439,ihealth-cluster,bllancao/bllancao,FAILED (exit code 1),1,6,00:00:01,8.33,00:00:02,90.62 MB,0.44,,,
73440,ihealth-cluster,bllancao/bllancao,COMPLETED (exit code 0),1,6,00:00:16,15.69,00:00:17,1.55,7.76,,,
73441,ihealth-cluster,bllancao/bllancao,COMPLETED (exit code 0),1,6,00:00:16,16.67,00:00:16,1.51,7.57,,,
73442,ihealth-cluster,bllancao/bllancao,COMPLETED (exit code 0),1,6,00:00:16,15.69,00:00:17,1.54,7.70,,,
73443,ihealth-cluster,bllancao/bllancao,COMPLETED (exit code 0),1,6,00:00:16,16.67,00:00:16,1.54,7.70,,,
73444,ihealth-cluster,bllancao/bllancao,COMPLETED (exit code 0),1,6,00:00:17,16.67,00:00:17,1.54,7.70,,,
73445,ihealth-cluster,bllancao/bllancao,COMPLETED (exit code 0),1,20,00:00:28,4.83,00:00:29,96.21 MB,0.09,,,
73446,ihealth-cluster,bllancao/bllancao,CANCELLED (exit code 0),1,20,00:04:25,11.32,00:01:57,11.49,11.49,,,
73447,ihealth-cluster,bllancao/bllancao,COMPLETED (exit code 0),1,20,1-04:39:28,8.23,17:24:10,60.93,60.93,,,
73448,ihealth-cluster,jacastro/jacastro,CANCELLED (exit code 0),,,00:00:00,0.00,00:00:00,0.00 MB (estimated maximum),0.00,1,,
73449,ihealth-cluster,jacastro/jacastro,TIMEOUT (exit code 0),1,4,00:21:22,2.96,03:00:19,3.97,99.31,,,
73450,ihealth-cluster,vruizval/vruizval,COMPLETED (exit code 0),1,12,00:00:05,5.95,00:00:07,495.02 MB,0.97,,,
73451,ihealth-cluster,vruizval/vruizval,COMPLETED (exit code 0),1,12,00:00:04,8.33,00:00:04,267.63 MB,0.52,,,
73452,ihealth-cluster,vruizval/vruizval,COMPLETED (exit code 0),1,12,00:00:15,17.86,00:00:07,274.47 MB,0.54,,,
73453,ihealth-cluster,vruizval/vruizval,COMPLETED (exit code 0),1,12,00:00:15,17.86,00:00:07,280.74 MB,0.55,,,
73454,ihealth-cluster,vruizval/vruizval,COMPLETED (exit code 0),1,12,00:00:15,17.86,00:00:07,282.52 MB,0.55,,,
73455,ihealth-cluster,vruizval/vruizval,COMPLETED (exit code 0),1,12,00:00:17,14.17,00:00:10,816.00 KB,0.00,,,
73456,ihealth-cluster,vruizval/vruizval,FAILED (exit code 1),1,12,00:00:03,12.50,00:00:02,404.00 KB,0.00,,,
73457,ihealth-cluster,vruizval/vruizval,COMPLETED (exit code 0),1,12,00:00:20,16.67,00:00:10,275.54 MB,0.54,,,
73458,ihealth-cluster,vruizval/vruizval,COMPLETED (exit code 0),1,12,00:00:10,10.42,00:00:08,289.14 MB,0.56,,,
73459,ihealth-cluster,jacastro/jacastro,CANCELLED (exit code 0),1,4,00:21:36,6.41,01:24:15,3.36,84.08,,,
73460,ihealth-cluster,vruizval/vruizval,FAILED (exit code 1),1,12,00:00:37,15.42,00:00:20,68.75 MB,0.13,,,
73461,ihealth-cluster,vruizval/vruizval,FAILED (exit code 1),1,12,00:00:41,18.98,00:00:18,278.24 MB,0.54,,,
73462,ihealth-cluster,vruizval/vruizval,COMPLETED (exit code 0),1,12,04:49:50,38.75,01:02:20,3.32,6.64,,,
73463,ihealth-cluster,jacastro/jacastro,OUT_OF_MEMORY (exit code 0),1,2,00:02:30,59.06,00:02:07,7.29,91.06,,,
73464,ihealth-cluster,pamessina/pamessina,TIMEOUT (exit code 0),1,8,00:00:05,0.01,03:00:13,150.09 MB,0.73,,,
73465,ihealth-cluster,mgonzalez/mgonzalez,FAILED (exit code 1),1,2,00:55:15,42.64,01:04:47,29.97,99.90,,,
73466,ihealth-cluster,vruizval/vruizval,FAILED (exit code 1),1,12,00:05:46,35.16,00:01:22,1.70,3.40,,,
73467,ihealth-cluster,vruizval/vruizval,COMPLETED (exit code 0),1,12,04:51:35,39.33,01:01:47,2.53,5.06,,,
73468,ihealth-cluster,vruizval/vruizval,COMPLETED (exit code 0),1,12,00:02:32,24.84,00:00:51,3.62,7.24,,,
73469,ihealth-cluster,pamessina/pamessina,TIMEOUT (exit code 0),1,8,00:01:30,0.10,03:00:19,1.01,5.03,,,
73470,ihealth-cluster,vruizval/vruizval,FAILED (exit code 1),1,12,00:00:07,11.67,00:00:05,166.93 MB,0.33,,,
73471,ihealth-cluster,pamessina/pamessina,COMPLETED (exit code 0),1,8,00:06:25,22.81,00:03:31,37.53,58.63,,,
73472,ihealth-cluster,vruizval/vruizval,COMPLETED (exit code 0),1,12,16:48:53,76.92,01:49:18,19.57,39.14,,,
73473,ihealth-cluster,fjmadariagal/fjmadariagal,COMPLETED (exit code 0),1,2,00:00:02,0.29,00:05:47,163.19 MB,4.08,,,
73474,ihealth-cluster,pamessina/pamessina,CANCELLED (exit code 0),1,8,00:16:50,24.61,00:08:33,51.69,80.76,,,
73475,ihealth-cluster,dibarrera/dibarrera,COMPLETED (exit code 0),1,10,03:03:04,37.56,00:48:44,6.01,6.01,,,
73476,ihealth-cluster,bllancao/bllancao,CANCELLED (exit code 0),1,6,00:01:17,17.11,00:01:15,3.83,7.67,,,
73477,ihealth-cluster,bllancao/bllancao,COMPLETED (exit code 0),1,6,01:34:03,14.16,01:50:40,22.11,44.22,,,
73478,ihealth-cluster,vruizval/vruizval,FAILED (exit code 1),1,12,00:00:07,9.72,00:00:06,159.85 MB,0.31,,,
73479,ihealth-cluster,vruizval/vruizval,FAILED (exit code 1),1,12,00:00:09,10.71,00:00:07,164.50 MB,0.32,,,
73480,ihealth-cluster,vruizval/vruizval,COMPLETED (exit code 0),1,12,16:37:10,77.04,01:47:52,10.62,21.24,,,
73481,ihealth-cluster,jacastro/jacastro,TIMEOUT (exit code 0),1,4,02:02:21,16.99,03:00:04,4.95,61.84,,,
73482,ihealth-cluster,vruizval/vruizval,FAILED (exit code 1),1,12,00:00:07,9.72,00:00:06,160.42 MB,0.31,,,
73483,ihealth-cluster,vruizval/vruizval,COMPLETED (exit code 0),1,12,17:16:49,76.95,01:52:17,11.75,23.50,,,
73484,ihealth-cluster,pamessina/pamessina,TIMEOUT (exit code 0),1,8,00:00:04,0.00,03:00:09,139.99 MB,0.68,,,
73485,ihealth-cluster,jacastro/jacastro,CANCELLED (exit code 0),1,4,02:08:58,19.36,02:46:31,3.57,44.66,,,
73486,ihealth-cluster,vruizval/vruizval,COMPLETED (exit code 0),1,12,17:08:08,76.35,01:52:13,11.72,23.44,,,
73487,ihealth-cluster,pamessina/pamessina,TIMEOUT (exit code 0),1,8,00:00:04,0.00,03:00:04,139.74 MB,0.68,,,
73488,ihealth-cluster,jacastro/jacastro,FAILED (exit code 1),1,4,06:29:18,26.04,06:13:44,3.55,22.16,,,
73489,ihealth-cluster,jacastro/jacastro,TIMEOUT (exit code 0),1,4,03:00:45,25.09,03:00:05,3.59,44.91,,,
73490,ihealth-cluster,dibarrera/dibarrera,COMPLETED (exit code 0),1,10,11:44:00,29.86,03:55:45,8.06,8.06,,,
73491,ihealth-cluster,jacastro/jacastro,TIMEOUT (exit code 0),1,4,00:00:01,0.00,03:00:28,58.84 MB,0.72,,,
73492,ihealth-cluster,bllancao/bllancao,COMPLETED (exit code 0),1,20,1-02:36:05,8.40,15:49:58,85.37,85.37,,,
73493,ihealth-cluster,vruizval/vruizval,COMPLETED (exit code 0),1,12,17:16:10,76.95,01:52:13,11.83,23.65,,,
73494,ihealth-cluster,jacastro/jacastro,TIMEOUT (exit code 0),1,4,00:37:24,5.18,03:00:27,2.33,29.13,,,
73495,ihealth-cluster,jacastro/jacastro,CANCELLED (exit code 0),1,4,00:07:16,61.93,00:02:56,1.51,9.44,,,
73496,ihealth-cluster,mgonzalez/mgonzalez,FAILED (exit code 1),1,2,00:53:48,42.11,01:03:53,29.45,98.16,,,
73497,ihealth-cluster,jacastro/jacastro,CANCELLED (exit code 0),1,4,00:30:13,29.84,00:25:19,1.76,11.03,,,
73498,ihealth-cluster,mgonzalez/mgonzalez,CANCELLED (exit code 0),1,2,13:39:05,41.98,16:15:32,29.18,97.26,,,
73499,ihealth-cluster,dibarrera/dibarrera,COMPLETED (exit code 0),1,10,01:24:31,37.01,00:22:50,7.65,7.65,,,
73500,ihealth-cluster,bllancao/bllancao,COMPLETED (exit code 0),1,12,01:37:52,6.64,02:02:51,10.00,12.50,,,
73501,ihealth-cluster,pamessina/pamessina,TIMEOUT (exit code 0),1,8,00:00:03,0.00,03:00:25,140.18 MB,0.68,,,
73502,ihealth-cluster,mgonzalez/mgonzalez,FAILED (exit code 1),1,2,02:42:12,41.43,03:15:45,29.18,97.26,,,
73503,ihealth-cluster,mgonzalez/mgonzalez,FAILED (exit code 1),1,2,00:53:26,41.05,01:05:05,29.02,96.73,,,
73504,ihealth-cluster,blopezf/blopezf,COMPLETED (exit code 0),1,2,00:00:02,33.33,00:00:03,259.46 MB,25.34,,,
73505,ihealth-cluster,blopezf/blopezf,COMPLETED (exit code 0),1,2,00:00:02,33.33,00:00:03,247.32 MB,24.15,,,
73506,ihealth-cluster,blopezf/blopezf,FAILED (exit code 1),1,2,00:00:04,40.00,00:00:05,308.69 MB,0.75,,,
73507,ihealth-cluster,blopezf/blopezf,FAILED (exit code 1),1,2,00:00:03,37.50,00:00:04,208.00 KB,0.00,,,
73508,ihealth-cluster,blopezf/blopezf,FAILED (exit code 1),1,2,00:00:03,37.50,00:00:04,108.00 KB,0.00,,,
73509,ihealth-cluster,blopezf/blopezf,FAILED (exit code 1),1,2,00:00:03,37.50,00:00:04,206.20 MB,0.50,,,
73510,ihealth-cluster,blopezf/blopezf,FAILED (exit code 1),1,2,00:00:03,37.50,00:00:04,208.39 MB,0.51,,,
73511,ihealth-cluster,blopezf/blopezf,FAILED (exit code 1),1,2,00:00:04,28.57,00:00:07,203.48 MB,0.50,,,
73512,ihealth-cluster,blopezf/blopezf,COMPLETED (exit code 0),1,2,01:42:53,60.20,01:25:27,1.38,3.45,,,
73513,ihealth-cluster,mgonzalez/mgonzalez,FAILED (exit code 1),1,2,00:53:21,42.77,01:02:22,29.03,96.76,,,
73514,ihealth-cluster,nagarrido/nagarrido,COMPLETED (exit code 0),1,20,1-22:13:14,62.59,03:41:32,51.51,64.39,,,
73515,ihealth-cluster,nagarrido/nagarrido,COMPLETED (exit code 0),1,20,00:00:14,4.38,00:00:16,227.96 MB,0.28,,,
73516,ihealth-cluster,nagarrido/nagarrido,COMPLETED (exit code 0),1,20,00:00:15,4.69,00:00:16,228.15 MB,0.28,,,
73517,ihealth-cluster,nagarrido/nagarrido,COMPLETED (exit code 0),1,20,1-18:07:52,55.13,03:49:16,52.96,66.20,,,
73518,ihealth-cluster,nagarrido/nagarrido,COMPLETED (exit code 0),1,20,2-06:48:29,67.85,04:02:20,51.06,63.82,,,
73519,ihealth-cluster,nagarrido/nagarrido,COMPLETED (exit code 0),1,20,1-19:34:20,61.07,03:34:03,50.97,63.71,,,
73520,ihealth-cluster,nagarrido/nagarrido,COMPLETED (exit code 0),1,20,1-14:28:42,62.40,03:05:00,50.02,62.52,,,
73521,ihealth-cluster,nagarrido/nagarrido,COMPLETED (exit code 0),1,20,1-15:25:26,67.24,02:55:53,49.32,61.65,,,
73522,ihealth-cluster,chriscidl/chriscidl,TIMEOUT (exit code 0),1,2,00:07:12,2.00,03:00:22,4.11,20.53,,,
73523,ihealth-cluster,chriscidl/chriscidl,TIMEOUT (exit code 0),1,2,00:04:50,1.34,03:00:06,3.22,16.11,,,
73524,ihealth-cluster,pamessina/pamessina,TIMEOUT (exit code 0),1,8,00:00:04,0.00,03:00:01,159.07 MB,0.78,,,
73525,ihealth-cluster,bllancao/bllancao,COMPLETED (exit code 0),1,6,00:00:20,16.67,00:00:20,1.63,8.17,,,
73526,ihealth-cluster,bllancao/bllancao,COMPLETED (exit code 0),1,6,00:00:20,16.67,00:00:20,1.62,8.12,,,
73527,ihealth-cluster,bllancao/bllancao,COMPLETED (exit code 0),1,6,00:00:21,16.67,00:00:21,1.62,8.12,,,
73528,ihealth-cluster,bllancao/bllancao,COMPLETED (exit code 0),1,20,00:00:28,5.00,00:00:28,41.16 MB,0.04,,,
73529,ihealth-cluster,bllancao/bllancao,COMPLETED (exit code 0),1,20,00:00:27,5.00,00:00:27,668.00 KB,0.00,,,
73530,ihealth-cluster,bllancao/bllancao,CANCELLED (exit code 0),1,20,00:03:41,12.56,00:01:28,9.69,9.69,,,
73531,ihealth-cluster,bllancao/bllancao,CANCELLED (exit code 0),1,20,00:20:01,8.92,00:11:13,24.60,24.60,,,
73532,ihealth-cluster,bllancao/bllancao,CANCELLED (exit code 0),1,20,00:07:22,4.19,00:08:48,1.33,1.33,,,
73533,ihealth-cluster,bllancao/bllancao,COMPLETED (exit code 0),1,20,1-19:56:30,8.71,1-01:13:41,81.76,81.76,,,
73534,ihealth-cluster,bllancao/bllancao,CANCELLED (exit code 0),1,20,00:00:40,5.41,00:00:37,981.55 MB,0.96,,,
73535,ihealth-cluster,bllancao/bllancao,COMPLETED (exit code 0),1,20,1-17:14:22,8.98,22:58:01,80.60,80.60,,,
73536,ihealth-cluster,pamessina/pamessina,TIMEOUT (exit code 0),1,8,00:00:01,0.00,03:00:04,68.15 MB,0.33,,,
73537,ihealth-cluster,pamessina/pamessina,TIMEOUT (exit code 0),1,8,00:00:01,0.00,03:00:19,67.20 MB,0.33,,,
73538,ihealth-cluster,cgvallea/cgvallea,FAILED (exit code 1),1,4,00:00:08,28.57,00:00:07,13.52 MB,0.66,,73538_9,
73539,ihealth-cluster,cgvallea/cgvallea,FAILED (exit code 1),1,4,00:00:09,28.12,00:00:08,9.54 MB,0.47,,73538_0,
73540,ihealth-cluster,cgvallea/cgvallea,FAILED (exit code 1),1,4,00:00:09,32.14,00:00:07,7.73 MB,0.38,,73538_1,
73541,ihealth-cluster,cgvallea/cgvallea,FAILED (exit code 1),1,4,00:00:09,32.14,00:00:07,9.87 MB,0.48,,73538_2,
73542,ihealth-cluster,cgvallea/cgvallea,FAILED (exit code 1),1,4,00:00:09,32.14,00:00:07,7.81 MB,0.38,,73538_3,
73543,ihealth-cluster,cgvallea/cgvallea,FAILED (exit code 1),1,4,00:00:09,32.14,00:00:07,6.30 MB,0.31,,73538_4,
73544,ihealth-cluster,cgvallea/cgvallea,FAILED (exit code 1),1,4,00:00:09,32.14,00:00:07,7.00 MB,0.34,,73538_5,
73545,ihealth-cluster,cgvallea/cgvallea,FAILED (exit code 1),1,4,00:00:09,32.14,00:00:07,10.35 MB,0.51,,73538_6,
73546,ihealth-cluster,cgvallea/cgvallea,FAILED (exit code 1),1,4,00:00:09,32.14,00:00:07,16.40 MB,0.80,,73538_7,
73547,ihealth-cluster,cgvallea/cgvallea,FAILED (exit code 1),1,4,00:00:08,28.57,00:00:07,21.57 MB,1.05,,73538_8,
73548,ihealth-cluster,cgvallea/cgvallea,FAILED (exit code 1),1,4,00:00:02,25.00,00:00:02,320.00 KB,0.02,,,
73549,ihealth-cluster,cgvallea/cgvallea,FAILED (exit code 1),1,4,00:00:03,25.00,00:00:03,6.04 MB,0.30,,,
73550,ihealth-cluster,cgvallea/cgvallea,FAILED (exit code 1),1,4,00:00:09,32.14,00:00:07,504.00 KB,0.02,,73550_9,
73551,ihealth-cluster,cgvallea/cgvallea,FAILED (exit code 1),1,4,00:00:10,27.78,00:00:09,656.00 KB,0.03,,73550_0,
73552,ihealth-cluster,cgvallea/cgvallea,FAILED (exit code 1),1,4,00:00:10,31.25,00:00:08,712.00 KB,0.03,,73550_1,
73553,ihealth-cluster,cgvallea/cgvallea,FAILED (exit code 1),1,4,00:00:10,31.25,00:00:08,668.00 KB,0.03,,73550_2,
73554,ihealth-cluster,cgvallea/cgvallea,FAILED (exit code 1),1,4,00:00:10,31.25,00:00:08,772.00 KB,0.04,,73550_3,
73555,ihealth-cluster,cgvallea/cgvallea,FAILED (exit code 1),1,4,00:00:10,31.25,00:00:08,784.00 KB,0.04,,73550_4,
73556,ihealth-cluster,cgvallea/cgvallea,FAILED (exit code 1),1,4,00:00:10,31.25,00:00:08,612.00 KB,0.03,,73550_5,
73557,ihealth-cluster,cgvallea/cgvallea,FAILED (exit code 1),1,4,00:00:10,31.25,00:00:08,620.00 KB,0.03,,73550_6,
73558,ihealth-cluster,cgvallea/cgvallea,FAILED (exit code 1),1,4,00:00:10,31.25,00:00:08,680.00 KB,0.03,,73550_7,
73559,ihealth-cluster,cgvallea/cgvallea,FAILED (exit code 1),1,4,00:00:10,35.71,00:00:07,588.00 KB,0.03,,73550_8,
73560,ihealth-cluster,cgvallea/cgvallea,FAILED (exit code 1),1,4,00:31:36,65.38,00:12:05,530.96 MB,25.93,,73560_9,
73561,ihealth-cluster,cgvallea/cgvallea,FAILED (exit code 1),1,4,00:46:55,65.22,00:17:59,645.96 MB,31.54,,73560_0,
73562,ihealth-cluster,cgvallea/cgvallea,FAILED (exit code 1),1,4,00:47:24,65.29,00:18:09,651.46 MB,31.81,,73560_1,
73563,ihealth-cluster,cgvallea/cgvallea,FAILED (exit code 1),1,4,00:47:18,65.33,00:18:06,654.73 MB,31.97,,73560_2,
73564,ihealth-cluster,cgvallea/cgvallea,FAILED (exit code 1),1,4,00:47:03,65.35,00:18:00,647.92 MB,31.64,,73560_3,
73565,ihealth-cluster,cgvallea/cgvallea,FAILED (exit code 1),1,4,00:47:46,65.31,00:18:17,648.93 MB,31.69,,73560_4,
73566,ihealth-cluster,cgvallea/cgvallea,FAILED (exit code 1),1,4,00:46:54,65.32,00:17:57,645.58 MB,31.52,,73560_5,
73567,ihealth-cluster,cgvallea/cgvallea,FAILED (exit code 1),1,4,00:46:45,65.29,00:17:54,643.36 MB,31.41,,73560_6,
73568,ihealth-cluster,cgvallea/cgvallea,FAILED (exit code 1),1,4,00:47:11,65.41,00:18:02,681.23 MB,33.26,,73560_7,
73569,ihealth-cluster,cgvallea/cgvallea,FAILED (exit code 1),1,4,00:31:43,65.35,00:12:08,527.39 MB,25.75,,73560_8,
73570,ihealth-cluster,vruizval/vruizval,FAILED (exit code 1),1,12,00:00:06,6.25,00:00:08,273.81 MB,0.53,,,
73571,ihealth-cluster,vruizval/vruizval,FAILED (exit code 1),1,12,00:00:04,8.33,00:00:04,162.67 MB,0.32,,,
73572,ihealth-cluster,vruizval/vruizval,COMPLETED (exit code 0),1,12,20:22:22,14.65,11:35:08,27.35,54.69,,,
73573,ihealth-cluster,chriscidl/chriscidl,CANCELLED (exit code 0),1,2,00:20:25,7.85,02:10:00,3.69,18.44,,,
73574,ihealth-cluster,chriscidl/chriscidl,CANCELLED (exit code 0),1,2,00:59:12,19.81,02:29:27,3.69,18.45,,,
73575,ihealth-cluster,chriscidl/chriscidl,TIMEOUT (exit code 0),1,2,00:21:05,5.84,03:00:25,3.48,17.38,,,
73576,ihealth-cluster,chriscidl/chriscidl,TIMEOUT (exit code 0),1,2,00:04:56,1.37,03:00:28,3.38,16.88,,,
73577,ihealth-cluster,pamessina/pamessina,TIMEOUT (exit code 0),1,8,00:00:04,0.00,03:00:00,147.16 MB,0.72,,,
73578,ihealth-cluster,mgonzalez/mgonzalez,FAILED (exit code 1),1,2,00:00:00,0.00,00:00:01,1.18 MB,0.00,,,
73579,ihealth-cluster,mgonzalez/mgonzalez,FAILED (exit code 1),1,2,00:00:00,0.00,00:00:01,80.00 KB,0.00,,,
73580,ihealth-cluster,pamessina/pamessina,TIMEOUT (exit code 0),1,8,00:00:01,0.00,03:00:08,67.59 MB,0.33,,,
73581,ihealth-cluster,vruizval/vruizval,FAILED (exit code 1),1,12,00:00:06,8.33,00:00:06,129.86 MB,0.25,,,
73582,ihealth-cluster,vruizval/vruizval,FAILED (exit code 1),1,12,00:00:05,8.33,00:00:05,158.18 MB,0.31,,,
73583,ihealth-cluster,vruizval/vruizval,FAILED (exit code 1),1,12,00:00:05,8.33,00:00:05,828.00 KB,0.00,,,
73584,ihealth-cluster,vruizval/vruizval,FAILED (exit code 1),1,12,00:00:05,8.33,00:00:05,784.00 KB,0.00,,,
73585,ihealth-cluster,vruizval/vruizval,CANCELLED (exit code 0),1,12,00:00:29,8.63,00:00:28,2.42,4.84,,,
73586,ihealth-cluster,vruizval/vruizval,COMPLETED (exit code 0),1,12,1-08:34:52,22.56,12:01:59,19.24,38.48,,,
73587,ihealth-cluster,vruizval/vruizval,COMPLETED (exit code 0),1,12,23:27:57,64.49,03:01:56,13.82,27.64,,,
73588,ihealth-cluster,pamessina/pamessina,TIMEOUT (exit code 0),1,8,00:09:16,0.64,03:00:23,20.00,99.98,,,
73589,ihealth-cluster,bllancao/bllancao,COMPLETED (exit code 0),1,12,01:37:58,7.50,01:48:55,18.78,23.47,,,
73590,ihealth-cluster,bllancao/bllancao,COMPLETED (exit code 0),1,6,01:35:19,14.51,01:49:27,20.19,40.38,,,
73591,ihealth-cluster,pamessina/pamessina,TIMEOUT (exit code 0),1,8,00:00:01,0.00,03:00:11,66.99 MB,0.33,,,
73592,ihealth-cluster,vruizval/vruizval,COMPLETED (exit code 0),1,12,1-00:28:02,64.84,03:08:40,12.20,24.41,,,
73593,ihealth-cluster,vruizval/vruizval,FAILED (exit code 1),1,12,00:00:04,8.33,00:00:04,1.34 MB,0.00,,,
73594,ihealth-cluster,vruizval/vruizval,FAILED (exit code 1),1,12,00:00:08,9.52,00:00:07,1.85,3.71,,,
73595,ihealth-cluster,vruizval/vruizval,COMPLETED (exit code 0),1,12,22:44:40,59.64,03:10:41,10.84,21.69,,,
73596,ihealth-cluster,vruizval/vruizval,COMPLETED (exit code 0),1,12,21:15:07,57.82,03:03:46,12.14,24.28,,,
73597,ihealth-cluster,vruizval/vruizval,COMPLETED (exit code 0),1,12,20:08:24,56.22,02:59:07,11.89,23.79,,,
73598,ihealth-cluster,dcampanini/dcampanini,FAILED (exit code 1),1,4,00:00:07,14.58,00:00:12,498.00 MB,3.04,,,
73599,ihealth-cluster,dcampanini/dcampanini,CANCELLED (exit code 0),1,4,00:26:01,52.88,00:12:18,1.23,7.70,,,
73600,ihealth-cluster,dcampanini/dcampanini,COMPLETED (exit code 0),1,4,01:03:43,52.77,00:30:11,2.26,14.11,,,
73601,ihealth-cluster,dcampanini/dcampanini,FAILED (exit code 1),1,4,00:00:05,25.00,00:00:05,312.00 KB,0.00,,,
73602,ihealth-cluster,dcampanini/dcampanini,FAILED (exit code 1),1,4,00:00:05,25.00,00:00:05,244.00 KB,0.00,,,
73603,ihealth-cluster,dcampanini/dcampanini,CANCELLED (exit code 0),1,4,00:01:50,50.00,00:00:55,929.94 MB,5.68,,,
73604,ihealth-cluster,dcampanini/dcampanini,COMPLETED (exit code 0),1,4,01:03:51,52.86,00:30:12,2.41,15.06,,,
73605,ihealth-cluster,mgonzalez/mgonzalez,TIMEOUT (exit code 0),1,2,00:50:26,41.91,01:00:10,4.81,24.06,,,
73606,ihealth-cluster,bllancao/bllancao,COMPLETED (exit code 0),1,6,00:00:21,16.67,00:00:21,1.65,8.23,,,
73607,ihealth-cluster,bllancao/bllancao,COMPLETED (exit code 0),1,20,00:00:28,5.00,00:00:28,10.95 MB,0.01,,,
73608,ihealth-cluster,bllancao/bllancao,COMPLETED (exit code 0),1,20,00:00:28,5.19,00:00:27,476.00 KB,0.00,,,
73609,ihealth-cluster,bllancao/bllancao,CANCELLED (exit code 0),1,20,06:15:52,8.78,03:34:03,38.71,38.71,,,
73610,ihealth-cluster,pamessina/pamessina,TIMEOUT (exit code 0),1,8,00:00:01,0.00,03:00:07,66.36 MB,0.32,,,
73611,ihealth-cluster,dcampanini/dcampanini,COMPLETED (exit code 0),1,4,01:05:53,53.16,00:30:59,2.40,14.97,,,
73612,ihealth-cluster,bllancao/bllancao,FAILED (exit code 1),1,2,00:00:12,54.55,00:00:11,1.19,11.90,,,
73613,ihealth-cluster,bllancao/bllancao,FAILED (exit code 1),1,2,00:00:28,50.00,00:00:28,1.46 MB,0.01,,,
73614,ihealth-cluster,pamessina/pamessina,COMPLETED (exit code 0),1,8,00:13:35,23.53,00:07:13,54.30,84.84,,,
73615,ihealth-cluster,bllancao/bllancao,FAILED (exit code 1),1,2,00:00:29,51.79,00:00:28,124.00 KB,0.00,,,
73616,ihealth-cluster,bllancao/bllancao,FAILED (exit code 1),1,2,00:00:26,52.00,00:00:25,1.67 MB,0.02,,,
73617,ihealth-cluster,bllancao/bllancao,FAILED (exit code 1),1,2,00:00:29,50.00,00:00:29,4.71 MB,0.05,,,
73618,ihealth-cluster,dcampanini/dcampanini,COMPLETED (exit code 0),1,4,01:04:45,53.13,00:30:28,2.26,14.10,,,
73619,ihealth-cluster,bllancao/bllancao,FAILED (exit code 1),1,2,00:00:29,51.79,00:00:28,1.70 MB,0.02,,,
73620,ihealth-cluster,bllancao/bllancao,FAILED (exit code 1),1,2,00:00:18,52.94,00:00:17,1.32 MB,0.01,,,
73621,ihealth-cluster,bllancao/bllancao,FAILED (exit code 1),1,2,00:00:29,51.79,00:00:28,3.54 MB,0.03,,,
73622,ihealth-cluster,dcampanini/dcampanini,COMPLETED (exit code 0),1,4,01:06:19,53.80,00:30:49,2.25,14.08,,,
73623,ihealth-cluster,dcampanini/dcampanini,FAILED (exit code 1),1,4,00:00:04,20.00,00:00:05,9.33 MB,0.06,,,
73624,ihealth-cluster,dcampanini/dcampanini,FAILED (exit code 1),1,4,00:00:04,25.00,00:00:04,316.00 KB,0.00,,,
73625,ihealth-cluster,dcampanini/dcampanini,COMPLETED (exit code 0),1,4,00:00:43,63.24,00:00:17,2.82 MB,0.02,,,
73626,ihealth-cluster,bllancao/bllancao,FAILED (exit code 1),1,2,00:00:28,51.85,00:00:27,116.00 KB,0.00,,,
73627,ihealth-cluster,bllancao/bllancao,FAILED (exit code 1),1,2,00:00:28,51.85,00:00:27,116.00 KB,0.00,,,
73628,ihealth-cluster,bllancao/bllancao,FAILED (exit code 1),1,2,00:00:28,51.85,00:00:27,116.00 KB,0.00,,,
73629,ihealth-cluster,bllancao/bllancao,FAILED (exit code 1),1,2,00:00:22,52.38,00:00:21,112.00 KB,0.00,,,
73630,ihealth-cluster,bllancao/bllancao,FAILED (exit code 1),1,2,00:00:28,51.85,00:00:27,116.00 KB,0.00,,,
73631,ihealth-cluster,bllancao/bllancao,FAILED (exit code 1),1,2,00:00:28,51.85,00:00:27,116.00 KB,0.00,,,
73632,ihealth-cluster,bllancao/bllancao,FAILED (exit code 1),1,2,00:00:16,53.33,00:00:15,208.00 KB,0.00,,,
73633,ihealth-cluster,bllancao/bllancao,FAILED (exit code 1),1,2,00:00:28,51.85,00:00:27,124.00 KB,0.00,,,
73634,ihealth-cluster,bllancao/bllancao,FAILED (exit code 1),1,2,00:00:28,51.85,00:00:27,864.00 KB,0.01,,,
73635,ihealth-cluster,bllancao/bllancao,FAILED (exit code 1),1,2,00:00:28,51.85,00:00:27,188.00 KB,0.00,,,
73636,ihealth-cluster,bllancao/bllancao,FAILED (exit code 1),1,2,00:00:28,51.85,00:00:27,116.00 KB,0.00,,,
73637,ihealth-cluster,bllancao/bllancao,FAILED (exit code 1),1,2,00:00:28,51.85,00:00:27,124.00 KB,0.00,,,
73638,ihealth-cluster,bllancao/bllancao,FAILED (exit code 1),1,2,00:00:28,51.85,00:00:27,200.00 KB,0.00,,,
73639,ihealth-cluster,bllancao/bllancao,COMPLETED (exit code 0),1,2,00:00:32,53.33,00:00:30,3.75 MB,0.04,,,
73640,ihealth-cluster,bllancao/bllancao,COMPLETED (exit code 0),1,2,00:00:33,55.00,00:00:30,700.00 KB,0.01,,,
73641,ihealth-cluster,bllancao/bllancao,COMPLETED (exit code 0),1,2,00:00:32,53.33,00:00:30,1.17 MB,0.01,,,
73642,ihealth-cluster,bllancao/bllancao,FAILED (exit code 1),1,2,00:00:33,55.00,00:00:30,1.34 MB,0.01,,,
73643,ihealth-cluster,bllancao/bllancao,COMPLETED (exit code 0),1,2,00:00:33,53.23,00:00:31,1.79 MB,0.02,,,
73644,ihealth-cluster,bllancao/bllancao,FAILED (exit code 1),1,20,02:43:31,82.45,00:09:55,44.63,44.63,,,
73645,ihealth-cluster,bllancao/bllancao,CANCELLED (exit code 0),1,20,02:20:19,70.39,00:09:58,43.23,43.23,,,
73646,ihealth-cluster,bllancao/bllancao,CANCELLED (exit code 0),1,20,00:11:37,63.36,00:00:55,20.26,20.26,,,
73647,ihealth-cluster,bllancao/bllancao,CANCELLED (exit code 0),1,20,00:23:47,81.08,00:01:28,34.62,34.62,,,
73648,ihealth-cluster,bllancao/bllancao,CANCELLED (exit code 0),1,20,00:23:50,81.25,00:01:28,34.71,34.71,,,
73649,ihealth-cluster,bllancao/bllancao,CANCELLED (exit code 0),1,20,00:00:13,7.22,00:00:09,657.07 MB,0.64,,,
73650,ihealth-cluster,bllancao/bllancao,CANCELLED (exit code 0),1,20,00:09:23,55.20,00:00:51,17.89,17.89,,,
73651,ihealth-cluster,bllancao/bllancao,CANCELLED (exit code 0),1,20,00:18:30,77.08,00:01:12,26.67,26.67,,,
73652,ihealth-cluster,bllancao/bllancao,COMPLETED (exit code 0),1,20,21:09:44,39.68,02:39:59,65.72,65.72,,,
73653,ihealth-cluster,bllancao/bllancao,COMPLETED (exit code 0),1,20,1-01:38:21,20.26,06:19:36,99.33,99.33,,,
73654,ihealth-cluster,bllancao/bllancao,FAILED (exit code 1),1,2,00:00:07,23.33,00:00:15,20.65 MB,0.20,,,
73655,ihealth-cluster,bllancao/bllancao,FAILED (exit code 1),1,2,00:00:07,50.00,00:00:07,344.00 KB,0.00,,,
73656,ihealth-cluster,bllancao/bllancao,FAILED (exit code 1),1,2,00:00:06,42.86,00:00:07,1.02 MB,0.01,,,
73657,ihealth-cluster,bllancao/bllancao,CANCELLED (exit code 0),1,20,04:40:21,11.06,02:06:47,37.94,37.94,,,
73658,ihealth-cluster,chriscidl/chriscidl,TIMEOUT (exit code 0),1,2,00:59:38,16.54,03:00:18,4.94,24.71,,,
73659,ihealth-cluster,bllancao/bllancao,FAILED (exit code 1),1,2,00:00:14,50.00,00:00:14,8.20 MB,0.08,,,
73660,ihealth-cluster,bllancao/bllancao,COMPLETED (exit code 0),1,2,00:00:19,59.38,00:00:16,5.79 MB,0.06,,,
73661,ihealth-cluster,pamessina/pamessina,TIMEOUT (exit code 0),1,8,00:00:01,0.00,03:00:19,65.03 MB,0.32,,,
73662,ihealth-cluster,bllancao/bllancao,COMPLETED (exit code 0),1,2,00:00:28,0.30,01:16:39,2.19,10.95,,,
73663,ihealth-cluster,bllancao/bllancao,CANCELLED (exit code 0),1,20,00:08:36,53.75,00:00:48,17.19,17.19,,,
73664,ihealth-cluster,bllancao/bllancao,COMPLETED (exit code 0),1,20,00:03:33,19.36,00:00:55,14.23,14.23,,,
73665,ihealth-cluster,bllancao/bllancao,COMPLETED (exit code 0),1,2,00:00:17,60.71,00:00:14,1.21 MB,0.01,,,
73666,ihealth-cluster,bllancao/bllancao,COMPLETED (exit code 0),1,20,00:03:34,18.77,00:00:57,13.33,13.33,,,
73667,ihealth-cluster,bllancao/bllancao,COMPLETED (exit code 0),1,2,00:00:17,60.71,00:00:14,1.25 MB,0.01,,,
73668,ihealth-cluster,bllancao/bllancao,COMPLETED (exit code 0),1,20,21:28:03,38.59,02:46:54,63.79,63.79,,,
73669,ihealth-cluster,blopezf/blopezf,FAILED (exit code 1),1,2,00:00:05,41.67,00:00:06,341.97 MB,0.83,,,
73670,ihealth-cluster,blopezf/blopezf,FAILED (exit code 1),1,2,00:00:04,40.00,00:00:05,288.91 MB,0.71,,,
73671,ihealth-cluster,blopezf/blopezf,FAILED (exit code 1),1,2,00:00:04,50.00,00:00:04,200.20 MB,0.49,,,
73672,ihealth-cluster,blopezf/blopezf,FAILED (exit code 1),1,2,00:00:04,25.00,00:00:08,199.59 MB,0.49,,,
73673,ihealth-cluster,blopezf/blopezf,FAILED (exit code 1),1,2,00:00:04,25.00,00:00:08,196.53 MB,0.48,,,
73674,ihealth-cluster,vruizval/vruizval,COMPLETED (exit code 0),1,12,18:58:17,14.61,10:49:26,19.69,39.38,,,
73675,ihealth-cluster,mgonzalez/mgonzalez,CANCELLED (exit code 0),1,2,00:00:01,10.00,00:00:05,93.75 MB,0.46,,,
73676,ihealth-cluster,mgonzalez/mgonzalez,FAILED (exit code 127),1,2,00:00:00,0.00,00:00:01,852.00 KB,0.00,,,
73677,ihealth-cluster,mgonzalez/mgonzalez,CANCELLED (exit code 0),1,2,06:43:32,40.90,08:13:19,29.97,99.91,,,
73678,ihealth-cluster,bllancao/bllancao,FAILED (exit code 1),1,2,00:00:06,33.33,00:00:09,50.54 MB,0.49,,,
73679,ihealth-cluster,bllancao/bllancao,FAILED (exit code 1),1,2,00:00:06,50.00,00:00:06,68.00 KB,0.00,,,
73680,ihealth-cluster,bllancao/bllancao,COMPLETED (exit code 0),1,2,00:00:10,50.00,00:00:10,20.69 MB,0.20,,,
73681,ihealth-cluster,bllancao/bllancao,COMPLETED (exit code 0),1,20,1-06:02:32,41.32,03:38:08,64.07,64.07,,,
73682,ihealth-cluster,bllancao/bllancao,COMPLETED (exit code 0),1,2,00:00:21,0.40,00:43:41,417.78 MB,2.04,,,
73683,ihealth-cluster,bllancao/bllancao,FAILED (exit code 1),1,20,00:06:24,45.71,00:00:42,10.98,10.98,,,
73684,ihealth-cluster,bllancao/bllancao,CANCELLED (exit code 0),1,20,00:00:07,7.00,00:00:05,184.60 MB,0.18,,,
73685,ihealth-cluster,bllancao/bllancao,FAILED (exit code 1),1,20,00:05:03,44.56,00:00:34,4.40,4.40,,,
73686,ihealth-cluster,bllancao/bllancao,FAILED (exit code 1),1,20,00:06:32,43.56,00:00:45,10.76,10.76,,,
73687,ihealth-cluster,bllancao/bllancao,FAILED (exit code 1),1,20,00:06:32,45.58,00:00:43,10.56,10.56,,,
73688,ihealth-cluster,bllancao/bllancao,FAILED (exit code 1),1,20,00:06:16,47.00,00:00:40,10.83,10.83,,,
73689,ihealth-cluster,mgonzalez/mgonzalez,FAILED (exit code 1),1,2,00:00:00,0.00,00:00:01,1.63 MB,0.01,,,
73690,ihealth-cluster,mgonzalez/mgonzalez,FAILED (exit code 1),1,2,00:00:01,25.00,00:00:02,6.80 MB,0.02,,,
73691,ihealth-cluster,mgonzalez/mgonzalez,FAILED (exit code 1),1,2,00:00:01,50.00,00:00:01,108.00 KB,0.00,,,
73692,ihealth-cluster,mgonzalez/mgonzalez,COMPLETED (exit code 0),1,2,00:00:01,50.00,00:00:01,106.39 MB,0.35,,,
73693,ihealth-cluster,mgonzalez/mgonzalez,COMPLETED (exit code 0),1,2,00:00:01,50.00,00:00:01,56.00 KB,0.00,,,
73694,ihealth-cluster,mgonzalez/mgonzalez,OUT_OF_MEMORY (exit code 0),1,2,00:00:15,46.88,00:00:16,292.00 KB,0.00,,,
73695,ihealth-cluster,mgonzalez/mgonzalez,OUT_OF_MEMORY (exit code 0),1,2,00:00:15,46.88,00:00:16,200.00 KB,0.00,,,
73696,ihealth-cluster,mgonzalez/mgonzalez,OUT_OF_MEMORY (exit code 0),1,2,00:00:15,46.88,00:00:16,68.00 KB,0.00,,,
73697,ihealth-cluster,mgonzalez/mgonzalez,OUT_OF_MEMORY (exit code 0),1,2,00:00:15,50.00,00:00:15,136.00 KB,0.00,,,
73698,ihealth-cluster,mgonzalez/mgonzalez,OUT_OF_MEMORY (exit code 0),1,2,00:00:15,46.88,00:00:16,168.00 KB,0.00,,,
73699,ihealth-cluster,bllancao/bllancao,TIMEOUT (exit code 0),1,2,00:00:07,0.03,03:00:12,296.98 MB,1.45,,,
73700,ihealth-cluster,bllancao/bllancao,COMPLETED (exit code 0),1,20,1-11:31:22,38.96,04:33:32,64.57,64.57,,,
73701,ihealth-cluster,mgonzalez/mgonzalez,OUT_OF_MEMORY (exit code 0),1,2,00:00:16,47.06,00:00:17,172.00 KB,0.00,,,
73702,ihealth-cluster,mgonzalez/mgonzalez,OUT_OF_MEMORY (exit code 0),1,2,00:00:16,47.06,00:00:17,224.00 KB,0.00,,,
73703,ihealth-cluster,mgonzalez/mgonzalez,OUT_OF_MEMORY (exit code 0),1,2,00:00:15,46.88,00:00:16,68.00 KB,0.00,,,
73704,ihealth-cluster,mgonzalez/mgonzalez,OUT_OF_MEMORY (exit code 0),1,2,00:00:18,47.37,00:00:19,112.00 KB,0.00,,,
73705,ihealth-cluster,mgonzalez/mgonzalez,CANCELLED (exit code 0),1,2,00:05:46,94.02,00:03:04,41.82,41.82,,,
73706,ihealth-cluster,mgonzalez/mgonzalez,FAILED (exit code 1),1,4,01:20:41,96.98,00:20:48,41.81,41.81,,,
73707,ihealth-cluster,bllancao/bllancao,COMPLETED (exit code 0),1,2,00:00:11,45.83,00:00:12,189.86 MB,1.85,,,
73708,ihealth-cluster,bllancao/bllancao,FAILED (exit code 1),1,2,00:00:06,42.86,00:00:07,244.00 KB,0.00,,,
73709,ihealth-cluster,bllancao/bllancao,COMPLETED (exit code 0),1,2,00:00:10,50.00,00:00:10,1000.00 KB,0.01,,,
73710,ihealth-cluster,bllancao/bllancao,COMPLETED (exit code 0),1,2,00:00:10,50.00,00:00:10,1.77 MB,0.02,,,
73711,ihealth-cluster,bllancao/bllancao,COMPLETED (exit code 0),1,20,1-22:42:37,40.63,05:44:52,63.80,63.80,,,
73712,ihealth-cluster,mgonzalez/mgonzalez,FAILED (exit code 1),1,4,01:23:38,96.87,00:21:35,41.81,41.81,,,
73713,ihealth-cluster,mgonzalez/mgonzalez,FAILED (exit code 1),1,20,01:32:13,82.09,00:05:37,41.81,41.81,,,
73714,ihealth-cluster,blopezf/blopezf,FAILED (exit code 1),1,2,00:00:05,25.00,00:00:10,212.74 MB,0.52,,,
73715,ihealth-cluster,blopezf/blopezf,FAILED (exit code 1),1,2,00:00:04,28.57,00:00:07,202.54 MB,0.49,,,
73716,ihealth-cluster,blopezf/blopezf,FAILED (exit code 1),1,2,00:00:04,28.57,00:00:07,327.02 MB,0.80,,,
73717,ihealth-cluster,mgonzalez/mgonzalez,FAILED (exit code 1),1,20,01:30:18,84.66,00:05:20,41.82,41.82,,,
73718,ihealth-cluster,mgonzalez/mgonzalez,CANCELLED (exit code 0),1,2,00:00:01,0.16,00:05:04,95.13 MB,0.46,,,
73719,ihealth-cluster,mgonzalez/mgonzalez,FAILED (exit code 1),1,20,00:00:00,0.00,00:00:01,568.00 KB,0.00,,,
73720,ihealth-cluster,mgonzalez/mgonzalez,CANCELLED (exit code 0),1,20,03:51:18,88.17,00:13:07,42.36,42.36,,,
73721,ihealth-cluster,mgonzalez/mgonzalez,COMPLETED (exit code 0),1,20,06:53:16,87.99,00:23:29,42.37,42.37,,,
73722,ihealth-cluster,mgonzalez/mgonzalez,COMPLETED (exit code 0),1,20,06:28:45,87.69,00:22:10,42.37,42.37,,,
73723,ihealth-cluster,blopezf/blopezf,FAILED (exit code 1),1,2,00:00:04,28.57,00:00:07,202.85 MB,0.50,,,
73724,ihealth-cluster,blopezf/blopezf,FAILED (exit code 1),1,2,00:00:05,31.25,00:00:08,181.86 MB,0.44,,,
73725,ihealth-cluster,dcampanini/dcampanini,COMPLETED (exit code 0),1,4,11:00:49,53.88,05:06:38,15.97,99.83,,,
73726,ihealth-cluster,bllancao/bllancao,FAILED (exit code 1),1,20,00:00:17,6.07,00:00:14,11.01 MB,0.01,,,
73727,ihealth-cluster,bllancao/bllancao,COMPLETED (exit code 0),1,20,1-20:23:43,39.30,05:38:55,63.82,63.82,,,
73728,ihealth-cluster,dcampanini/dcampanini,COMPLETED (exit code 0),1,4,01:03:50,52.64,00:30:19,2.36,14.72,,,
73729,ihealth-cluster,chriscidl/chriscidl,TIMEOUT (exit code 0),1,2,00:38:38,10.72,03:00:09,6.87,34.33,,,
73730,ihealth-cluster,dcampanini/dcampanini,CANCELLED (exit code 0),1,4,00:31:34,52.85,00:14:56,1.59,9.96,,,
73731,ihealth-cluster,dcampanini/dcampanini,CANCELLED (exit code 0),1,4,03:44:20,52.19,01:47:27,6.44,40.24,,,
73732,ihealth-cluster,blopezf/blopezf,FAILED (exit code 1),1,2,00:00:04,28.57,00:00:07,203.15 MB,0.50,,,
73733,ihealth-cluster,dcampanini/dcampanini,COMPLETED (exit code 0),1,4,07:57:15,54.66,03:38:17,7.72,48.25,,,
73734,ihealth-cluster,mgonzalez/mgonzalez,TIMEOUT (exit code 0),1,2,00:28:00,23.21,01:00:19,3.63,18.14,,,
73735,ihealth-cluster,mgonzalez/mgonzalez,COMPLETED (exit code 0),1,20,06:20:28,86.54,00:21:59,42.37,42.37,,,
73736,ihealth-cluster,mgonzalez/mgonzalez,CANCELLED (exit code 0),1,20,02:35:42,89.48,00:08:42,42.26,42.26,,,
73737,ihealth-cluster,mgonzalez/mgonzalez,COMPLETED (exit code 0),1,20,06:49:39,86.73,00:23:37,42.37,42.37,,,
73738,ihealth-cluster,mgonzalez/mgonzalez,COMPLETED (exit code 0),1,20,07:03:42,86.47,00:24:30,42.37,42.37,,,
73739,ihealth-cluster,bllancao/bllancao,FAILED (exit code 1),1,2,00:00:06,42.86,00:00:07,3.36 MB,0.03,,,
73740,ihealth-cluster,bllancao/bllancao,COMPLETED (exit code 0),1,2,00:00:11,55.00,00:00:10,1.22 MB,0.01,,,
73741,ihealth-cluster,bllancao/bllancao,COMPLETED (exit code 0),1,2,00:00:10,50.00,00:00:10,1.14 MB,0.01,,,
73742,ihealth-cluster,nagarrido/nagarrido,COMPLETED (exit code 0),1,20,00:00:17,4.47,00:00:19,170.52 MB,0.21,,,
73743,ihealth-cluster,bllancao/bllancao,COMPLETED (exit code 0),1,20,2-00:48:53,49.46,04:56:06,64.33,64.33,,,
73744,ihealth-cluster,bllancao/bllancao,COMPLETED (exit code 0),1,20,2-16:18:02,46.16,06:57:56,63.91,63.91,,,
73745,ihealth-cluster,bllancao/bllancao,CANCELLED (exit code 0),,,00:00:00,0.00,00:00:00,0.00 MB (estimated maximum),0.00,1,,
73746,ihealth-cluster,mgonzalez/mgonzalez,TIMEOUT (exit code 0),1,2,00:28:55,24.00,01:00:15,3.29,16.45,,,
73747,ihealth-cluster,nagarrido/nagarrido,COMPLETED (exit code 0),1,20,00:00:16,4.71,00:00:17,503.57 MB,0.61,,,
73748,ihealth-cluster,nagarrido/nagarrido,COMPLETED (exit code 0),1,20,7-21:09:46,44.91,21:03:42,65.02,81.28,,,
73749,ihealth-cluster,jaerrandonea/jaerrandonea,FAILED (exit code 1),1,20,00:00:20,5.56,00:00:18,606.81 MB,0.59,,,
73750,ihealth-cluster,jaerrandonea/jaerrandonea,CANCELLED (exit code 0),1,20,00:30:06,13.79,00:10:55,5.09,5.09,,,
73751,ihealth-cluster,vruizval/vruizval,FAILED (exit code 1),1,12,00:00:01,8.33,00:00:01,288.00 KB,0.00,,,
73752,ihealth-cluster,vruizval/vruizval,FAILED (exit code 1),1,12,16:15:29,83.86,01:36:56,12.16,24.31,,,
73753,ihealth-cluster,vruizval/vruizval,FAILED (exit code 1),1,12,00:00:09,8.33,00:00:09,699.79 MB,1.37,,,
73754,ihealth-cluster,vruizval/vruizval,FAILED (exit code 1),1,12,00:00:01,8.33,00:00:01,396.00 KB,0.00,,,
73755,ihealth-cluster,vruizval/vruizval,FAILED (exit code 1),1,12,00:00:09,8.33,00:00:09,1.88,3.76,,,
73756,ihealth-cluster,vruizval/vruizval,FAILED (exit code 1),1,12,00:00:01,8.33,00:00:01,148.00 KB,0.00,,,
73757,ihealth-cluster,vruizval/vruizval,OUT_OF_MEMORY (exit code 0),1,12,01:38:48,38.81,00:21:13,49.68,99.35,,,
73758,ihealth-cluster,jaerrandonea/jaerrandonea,CANCELLED (exit code 0),1,20,00:39:39,17.39,00:11:24,9.60,9.60,,,
73759,ihealth-cluster,vruizval/vruizval,FAILED (exit code 1),1,12,00:00:09,9.38,00:00:08,11.41 MB,0.02,,,
73760,ihealth-cluster,vruizval/vruizval,COMPLETED (exit code 0),1,12,19:09:56,81.82,01:57:07,13.38,26.76,,,
73761,ihealth-cluster,dcampanini/dcampanini,COMPLETED (exit code 0),1,4,11:16:52,56.86,04:57:35,15.01,93.83,,,
73762,ihealth-cluster,vruizval/vruizval,COMPLETED (exit code 0),1,12,1-11:51:14,87.64,03:24:33,12.82,25.64,,,
73763,ihealth-cluster,vruizval/vruizval,FAILED (exit code 1),1,12,15:36:55,82.48,01:34:40,8.61,17.22,,,
73764,ihealth-cluster,blopezf/blopezf,FAILED (exit code 1),1,2,00:00:07,29.17,00:00:12,205.02 MB,0.50,,,
73765,ihealth-cluster,blopezf/blopezf,FAILED (exit code 1),1,2,00:00:06,33.33,00:00:09,183.32 MB,0.45,,,
73766,ihealth-cluster,blopezf/blopezf,FAILED (exit code 1),1,2,00:00:06,33.33,00:00:09,298.74 MB,0.73,,,
73767,ihealth-cluster,blopezf/blopezf,FAILED (exit code 1),1,2,00:03:39,53.41,00:03:25,764.09 MB,1.87,,,
73768,ihealth-cluster,cgrivera/cgrivera,FAILED (exit code 1),1,2,00:00:41,78.85,00:00:26,365.17 MB,1.78,,,
73769,ihealth-cluster,blopezf/blopezf,COMPLETED (exit code 0),1,2,00:09:50,54.33,00:09:03,728.61 MB,1.78,,,
73770,ihealth-cluster,cgrivera/cgrivera,FAILED (exit code 1),1,2,00:00:41,78.85,00:00:26,445.29 MB,2.17,,,
73771,ihealth-cluster,cgrivera/cgrivera,FAILED (exit code 1),1,2,00:00:00,0.00,00:05:55,0.00 MB (estimated maximum),0.00,,,
73772,ihealth-cluster,cgrivera/cgrivera,FAILED (exit code 1),1,2,00:00:43,86.00,00:00:25,6.07 MB,0.03,,,
73773,ihealth-cluster,jaerrandonea/jaerrandonea,COMPLETED (exit code 0),1,20,00:36:26,17.86,00:10:12,5.16,5.16,,,
73774,ihealth-cluster,cgrivera/cgrivera,COMPLETED (exit code 0),1,2,00:06:43,96.88,00:03:28,3.49,17.44,,,
73775,ihealth-cluster,cgrivera/cgrivera,COMPLETED (exit code 0),1,2,00:00:00,0.00,00:05:01,0.00 MB (estimated maximum),0.00,,,
73776,ihealth-cluster,cgrivera/cgrivera,COMPLETED (exit code 0),1,2,00:06:24,96.48,00:03:19,4.01,20.07,,,
73777,ihealth-cluster,cgrivera/cgrivera,FAILED (exit code 1),1,2,00:00:00,0.00,00:10:35,0.00 MB (estimated maximum),0.00,,,
73778,ihealth-cluster,cgrivera/cgrivera,FAILED (exit code 1),1,2,00:00:05,41.67,00:00:06,116.00 KB,0.00,,,
73779,ihealth-cluster,cgrivera/cgrivera,FAILED (exit code 1),1,2,00:00:05,31.25,00:00:08,55.26 MB,0.27,,,
73780,ihealth-cluster,cgrivera/cgrivera,FAILED (exit code 1),1,2,00:00:04,33.33,00:00:06,112.00 KB,0.00,,,
73781,ihealth-cluster,cgrivera/cgrivera,COMPLETED (exit code 0),1,2,00:06:38,96.60,00:03:26,3.77,18.84,,,
73782,ihealth-cluster,cgrivera/cgrivera,COMPLETED (exit code 0),1,2,00:06:42,95.71,00:03:30,3.63,18.16,,,
73783,ihealth-cluster,cgrivera/cgrivera,COMPLETED (exit code 0),1,2,00:06:32,96.55,00:03:23,3.38,16.89,,,
73784,ihealth-cluster,pamessina/pamessina,TIMEOUT (exit code 0),1,8,00:01:32,0.11,03:00:16,13.86,69.31,,,
73785,ihealth-cluster,cgrivera/cgrivera,COMPLETED (exit code 0),1,2,00:06:47,95.99,00:03:32,3.79,18.95,,,
73786,ihealth-cluster,cgrivera/cgrivera,COMPLETED (exit code 0),1,2,00:06:49,96.92,00:03:31,3.54,17.70,,,
73787,ihealth-cluster,cgrivera/cgrivera,COMPLETED (exit code 0),1,2,00:06:38,96.14,00:03:27,3.84,19.18,,,
73788,ihealth-cluster,cgrivera/cgrivera,COMPLETED (exit code 0),1,2,00:06:40,97.09,00:03:26,3.41,17.07,,,
73789,ihealth-cluster,cgrivera/cgrivera,COMPLETED (exit code 0),1,2,00:06:43,96.88,00:03:28,3.41,17.05,,,
73790,ihealth-cluster,cgrivera/cgrivera,COMPLETED (exit code 0),1,2,03:15:40,97.64,01:40:12,8.49,14.16,,,
73791,ihealth-cluster,cgrivera/cgrivera,COMPLETED (exit code 0),1,2,03:15:24,97.72,01:39:59,7.39,12.32,,,
73792,ihealth-cluster,cgrivera/cgrivera,COMPLETED (exit code 0),1,2,03:06:53,97.81,01:35:32,7.37,12.29,,,
73793,ihealth-cluster,cgrivera/cgrivera,COMPLETED (exit code 0),1,2,03:06:50,97.78,01:35:32,7.60,12.67,,,
73794,ihealth-cluster,cgrivera/cgrivera,COMPLETED (exit code 0),1,2,03:00:13,97.36,01:32:33,7.48,12.46,,,
73795,ihealth-cluster,cgrivera/cgrivera,COMPLETED (exit code 0),1,2,03:06:00,97.79,01:35:06,6.95,11.59,,,
73796,ihealth-cluster,cgrivera/cgrivera,COMPLETED (exit code 0),1,2,03:04:32,97.65,01:34:29,7.36,12.27,,,
73797,ihealth-cluster,cgrivera/cgrivera,COMPLETED (exit code 0),1,2,03:05:19,97.88,01:34:40,6.80,11.33,,,
73798,ihealth-cluster,cgrivera/cgrivera,COMPLETED (exit code 0),1,2,03:01:23,97.36,01:33:09,7.52,12.54,,,
73799,ihealth-cluster,cgrivera/cgrivera,COMPLETED (exit code 0),1,2,03:02:34,97.44,01:33:41,7.48,12.47,,,
73800,ihealth-cluster,pamessina/pamessina,CANCELLED (exit code 0),,,00:00:00,0.00,00:00:00,0.00 MB (estimated maximum),0.00,1,,
73801,ihealth-cluster,pamessina/pamessina,COMPLETED (exit code 0),1,8,00:10:28,13.51,00:09:41,37.10,57.97,,,
73802,ihealth-cluster,vruizval/vruizval,FAILED (exit code 1),1,12,19:50:18,84.92,01:56:48,12.01,24.02,,,
73803,ihealth-cluster,bllancao/bllancao,COMPLETED (exit code 0),1,2,00:00:14,50.00,00:00:14,96.13 MB,0.94,,,
73804,ihealth-cluster,bllancao/bllancao,CANCELLED (exit code 0),,,00:00:00,0.00,00:00:00,0.00 MB (estimated maximum),0.00,1,,
73805,ihealth-cluster,mgonzalez/mgonzalez,COMPLETED (exit code 0),1,20,02:20:10,89.09,00:07:52,30.42,30.42,,,
73806,ihealth-cluster,bllancao/bllancao,FAILED (exit code 1),1,20,00:00:17,5.31,00:00:16,7.55 MB,0.01,,,
73807,ihealth-cluster,bllancao/bllancao,FAILED (exit code 1),1,20,00:00:16,5.33,00:00:15,1.06 MB,0.00,,,
73808,ihealth-cluster,vruizval/vruizval,COMPLETED (exit code 0),1,12,17:33:17,77.41,01:53:23,11.47,22.95,,,
73809,ihealth-cluster,pamessina/pamessina,TIMEOUT (exit code 0),1,8,00:00:01,0.00,03:00:09,73.33 MB,0.36,,,
73810,ihealth-cluster,pamessina/pamessina,COMPLETED (exit code 0),1,8,00:10:17,14.05,00:09:09,32.03,50.05,,,
73811,ihealth-cluster,pamessina/pamessina,COMPLETED (exit code 0),1,8,00:09:36,13.98,00:08:35,31.90,49.84,,,
73812,ihealth-cluster,pamessina/pamessina,COMPLETED (exit code 0),1,8,00:09:28,14.00,00:08:27,30.45,47.59,,,
73813,ihealth-cluster,pamessina/pamessina,CANCELLED (exit code 0),1,8,00:15:28,21.52,00:08:59,58.94,92.10,,,
73814,ihealth-cluster,bllancao/bllancao,COMPLETED (exit code 0),1,2,00:00:10,50.00,00:00:10,1.13 MB,0.01,,,
73815,ihealth-cluster,bllancao/bllancao,CANCELLED (exit code 0),1,20,00:06:17,44.88,00:00:42,13.06,13.06,,,
73816,ihealth-cluster,bllancao/bllancao,COMPLETED (exit code 0),1,20,3-06:54:25,46.50,08:29:07,64.47,64.47,,,
73817,ihealth-cluster,bllancao/bllancao,RUNNING,1,20,00:00:00,0.00,03:31:23,0.00 MB (estimated maximum),0.00,,,Efficiency statistics may be misleading for RUNNING jobs.
73818,ihealth-cluster,pamessina/pamessina,TIMEOUT (exit code 0),1,8,00:00:12,0.01,03:00:03,229.75 MB,1.12,,,
73819,ihealth-cluster,vruizval/vruizval,FAILED (exit code 1),1,12,00:00:17,7.87,00:00:18,124.68 MB,0.24,,,
73820,ihealth-cluster,vruizval/vruizval,FAILED (exit code 1),1,12,00:00:08,9.52,00:00:07,160.89 MB,0.31,,,
73821,ihealth-cluster,vruizval/vruizval,FAILED (exit code 1),1,12,00:00:16,8.33,00:00:16,1.85,3.71,,,
73822,ihealth-cluster,vruizval/vruizval,FAILED (exit code 1),1,12,00:00:52,10.08,00:00:43,2.56,5.13,,,
73823,ihealth-cluster,vruizval/vruizval,COMPLETED (exit code 0),1,12,18:54:39,81.85,01:55:31,13.01,26.01,,,
73824,ihealth-cluster,vruizval/vruizval,COMPLETED (exit code 0),1,12,17:47:23,81.48,01:49:10,16.42,32.83,,,
73825,ihealth-cluster,vruizval/vruizval,COMPLETED (exit code 0),1,12,20:05:48,83.79,01:59:55,13.13,26.27,,,
73826,ihealth-cluster,vruizval/vruizval,COMPLETED (exit code 0),1,12,20:16:09,84.93,01:59:20,12.15,24.29,,,
73827,ihealth-cluster,vruizval/vruizval,COMPLETED (exit code 0),1,12,20:05:43,84.37,01:59:05,11.91,23.83,,,
73828,ihealth-cluster,cgrivera/cgrivera,COMPLETED (exit code 0),1,2,00:00:58,78.38,00:00:37,2.52,12.58,,,
73829,ihealth-cluster,cgrivera/cgrivera,COMPLETED (exit code 0),1,2,00:01:00,81.08,00:00:37,2.45,12.25,,,
73830,ihealth-cluster,cgvallea/cgvallea,FAILED (exit code 1),1,10,00:00:06,6.67,00:00:09,526.65 MB,1.29,,,
73831,ihealth-cluster,cgvallea/cgvallea,FAILED (exit code 1),1,10,00:00:56,18.06,00:00:31,1.85,4.63,,,
73832,ihealth-cluster,cgvallea/cgvallea,FAILED (exit code 1),1,10,00:00:05,10.00,00:00:05,508.00 KB,0.00,,,
73833,ihealth-cluster,cgvallea/cgvallea,FAILED (exit code 1),1,10,00:00:53,22.08,00:00:24,740.00 KB,0.00,,,
73834,ihealth-cluster,cgvallea/cgvallea,FAILED (exit code 1),1,10,00:00:05,10.00,00:00:05,668.00 KB,0.00,,,
73835,ihealth-cluster,cgvallea/cgvallea,FAILED (exit code 1),1,10,00:00:52,20.80,00:00:25,604.00 KB,0.00,,,
73836,ihealth-cluster,cgrivera/cgrivera,COMPLETED (exit code 0),1,2,00:01:00,81.08,00:00:37,2.44,12.20,,,
73837,ihealth-cluster,cgvallea/cgvallea,FAILED (exit code 1),1,10,00:00:50,20.83,00:00:24,648.00 KB,0.00,,,
73838,ihealth-cluster,cgvallea/cgvallea,FAILED (exit code 1),1,10,00:00:52,21.67,00:00:24,556.00 KB,0.00,,,
73839,ihealth-cluster,cgvallea/cgvallea,COMPLETED (exit code 0),1,10,01:37:48,66.53,00:14:42,26.26,65.66,,,
73840,ihealth-cluster,cgrivera/cgrivera,COMPLETED (exit code 0),1,2,00:01:02,81.58,00:00:38,2.50,12.52,,,
73841,ihealth-cluster,nagarrido/nagarrido,COMPLETED (exit code 0),1,20,00:25:16,50.53,00:02:30,25.96,32.44,,,
73842,ihealth-cluster,nagarrido/nagarrido,COMPLETED (exit code 0),1,20,00:26:34,53.49,00:02:29,29.34,36.67,,,
73843,ihealth-cluster,cgrivera/cgrivera,COMPLETED (exit code 0),1,2,00:00:59,79.73,00:00:37,3.20,15.99,,,
73844,ihealth-cluster,cgvallea/cgvallea,CANCELLED (exit code 0),1,10,00:00:54,20.77,00:00:26,7.49,18.73,,,
73845,ihealth-cluster,cgvallea/cgvallea,COMPLETED (exit code 0),1,10,01:36:42,68.83,00:14:03,17.11,42.78,,,
73846,ihealth-cluster,cgvallea/cgvallea,FAILED (exit code 1),1,10,00:42:23,65.88,00:06:26,16.75,41.89,,,
73847,ihealth-cluster,nagarrido/nagarrido,CANCELLED (exit code 0),1,20,00:00:00,0.00,00:00:00,32.00 KB,0.00,,,
73848,ihealth-cluster,nagarrido/nagarrido,CANCELLED (exit code 0),1,20,00:00:00,0.00,00:00:00,0.00 MB (estimated maximum),0.00,,,
73849,ihealth-cluster,nagarrido/nagarrido,RUNNING,1,20,00:00:00,0.00,20:12:27,0.00 MB (estimated maximum),0.00,,,Efficiency statistics may be misleading for RUNNING jobs.
73850,ihealth-cluster,nagarrido/nagarrido,RUNNING,1,20,00:00:00,0.00,20:05:46,0.00 MB (estimated maximum),0.00,,,Efficiency statistics may be misleading for RUNNING jobs.
73851,ihealth-cluster,cgvallea/cgvallea,CANCELLED (exit code 0),1,2,00:01:12,0.39,02:34:31,1.88,94.25,,,
73852,ihealth-cluster,mgonzalez/mgonzalez,OUT_OF_MEMORY (exit code 0),1,2,00:04:06,44.57,00:04:36,19.97,99.86,,,
73853,ihealth-cluster,cgrivera/cgrivera,COMPLETED (exit code 0),1,2,00:01:02,77.50,00:00:40,2.92,14.59,,,
73854,ihealth-cluster,cgrivera/cgrivera,COMPLETED (exit code 0),1,2,00:01:07,81.71,00:00:41,2.84,14.22,,,
73855,ihealth-cluster,debuguser/debuguser,FAILED (exit code 1),1,2,00:00:04,28.57,00:00:07,379.24 MB,4.63,,,
73856,ihealth-cluster,debuguser/debuguser,CANCELLED (exit code 0),1,2,00:00:14,77.78,00:00:09,2.05,25.67,,,
73857,ihealth-cluster,cgrivera/cgrivera,FAILED (exit code 1),1,2,00:00:05,35.71,00:00:07,5.27 MB,0.03,,,
73858,ihealth-cluster,cgrivera/cgrivera,COMPLETED (exit code 0),1,2,00:01:04,80.00,00:00:40,2.69,13.43,,,
73859,ihealth-cluster,cgrivera/cgrivera,COMPLETED (exit code 0),1,2,00:01:02,75.61,00:00:41,2.93,14.64,,,
73860,ihealth-cluster,cgvallea/cgvallea,FAILED (exit code 1),1,10,00:00:05,12.50,00:00:04,744.00 KB,0.00,,,
73861,ihealth-cluster,cgvallea/cgvallea,FAILED (exit code 1),1,10,00:01:37,16.17,00:01:00,4.05,10.12,,,
73862,ihealth-cluster,cgvallea/cgvallea,FAILED (exit code 1),1,10,00:01:33,15.25,00:01:01,3.99,9.96,,,
73863,ihealth-cluster,cgvallea/cgvallea,CANCELLED (exit code 0),1,2,00:00:11,0.32,00:28:37,992.27 MB,12.11,,,
73864,ihealth-cluster,cgvallea/cgvallea,COMPLETED (exit code 0),1,10,00:01:35,15.83,00:01:00,4.04,10.10,,,
73865,ihealth-cluster,vruizval/vruizval,COMPLETED (exit code 0),1,12,17:11:59,81.07,01:46:05,12.92,25.84,,,
73866,ihealth-cluster,vruizval/vruizval,COMPLETED (exit code 0),1,12,16:58:51,85.63,01:39:09,11.52,23.03,,,
73867,ihealth-cluster,vruizval/vruizval,COMPLETED (exit code 0),1,12,18:41:55,80.11,01:56:42,10.45,20.89,,,
73868,ihealth-cluster,cgvallea/cgvallea,CANCELLED (exit code 0),,,00:00:00,0.00,00:00:00,0.00 MB (estimated maximum),0.00,1,,
73869,ihealth-cluster,cgvallea/cgvallea,CANCELLED (exit code 0),,,00:00:00,0.00,00:00:00,0.00 MB (estimated maximum),0.00,1,,
73870,ihealth-cluster,cgvallea/cgvallea,FAILED (exit code 1),1,2,00:01:04,66.67,00:00:48,6.85,85.57,,,
73871,ihealth-cluster,cgvallea/cgvallea,FAILED (exit code 1),1,2,00:01:02,64.58,00:00:48,6.67,83.32,,,
73872,ihealth-cluster,cgvallea/cgvallea,FAILED (exit code 1),1,2,00:01:03,64.29,00:00:49,6.45,80.63,,,
73873,ihealth-cluster,cgvallea/cgvallea,FAILED (exit code 1),1,2,00:01:02,64.58,00:00:48,6.66,83.23,,,
73874,ihealth-cluster,cgvallea/cgvallea,FAILED (exit code 1),1,2,00:01:05,67.71,00:00:48,6.57,82.12,,,
73875,ihealth-cluster,cgvallea/cgvallea,OUT_OF_MEMORY (exit code 0),1,2,00:01:01,64.89,00:00:47,6.67,83.42,,,
73876,ihealth-cluster,cgrivera/cgrivera,FAILED (exit code 1),1,2,00:00:03,37.50,00:00:04,38.67 MB,3.78,,,
73877,ihealth-cluster,cgvallea/cgvallea,CANCELLED (exit code 0),,,00:00:00,0.00,00:00:00,0.00 MB (estimated maximum),0.00,1,,
73878,ihealth-cluster,cgrivera/cgrivera,COMPLETED (exit code 0),1,2,00:00:03,30.00,00:00:05,250.30 MB,24.44,,,
73879,ihealth-cluster,cgvallea/cgvallea,FAILED (exit code 1),1,10,00:00:05,16.67,00:00:03,344.00 KB,0.00,,,
73880,ihealth-cluster,cgvallea/cgvallea,CANCELLED (exit code 0),1,10,1-00:28:13,15.35,15:56:19,19.05,47.62,,,
73881,ihealth-cluster,cgvallea/cgvallea,FAILED (exit code 1),1,10,00:00:05,12.50,00:00:04,356.00 KB,0.00,,,
73882,ihealth-cluster,cgrivera/cgrivera,CANCELLED (exit code 0),,,00:00:00,0.00,00:00:00,0.00 MB (estimated maximum),0.00,1,,
73883,ihealth-cluster,cgrivera/cgrivera,COMPLETED (exit code 0),1,2,00:00:04,40.00,00:00:05,40.66 MB,3.97,,,
73884,ihealth-cluster,cgrivera/cgrivera,FAILED (exit code 127),1,2,00:00:00,0.00,00:00:01,132.00 KB,0.00,,,
73885,ihealth-cluster,cgrivera/cgrivera,COMPLETED (exit code 0),1,2,00:00:04,40.00,00:00:05,27.41 MB,2.68,,,
73886,ihealth-cluster,cgrivera/cgrivera,TIMEOUT (exit code 0),1,2,00:00:00,0.00,00:05:17,76.00 KB,0.00,,,
73887,ihealth-cluster,cgrivera/cgrivera,FAILED (exit code 1),1,2,01:47:51,66.10,01:21:35,2.47,12.37,,,
73888,ihealth-cluster,vruizval/vruizval,COMPLETED (exit code 0),1,12,17:47:07,83.36,01:46:41,11.32,22.63,,,
73889,ihealth-cluster,vruizval/vruizval,COMPLETED (exit code 0),1,12,17:35:11,80.39,01:49:23,12.00,24.01,,,
73890,ihealth-cluster,vruizval/vruizval,COMPLETED (exit code 0),1,12,16:31:51,80.82,01:42:16,11.73,23.46,,,
73891,ihealth-cluster,cgvallea/cgvallea,COMPLETED (exit code 0),1,10,1-14:12:09,71.66,05:19:51,25.71,64.28,,,
73892,ihealth-cluster,cgrivera/cgrivera,COMPLETED (exit code 0),1,2,00:01:05,77.38,00:00:42,3.18,15.91,,,
73893,ihealth-cluster,mgonzalez/mgonzalez,OUT_OF_MEMORY (exit code 0),1,2,00:04:29,47.86,00:04:41,19.97,99.86,,,
73894,ihealth-cluster,mgonzalez/mgonzalez,FAILED (exit code 1),1,2,02:31:32,41.90,03:00:50,29.97,99.90,,,
73895,ihealth-cluster,jacastro/jacastro,CANCELLED (exit code 0),1,4,01:18:37,14.75,02:13:13,4.94,61.75,,,
73896,ihealth-cluster,cgrivera/cgrivera,FAILED (exit code 1),1,2,00:00:10,45.45,00:00:11,294.26 MB,1.44,,,
73897,ihealth-cluster,cgrivera/cgrivera,FAILED (exit code 1),1,2,00:00:09,45.00,00:00:10,208.00 KB,0.00,,,
73898,ihealth-cluster,cgrivera/cgrivera,COMPLETED (exit code 0),1,2,00:01:02,83.78,00:00:37,2.53,12.66,,,
73899,ihealth-cluster,cgrivera/cgrivera,COMPLETED (exit code 0),1,2,00:01:17,85.56,00:00:45,2.59,12.96,,,
73900,ihealth-cluster,vruizval/vruizval,FAILED (exit code 1),1,12,00:00:09,7.50,00:00:10,102.74 MB,0.20,,,
73901,ihealth-cluster,jacastro/jacastro,FAILED (exit code 1),1,4,00:35:41,33.73,00:26:27,1.79,11.21,,,
73902,ihealth-cluster,jacastro/jacastro,TIMEOUT (exit code 0),1,4,00:00:03,0.01,03:00:00,130.36 MB,1.59,,,
73903,ihealth-cluster,bllancao/bllancao,COMPLETED (exit code 0),1,2,00:00:12,46.15,00:00:13,349.53 MB,3.41,,,
73904,ihealth-cluster,bllancao/bllancao,FAILED (exit code 1),1,20,00:00:16,5.71,00:00:14,5.59 MB,0.01,,,
73905,ihealth-cluster,bllancao/bllancao,CANCELLED (exit code 0),1,20,04:01:40,61.86,00:19:32,51.23,51.23,,,
73906,ihealth-cluster,bllancao/bllancao,RUNNING,1,20,00:00:00,0.00,00:12:25,0.00 MB (estimated maximum),0.00,,,Efficiency statistics may be misleading for RUNNING jobs.
73907,ihealth-cluster,cgvallea/cgvallea,CANCELLED (exit code 0),1,2,00:03:29,3.29,00:52:52,7.93,99.09,,,
73908,ihealth-cluster,nagarrido/nagarrido,PENDING,,,,,,,,1,,
73909,ihealth-cluster,cgvallea/cgvallea,FAILED (exit code 1),1,10,00:00:05,10.00,00:00:05,89.46 MB,0.22,,,
